Handle,Title,Body (HTML),Vendor,Product Category,Type,Tags,Published,Option1 Name,Option1 Value,Option1 Linked To,Option2 Name,Option2 Value,Option2 Linked To,Option3 Name,Option3 Value,Option3 Linked To,Variant SKU,Variant Grams,Variant Inventory Tracker,Variant Inventory Qty,Variant Inventory Policy,Variant Fulfillment Service,Variant Price,Variant Compare At Price,Variant Requires Shipping,Variant Taxable,Unit Price Total Measure,Unit Price Total Measure Unit,Unit Price Base Measure,Unit Price Base Measure Unit,Variant Barcode,Image Src,Image Position,Image Alt Text,Gift Card,SEO Title,SEO Description,Age (product.metafields.custom.age),Brand (product.metafields.custom.brand),Color (product.metafields.shopify.color-pattern),Earring design (product.metafields.shopify.earring-design),Jewelry material (product.metafields.shopify.jewelry-material),Jewelry type (product.metafields.shopify.jewelry-type),Complementary products (product.metafields.shopify--discovery--product_recommendation.complementary_products),Related products (product.metafields.shopify--discovery--product_recommendation.related_products),Related products settings (product.metafields.shopify--discovery--product_recommendation.related_products_display),Search product boosts (product.metafields.shopify--discovery--product_search_boost.queries),Variant Image,Variant Weight Unit,Variant Tax Code,Cost per item,Status
eg15229svjws,Silver Earrings,Sterling Silver 925 Earrings<br>Style: Bujukan Stack White Sapphire<br>Sapphire Carat Weight: 0.61CT<br>S1976344 #18,Gabriel & Co,Apparel & Accessories > Jewelry > Earrings,Earrings,"Anniversary, Birthday, Category 645, Everyday, For Her, For Mom, Gift, Helios Migrated, Round, Stackable, Statement",true,Material,Sterling Silver,,Stone Type,Birthstone,,Metal Color,Silver,,EG15229SVJWS,0.0,shopify,0,deny,manual,575.00,,true,true,,,,,,https://raw.githubusercontent.com/rishs-afk/JoharProductReview/main/shopify_upload/matched_images/EG15229SVJWS-1.jpg,1,Silver Earrings,false,Silver Earrings,,509,Gabriel & Co.,,,,,,,,,,g,,170.00,active
eg15229svjws,,,,,,,,,,,,,,,,,,,,,,,,,,,,,,,,https://raw.githubusercontent.com/rishs-afk/JoharProductReview/main/shopify_upload/matched_images/EG15229SVJWS-2.jpg,2,Silver Earrings,,,,,,,,,,,,,,,,,,
eg15107svjws,Silver Earrings,Sterling Silver 925 Inifinity Studs<br>White Sapphire Carat Weight: 0.58CT<br>S1976349 #17,Gabriel & Co,Apparel & Accessories > Jewelry > Earrings,Earrings,"Anniversary, Birthday, Category 645, Everyday, For Her, For Mom, Gift, Helios Migrated, Round, Stackable, Statement, Stud",true,Material,Sterling Silver,,Stone Type,Birthstone,,Metal Color,Silver,,EG15107SVJWS,0.0,shopify,0,deny,manual,345.00,,true,true,,,,,,https://raw.githubusercontent.com/rishs-afk/JoharProductReview/main/shopify_upload/matched_images/EG15107SVJWS-1.jpg,1,Silver Earrings,false,Silver Earrings,,509,Gabriel & Co.,,,,,,,,,,g,,110.00,active
eg15107svjws,,,,,,,,,,,,,,,,,,,,,,,,,,,,,,,,https://raw.githubusercontent.com/rishs-afk/JoharProductReview/main/shopify_upload/matched_images/EG15107SVJWS-2.jpg,2,Silver Earrings,,,,,,,,,,,,,,,,,,
eg14995svjpb,Silver Earrings,925 Sterling Silver Huggies<br>Bujukan Pearl Huggies<br>Earring Size: 15 mm<br>S1973349 #16,Gabriel & Co,Apparel & Accessories > Jewelry > Earrings,Earrings,"Anniversary, Birthday, Category 645, Everyday, For Her, For Mom, Gift, Helios Migrated, Stackable",true,Material,Sterling Silver,,Stone Type,Pearls,,Metal Color,Silver,,EG14995SVJPB,0.0,shopify,0,deny,manual,240.00,,true,true,,,,,,https://raw.githubusercontent.com/rishs-afk/JoharProductReview/main/shopify_upload/matched_images/EG14995SVJPB-1.jpg,1,Silver Earrings,false,Silver Earrings,,509,Gabriel & Co.,,,,,,,,,,g,,71.00,active
eg14995svjpb,,,,,,,,,,,,,,,,,,,,,,,,,,,,,,,,https://raw.githubusercontent.com/rishs-afk/JoharProductReview/main/shopify_upload/matched_images/EG14995SVJPB-2.jpg,2,Silver Earrings,,,,,,,,,,,,,,,,,,
eg14660svjjj,Silver Earrings,925 Sterling Silver Hoops<br>Bujukan Hoops<br>Hoop Size: 20 mm<br>S1976120 #14,Gabriel & Co,Apparel & Accessories > Jewelry > Earrings,Earrings,"Anniversary, Birthday, Category 645, Everyday, For Her, For Mom, Gift, Helios Migrated, Hoop, Stackable",true,Material,Sterling Silver,,Metal Color,Silver,,,,,EG14660SVJJJ,0.0,shopify,0,deny,manual,255.00,,true,true,,,,,,https://raw.githubusercontent.com/rishs-afk/JoharProductReview/main/shopify_upload/matched_images/EG14660SVJJJ-1.jpg,1,Silver Earrings,false,Silver Earrings,,509,Gabriel & Co.,,,,,,,,,,g,,67.00,active
eg14660svjjj,,,,,,,,,,,,,,,,,,,,,,,,,,,,,,,,https://raw.githubusercontent.com/rishs-afk/JoharProductReview/main/shopify_upload/matched_images/EG14660SVJJJ-2.jpg,2,Silver Earrings,,,,,,,,,,,,,,,,,,
eg14647svjbs,Silver Earrings,Sterling Silver 925 Black Spinel Dangle Earrings<br>Black Spinel Carat Weight: 0.18CT<br>S1976348 #13,Gabriel & Co,Apparel & Accessories > Jewelry > Earrings,Earrings,"Anniversary, Birthday, Category 645, Drop/Dangle, Everyday, For Her, For Mom, Gift, Helios Migrated, Stackable, Statement",true,Material,Sterling Silver,,Metal Color,Silver,,,,,EG14647SVJBS,0.0,shopify,0,deny,manual,430.00,,true,true,,,,,,https://raw.githubusercontent.com/rishs-afk/JoharProductReview/main/shopify_upload/matched_images/EG14647SVJBS-1.jpg,1,Silver Earrings,false,Silver Earrings,,509,Gabriel & Co.,,,,,,,,,,g,,121.00,active
eg14647svjbs,,,,,,,,,,,,,,,,,,,,,,,,,,,,,,,,https://raw.githubusercontent.com/rishs-afk/JoharProductReview/main/shopify_upload/matched_images/EG14647SVJBS-2.jpg,2,Silver Earrings,,,,,,,,,,,,,,,,,,
eg14647svjbs,,,,,,,,,,,,,,,,,,,,,,,,,,,,,,,,https://raw.githubusercontent.com/rishs-afk/JoharProductReview/main/shopify_upload/matched_images/EG14647SVJBS-3.jpg,3,Silver Earrings,,,,,,,,,,,,,,,,,,
eg14629svjjj,Silver Earrings,925 Sterling Silver Huggies<br>Bujukan Huggies<br>S1975636  #11,Gabriel & Co,Apparel & Accessories > Jewelry > Earrings,Earrings,"Anniversary, Birthday, Category 645, Everyday, For Her, For Mom, Gift, Helios Migrated, Stackable",true,Material,Sterling Silver,,Metal Color,Silver,,,,,EG14629SVJJJ,0.0,shopify,0,deny,manual,225.00,,true,true,,,,,,https://raw.githubusercontent.com/rishs-afk/JoharProductReview/main/shopify_upload/matched_images/EG14629SVJJJ-1.jpg,1,Silver Earrings,false,Silver Earrings,,509,Gabriel & Co.,,,,,,,,,,g,,73.00,active
eg14629svjjj,,,,,,,,,,,,,,,,,,,,,,,,,,,,,,,,https://raw.githubusercontent.com/rishs-afk/JoharProductReview/main/shopify_upload/matched_images/EG14629SVJJJ-2.jpg,2,Silver Earrings,,,,,,,,,,,,,,,,,,
eg14165svjjj,Silver Earrings,925 Sterling Silver Huggie<br>Bujukan Huggies<br>S1940823 #9,Gabriel & Co,Apparel & Accessories > Jewelry > Earrings,Earrings,"Anniversary, Birthday, Category 645, Everyday, For Her, For Mom, Gift, Helios Migrated, Stackable",true,Material,Sterling Silver,,Metal Color,Silver,,,,,EG14165SVJJJ,0.0,shopify,0,deny,manual,280.00,,true,true,,,,,,https://raw.githubusercontent.com/rishs-afk/JoharProductReview/main/shopify_upload/matched_images/EG14165SVJJJ-1.jpg,1,Silver Earrings,false,Silver Earrings,,509,Gabriel & Co.,,,,,,,,,,g,,75.00,active
eg14165svjjj,,,,,,,,,,,,,,,,,,,,,,,,,,,,,,,,https://raw.githubusercontent.com/rishs-afk/JoharProductReview/main/shopify_upload/matched_images/EG14165SVJJJ-2.jpg,2,Silver Earrings,,,,,,,,,,,,,,,,,,
eg14001svjjj,Silver Earrings,925 Sterling Silver Earrings<br>Style: Bujukan Twisted Hoops<br>S1981306 #7,Gabriel & Co,Apparel & Accessories > Jewelry > Earrings,Earrings,"Anniversary, Birthday, Category 645, Everyday, For Her, For Mom, Gift, Helios Migrated, Hoop, Stackable",true,Material,Sterling Silver,,Metal Color,Silver,,,,,EG14001SVJJJ,0.0,shopify,0,deny,manual,150.00,,true,true,,,,,,https://raw.githubusercontent.com/rishs-afk/JoharProductReview/main/shopify_upload/matched_images/EG14001SVJJJ-1.jpg,1,Silver Earrings,false,Silver Earrings,,509,Gabriel & Co.,,,,,,,,,,g,,44.00,active
eg14001svjjj,,,,,,,,,,,,,,,,,,,,,,,,,,,,,,,,https://raw.githubusercontent.com/rishs-afk/JoharProductReview/main/shopify_upload/matched_images/EG14001SVJJJ-2.jpg,2,Silver Earrings,,,,,,,,,,,,,,,,,,
eg13994svjjj,Silver Earrings,925 Sterling Silver Earring<br>Style: Twisted Hoops 22mm<br>S1980758 #6,Gabriel & Co,Apparel & Accessories > Jewelry > Earrings,Earrings,"Anniversary, Birthday, Category 645, Everyday, For Her, For Mom, Gift, Helios Migrated, Hoop, Stackable",true,Material,Sterling Silver,,Metal Color,Silver,,,,,EG13994SVJJJ,0.0,shopify,0,deny,manual,145.00,,true,true,,,,,,https://raw.githubusercontent.com/rishs-afk/JoharProductReview/main/shopify_upload/matched_images/EG13994SVJJJ-1.jpg,1,Silver Earrings,false,Silver Earrings,,509,Gabriel & Co.,,,,,,,,,,g,,44.00,active
eg13994svjjj,,,,,,,,,,,,,,,,,,,,,,,,,,,,,,,,https://raw.githubusercontent.com/rishs-afk/JoharProductReview/main/shopify_upload/matched_images/EG13994SVJJJ-2.jpg,2,Silver Earrings,,,,,,,,,,,,,,,,,,
eg13539svjws,Silver Earrings,Sterling Silver 925 Hoops<br>Twisted 15mm with White Sapphire<br>Sapphire Carat Weight: 0.41ct<br>S1946844 #5,Gabriel & Co,Apparel & Accessories > Jewelry > Earrings,Earrings,"Anniversary, Birthday, Category 645, Everyday, For Her, For Mom, Gift, Helios Migrated, Hoop, Round, Stackable",true,Material,Sterling Silver,,Stone Type,Birthstone,,Metal Color,Silver,,EG13539SVJWS,0.0,shopify,0,deny,manual,445.00,,true,true,,,,,,https://raw.githubusercontent.com/rishs-afk/JoharProductReview/main/shopify_upload/matched_images/EG13539SVJWS-1.jpg,1,Silver Earrings,false,Silver Earrings,,509,Gabriel & Co.,,,,,,,,,,g,,143.00,active
eg13539svjws,,,,,,,,,,,,,,,,,,,,,,,,,,,,,,,,https://raw.githubusercontent.com/rishs-afk/JoharProductReview/main/shopify_upload/matched_images/EG13539SVJWS-2.jpg,2,Silver Earrings,,,,,,,,,,,,,,,,,,
pcm6578svjjj,Silver Charms/Pendants,Contemporary Collection<br>925 Sterling Silver<br>Geometric Cross Pendant<br>S2149552 #4,Gabriel & Co,Apparel & Accessories > Jewelry > Charms & Pendants,Charms,"Anniversary, Birthday, Category 640, Everyday, For Dad, For Him, Gift, Helios Migrated, Statement",true,Material,Sterling Silver,,Metal Color,Silver,,,,,PCM6578SVJJJ,0.0,shopify,0,deny,manual,250.00,,true,true,,,,,,https://raw.githubusercontent.com/rishs-afk/JoharProductReview/main/shopify_upload/matched_images/PCM6578SVJJJ-5.jpg,1,Silver Charms/Pendants,false,Silver Charms/Pendants,,173,Gabriel & Co.,,,,,,,,,,g,,86.00,active
pcm6578svjjj,,,,,,,,,,,,,,,,,,,,,,,,,,,,,,,,https://raw.githubusercontent.com/rishs-afk/JoharProductReview/main/shopify_upload/matched_images/PCM6578SVJJJ-2.jpg,2,Silver Charms/Pendants,,,,,,,,,,,,,,,,,,
pcm6578svjjj,,,,,,,,,,,,,,,,,,,,,,,,,,,,,,,,https://raw.githubusercontent.com/rishs-afk/JoharProductReview/main/shopify_upload/matched_images/PCM6578SVJJJ-1.jpg,3,Silver Charms/Pendants,,,,,,,,,,,,,,,,,,
pcm6578svjjj,,,,,,,,,,,,,,,,,,,,,,,,,,,,,,,,https://raw.githubusercontent.com/rishs-afk/JoharProductReview/main/shopify_upload/matched_images/PCM6578SVJJJ-3.jpg,4,Silver Charms/Pendants,,,,,,,,,,,,,,,,,,
pcm6578svjjj,,,,,,,,,,,,,,,,,,,,,,,,,,,,,,,,https://raw.githubusercontent.com/rishs-afk/JoharProductReview/main/shopify_upload/matched_images/PCM6578SVJJJ-4.jpg,5,Silver Charms/Pendants,,,,,,,,,,,,,,,,,,
pt6638svjmc,Silver Charms/Pendants,925 SS W SAPP &amp; MOP CHARM S1973378 #69,Gabriel & Co,Apparel & Accessories > Jewelry > Charms & Pendants,Charms,"Anniversary, Birthday, Category 640, Everyday, For Her, For Mom, Gift, Helios Migrated, Round, Stackable, Statement",true,Material,Sterling Silver,,Stone Type,"Birthstone, Pearls",,Metal Color,Unknown,,PT6638SVJMC,0.0,shopify,0,deny,manual,330.00,,true,true,,,,,,https://raw.githubusercontent.com/rishs-afk/JoharProductReview/main/shopify_upload/matched_images/PT6638SVJMC-2.jpg,1,Silver Charms/Pendants,false,Silver Charms/Pendants,,483,Gabriel & Co.,,,,,,,,,,g,,114.00,active
pt6638svjmc,,,,,,,,,,,,,,,,,,,,,,,,,,,,,,,,https://raw.githubusercontent.com/rishs-afk/JoharProductReview/main/shopify_upload/matched_images/PT6638SVJMC-1.jpg,2,Silver Charms/Pendants,,,,,,,,,,,,,,,,,,
pt6638svjmc,,,,,,,,,,,,,,,,,,,,,,,,,,,,,,,,https://raw.githubusercontent.com/rishs-afk/JoharProductReview/main/shopify_upload/matched_images/PT6638SVJMC-3.jpg,3,Silver Charms/Pendants,,,,,,,,,,,,,,,,,,
pt6638svjmc,,,,,,,,,,,,,,,,,,,,,,,,,,,,,,,,https://raw.githubusercontent.com/rishs-afk/JoharProductReview/main/shopify_upload/matched_images/PT6638SVJMC-4.jpg,4,Silver Charms/Pendants,,,,,,,,,,,,,,,,,,
pt6636svjmc,Silver Charms/Pendants,925 SS 24mm B Topaz &amp; W Sapp Charm S1973390 #58,Gabriel & Co,Apparel & Accessories > Jewelry > Charms & Pendants,Charms,"Anniversary, Birthday, Category 640, Everyday, For Her, For Mom, Gift, Helios Migrated, Round, Stackable, Statement",true,Material,Sterling Silver,,Stone Type,Birthstone,,Metal Color,Unknown,,PT6636SVJMC,0.0,shopify,0,deny,manual,320.00,,true,true,,,,,,https://raw.githubusercontent.com/rishs-afk/JoharProductReview/main/shopify_upload/matched_images/PT6636SVJMC-1.jpg,1,Silver Charms/Pendants,false,Silver Charms/Pendants,,483,Gabriel & Co.,,,,,,,,,,g,,107.00,active
pt6636svjmc,,,,,,,,,,,,,,,,,,,,,,,,,,,,,,,,https://raw.githubusercontent.com/rishs-afk/JoharProductReview/main/shopify_upload/matched_images/PT6636SVJMC-2.jpg,2,Silver Charms/Pendants,,,,,,,,,,,,,,,,,,
pt6636svjmc,,,,,,,,,,,,,,,,,,,,,,,,,,,,,,,,https://raw.githubusercontent.com/rishs-afk/JoharProductReview/main/shopify_upload/matched_images/PT6636SVJMC-3.jpg,3,Silver Charms/Pendants,,,,,,,,,,,,,,,,,,
pt6636svjmc,,,,,,,,,,,,,,,,,,,,,,,,,,,,,,,,https://raw.githubusercontent.com/rishs-afk/JoharProductReview/main/shopify_upload/matched_images/PT6636SVJMC-4.jpg,4,Silver Charms/Pendants,,,,,,,,,,,,,,,,,,
pt6639svjmc,Silver Charms/Pendants,925 SS 24MM BLUE &amp; WHITE SAPP CHARM S1973409 #57,Gabriel & Co,Apparel & Accessories > Jewelry > Charms & Pendants,Charms,"Anniversary, Birthday, Category 640, Everyday, For Her, For Mom, Gift, Helios Migrated, Round, Stackable, Statement",true,Material,Sterling Silver,,Stone Type,Birthstone,,Metal Color,Unknown,,PT6639SVJMC,0.0,shopify,0,deny,manual,675.00,,true,true,,,,,,https://raw.githubusercontent.com/rishs-afk/JoharProductReview/main/shopify_upload/matched_images/PT6639SVJMC-2.jpg,1,Silver Charms/Pendants,false,Silver Charms/Pendants,,483,Gabriel & Co.,,,,,,,,,,g,,171.00,active
pt6639svjmc,,,,,,,,,,,,,,,,,,,,,,,,,,,,,,,,https://raw.githubusercontent.com/rishs-afk/JoharProductReview/main/shopify_upload/matched_images/PT6639SVJMC-1.jpg,2,Silver Charms/Pendants,,,,,,,,,,,,,,,,,,
pt6639svjmc,,,,,,,,,,,,,,,,,,,,,,,,,,,,,,,,https://raw.githubusercontent.com/rishs-afk/JoharProductReview/main/shopify_upload/matched_images/PT6639SVJMC-3.jpg,3,Silver Charms/Pendants,,,,,,,,,,,,,,,,,,
pt6639svjmc,,,,,,,,,,,,,,,,,,,,,,,,,,,,,,,,https://raw.githubusercontent.com/rishs-afk/JoharProductReview/main/shopify_upload/matched_images/PT6639SVJMC-4.jpg,4,Silver Charms/Pendants,,,,,,,,,,,,,,,,,,
pt6639svjmc,,,,,,,,,,,,,,,,,,,,,,,,,,,,,,,,https://raw.githubusercontent.com/rishs-afk/JoharProductReview/main/shopify_upload/matched_images/PT6639SVJMC-5.jpg,5,Silver Charms/Pendants,,,,,,,,,,,,,,,,,,
nk7164svjbt,Silver Chains,925 Sterling Silver Pendant<br>Blue Topaz Pendant<br>Topaz Total Carat Weight: 0.72<br>S1963975 #42,Gabriel & Co,Apparel & Accessories > Jewelry > Necklaces,Necklaces,"Anniversary, Birthday, Category 600, Everyday, For Her, For Mom, Gift, Helios Migrated, Stackable, Statement",true,Material,Sterling Silver,,Stone Type,Birthstone,,Metal Color,Silver,,NK7164SVJBT,0.0,shopify,0,deny,manual,245.00,,true,true,,,,,,https://raw.githubusercontent.com/rishs-afk/JoharProductReview/main/shopify_upload/matched_images/NK7164SVJBT-2.jpg,1,Silver Chains,false,Silver Chains,,509,Gabriel & Co.,,,,,,,,,,g,,73.00,active
nk7164svjbt,,,,,,,,,,,,,,,,,,,,,,,,,,,,,,,,https://raw.githubusercontent.com/rishs-afk/JoharProductReview/main/shopify_upload/matched_images/NK7164SVJBT-1.jpg,2,Silver Chains,,,,,,,,,,,,,,,,,,
nk7164svjbt,,,,,,,,,,,,,,,,,,,,,,,,,,,,,,,,https://raw.githubusercontent.com/rishs-afk/JoharProductReview/main/shopify_upload/matched_images/NK7164SVJBT-3.jpg,3,Silver Chains,,,,,,,,,,,,,,,,,,
nk7098svjbs,Silver Chains,Sterling Silver 925 Circle Of Love Pendant<br>Black Spinel Carat Weight: 0.11<br>S1976126 #40,Gabriel & Co,Apparel & Accessories > Jewelry > Necklaces,Necklaces,"Anniversary, Birthday, Category 600, Everyday, For Her, For Mom, Gift, Helios Migrated, Statement",true,Material,Sterling Silver,,Stone Type,Birthstone,,Metal Color,Silver,,NK7098SVJBS,0.0,shopify,0,deny,manual,395.00,,true,true,,,,,,https://raw.githubusercontent.com/rishs-afk/JoharProductReview/main/shopify_upload/matched_images/NK7098SVJBS-2.jpg,1,Silver Chains,false,Silver Chains,,509,Gabriel & Co.,,,,,,,,,,g,,111.00,active
nk7098svjbs,,,,,,,,,,,,,,,,,,,,,,,,,,,,,,,,https://raw.githubusercontent.com/rishs-afk/JoharProductReview/main/shopify_upload/matched_images/NK7098SVJBS-1.jpg,2,Silver Chains,,,,,,,,,,,,,,,,,,
nk7098svjbs,,,,,,,,,,,,,,,,,,,,,,,,,,,,,,,,https://raw.githubusercontent.com/rishs-afk/JoharProductReview/main/shopify_upload/matched_images/NK7098SVJBS-3.jpg,3,Silver Chains,,,,,,,,,,,,,,,,,,
nk7076svjjj,Silver Chains,925 Sterling Silver Pendant<br>Paw Print Pendant Necklace<br>S193474 #36,Gabriel & Co,Apparel & Accessories > Jewelry > Necklaces,Necklaces,"Anniversary, Birthday, Category 600, Everyday, For Her, For Mom, Gift, Helios Migrated, Stackable",true,Material,Sterling Silver,,Metal Color,Silver,,,,,NK7076SVJJJ,0.0,shopify,0,deny,manual,175.00,,true,true,,,,,,https://raw.githubusercontent.com/rishs-afk/JoharProductReview/main/shopify_upload/matched_images/NK7076SVJJJ-2.jpg,1,Silver Chains,false,Silver Chains,,509,Gabriel & Co.,,,,,,,,,,g,,48.00,active
nk7076svjjj,,,,,,,,,,,,,,,,,,,,,,,,,,,,,,,,https://raw.githubusercontent.com/rishs-afk/JoharProductReview/main/shopify_upload/matched_images/NK7076SVJJJ-1.jpg,2,Silver Chains,,,,,,,,,,,,,,,,,,
nk7076svjjj,,,,,,,,,,,,,,,,,,,,,,,,,,,,,,,,https://raw.githubusercontent.com/rishs-afk/JoharProductReview/main/shopify_upload/matched_images/NK7076SVJJJ-3.jpg,3,Silver Chains,,,,,,,,,,,,,,,,,,
nk6895svjws,Silver Chains,Sterling Silver 925 O Pendant<br>Style: Circle Of Love<br>White Sapphire Carat Weight: 0.06CT<br>S1941071 #34,Gabriel & Co,Apparel & Accessories > Jewelry > Necklaces,Necklaces,"Anniversary, Birthday, Category 600, Everyday, For Her, For Mom, Gift, Helios Migrated, Statement",true,Material,Sterling Silver,,Stone Type,Birthstone,,Metal Color,Silver,,NK6895SVJWS,0.0,shopify,0,deny,manual,335.00,,true,true,,,,,,https://raw.githubusercontent.com/rishs-afk/JoharProductReview/main/shopify_upload/matched_images/NK6895SVJWS-2.jpg,1,Silver Chains,false,Silver Chains,,509,Gabriel & Co.,,,,,,,,,,g,,97.00,active
nk6895svjws,,,,,,,,,,,,,,,,,,,,,,,,,,,,,,,,https://raw.githubusercontent.com/rishs-afk/JoharProductReview/main/shopify_upload/matched_images/NK6895SVJWS-1.jpg,2,Silver Chains,,,,,,,,,,,,,,,,,,
nk6895svjws,,,,,,,,,,,,,,,,,,,,,,,,,,,,,,,,https://raw.githubusercontent.com/rishs-afk/JoharProductReview/main/shopify_upload/matched_images/NK6895SVJWS-3.jpg,3,Silver Chains,,,,,,,,,,,,,,,,,,
nk6388svjjj,Silver Chains,925 Sterling Silver Pendant<br>Circle Of Life<br>S1958904 #29,Gabriel & Co,Apparel & Accessories > Jewelry > Necklaces,Necklaces,"Anniversary, Birthday, Category 600, Everyday, For Her, For Mom, Gift, Helios Migrated, Stackable",true,Material,Sterling Silver,,Metal Color,Silver,,,,,NK6388SVJJJ,0.0,shopify,0,deny,manual,190.00,,true,true,,,,,,https://raw.githubusercontent.com/rishs-afk/JoharProductReview/main/shopify_upload/matched_images/NK6388SVJJJ-2.jpg,1,Silver Chains,false,Silver Chains,,509,Gabriel & Co.,,,,,,,,,,g,,50.00,active
nk6388svjjj,,,,,,,,,,,,,,,,,,,,,,,,,,,,,,,,https://raw.githubusercontent.com/rishs-afk/JoharProductReview/main/shopify_upload/matched_images/NK6388SVJJJ-1.jpg,2,Silver Chains,,,,,,,,,,,,,,,,,,
nk6388svjjj,,,,,,,,,,,,,,,,,,,,,,,,,,,,,,,,https://raw.githubusercontent.com/rishs-afk/JoharProductReview/main/shopify_upload/matched_images/NK6388SVJJJ-3.jpg,3,Silver Chains,,,,,,,,,,,,,,,,,,
nk6378sv5jj,Silver Chains,925 Sterling Silver Diamond Charm<br>Diamond Cross<br>Diamond Total Carat Weight: 0.02<br>S1973369 #28,Gabriel & Co,Apparel & Accessories > Jewelry > Necklaces,Necklaces,"Anniversary, Birthday, Category 600, Everyday, For Her, For Mom, Gift, Helios Migrated, Stackable",true,Material,Sterling Silver,,Stone Type,Natural Diamond,,Metal Color,Silver,,NK6378SV5JJ,0.0,shopify,0,deny,manual,165.00,,true,true,,,,,,https://raw.githubusercontent.com/rishs-afk/JoharProductReview/main/shopify_upload/matched_images/NK6378SV5JJ-2.jpg,1,Silver Chains,false,Silver Chains,,509,Gabriel & Co.,,,,,,,,,,g,,48.00,active
nk6378sv5jj,,,,,,,,,,,,,,,,,,,,,,,,,,,,,,,,https://raw.githubusercontent.com/rishs-afk/JoharProductReview/main/shopify_upload/matched_images/NK6378SV5JJ-1.jpg,2,Silver Chains,,,,,,,,,,,,,,,,,,
nk6378sv5jj,,,,,,,,,,,,,,,,,,,,,,,,,,,,,,,,https://raw.githubusercontent.com/rishs-afk/JoharProductReview/main/shopify_upload/matched_images/NK6378SV5JJ-3.jpg,3,Silver Chains,,,,,,,,,,,,,,,,,,
nk6367svjbs,Silver Chains,925 Sterling Silver Pendant<br>Spinel Bujukan Bar<br>Spinel Total Carat Weight: 0.12<br>S1941047 #27,Gabriel & Co,Apparel & Accessories > Jewelry > Necklaces,Necklaces,"Anniversary, Birthday, Category 600, Everyday, For Her, For Mom, Gift, Helios Migrated",true,Material,Sterling Silver,,Stone Type,Birthstone,,Metal Color,Silver,,NK6367SVJBS,0.0,shopify,0,deny,manual,255.00,,true,true,,,,,,https://raw.githubusercontent.com/rishs-afk/JoharProductReview/main/shopify_upload/matched_images/NK6367SVJBS-2.jpg,1,Silver Chains,false,Silver Chains,,509,Gabriel & Co.,,,,,,,,,,g,,76.00,active
nk6367svjbs,,,,,,,,,,,,,,,,,,,,,,,,,,,,,,,,https://raw.githubusercontent.com/rishs-afk/JoharProductReview/main/shopify_upload/matched_images/NK6367SVJBS-1.jpg,2,Silver Chains,,,,,,,,,,,,,,,,,,
nk6367svjbs,,,,,,,,,,,,,,,,,,,,,,,,,,,,,,,,https://raw.githubusercontent.com/rishs-afk/JoharProductReview/main/shopify_upload/matched_images/NK6367SVJBS-4.jpg,3,Silver Chains,,,,,,,,,,,,,,,,,,
nk6367svjbs,,,,,,,,,,,,,,,,,,,,,,,,,,,,,,,,https://raw.githubusercontent.com/rishs-afk/JoharProductReview/main/shopify_upload/matched_images/NK6367SVJBS-3.jpg,4,Silver Chains,,,,,,,,,,,,,,,,,,
nk5896svjws,Silver Chains,Sterling Silver 925 White Sapphire Bar Necklace<br>Sapphire Carat Weight: 0.31CT<br>S1976127 #26,Gabriel & Co,Apparel & Accessories > Jewelry > Necklaces,Necklaces,"Anniversary, Birthday, Category 600, Everyday, For Her, For Mom, Gift, Helios Migrated",true,Material,Sterling Silver,,Stone Type,Birthstone,,Metal Color,Silver,,NK5896SVJWS,0.0,shopify,0,deny,manual,390.00,,true,true,,,,,,https://raw.githubusercontent.com/rishs-afk/JoharProductReview/main/shopify_upload/matched_images/NK5896SVJWS-2.jpg,1,Silver Chains,false,Silver Chains,,509,Gabriel & Co.,,,,,,,,,,g,,123.00,active
nk5896svjws,,,,,,,,,,,,,,,,,,,,,,,,,,,,,,,,https://raw.githubusercontent.com/rishs-afk/JoharProductReview/main/shopify_upload/matched_images/NK5896SVJWS-1.jpg,2,Silver Chains,,,,,,,,,,,,,,,,,,
nk5896svjws,,,,,,,,,,,,,,,,,,,,,,,,,,,,,,,,https://raw.githubusercontent.com/rishs-afk/JoharProductReview/main/shopify_upload/matched_images/NK5896SVJWS-3.jpg,3,Silver Chains,,,,,,,,,,,,,,,,,,
mr52067svjjj,Silver Rings Without Stones,Geo Collection<br>925 Sterling Silver<br>Geometric Men's Ring<br>Satin Finish<br>S2080190 #20,Gabriel & Co,,"Rings, Men's Jewelry","Anniversary, Birthday, Category 620, Everyday, For Dad, For Him, Gift, Helios Migrated",true,Material,Sterling Silver,,Metal Color,Silver,,,,,MR52067SVJJJ,0.0,shopify,0,deny,manual,300.00,,true,true,,,,,,https://raw.githubusercontent.com/rishs-afk/JoharProductReview/main/shopify_upload/matched_images/MR52067SVJJJ-4.jpg,1,Silver Rings Without Stones,false,Silver Rings Without Stones,,173,Gabriel & Co.,,,,,,,,,,g,,88.00,active
mr52067svjjj,,,,,,,,,,,,,,,,,,,,,,,,,,,,,,,,https://raw.githubusercontent.com/rishs-afk/JoharProductReview/main/shopify_upload/matched_images/MR52067SVJJJ-2.jpg,2,Silver Rings Without Stones,,,,,,,,,,,,,,,,,,
mr52067svjjj,,,,,,,,,,,,,,,,,,,,,,,,,,,,,,,,https://raw.githubusercontent.com/rishs-afk/JoharProductReview/main/shopify_upload/matched_images/MR52067SVJJJ-1.jpg,3,Silver Rings Without Stones,,,,,,,,,,,,,,,,,,
mr52067svjjj,,,,,,,,,,,,,,,,,,,,,,,,,,,,,,,,https://raw.githubusercontent.com/rishs-afk/JoharProductReview/main/shopify_upload/matched_images/MR52067SVJJJ-3.jpg,4,Silver Rings Without Stones,,,,,,,,,,,,,,,,,,
mr52067svjjj,,,,,,,,,,,,,,,,,,,,,,,,,,,,,,,,https://raw.githubusercontent.com/rishs-afk/JoharProductReview/main/shopify_upload/matched_images/MR52067SVJJJ-5.jpg,5,Silver Rings Without Stones,,,,,,,,,,,,,,,,,,
lr52272svjjj,Silver Rings Without Stones,925 Sterling Silver Band<br>Bujukan Band<br>S1958888 #21,Gabriel & Co,,Rings,"Anniversary, Birthday, Category 620, Everyday, For Her, For Mom, Gift, Helios Migrated, Statement",true,Material,Sterling Silver,,Metal Color,Silver,,,,,LR52272SVJJJ,0.0,shopify,0,deny,manual,240.00,,true,true,,,,,,https://raw.githubusercontent.com/rishs-afk/JoharProductReview/main/shopify_upload/matched_images/LR52272SVJJJ-2.jpg,1,Silver Rings Without Stones,false,Silver Rings Without Stones,,509,Gabriel & Co.,,,,,,,,,,g,,56.00,active
lr52272svjjj,,,,,,,,,,,,,,,,,,,,,,,,,,,,,,,,https://raw.githubusercontent.com/rishs-afk/JoharProductReview/main/shopify_upload/matched_images/LR52272SVJJJ-4.jpg,2,Silver Rings Without Stones,,,,,,,,,,,,,,,,,,
lr52272svjjj,,,,,,,,,,,,,,,,,,,,,,,,,,,,,,,,https://raw.githubusercontent.com/rishs-afk/JoharProductReview/main/shopify_upload/matched_images/LR52272SVJJJ-3.jpg,3,Silver Rings Without Stones,,,,,,,,,,,,,,,,,,
lr52272svjjj,,,,,,,,,,,,,,,,,,,,,,,,,,,,,,,,https://raw.githubusercontent.com/rishs-afk/JoharProductReview/main/shopify_upload/matched_images/LR52272SVJJJ-1.jpg,4,Silver Rings Without Stones,,,,,,,,,,,,,,,,,,
lr52272svjjj,,,,,,,,,,,,,,,,,,,,,,,,,,,,,,,,https://raw.githubusercontent.com/rishs-afk/JoharProductReview/main/shopify_upload/matched_images/LR52272SVJJJ-5.jpg,5,Silver Rings Without Stones,,,,,,,,,,,,,,,,,,
bg5226-57mzjjj,Silver Bracelets,925 Sterling Silver &amp; 14 Karat Yellow Gold<br>Bujukan Bracelet<br>Infinity Cuff<br>S2292925 #68,Gabriel & Co,Apparel & Accessories > Jewelry > Bracelets,Bracelets,"Anniversary, Birthday, Category 610, Everyday, For Her, For Mom, Gift, Helios Migrated, Stackable, Statement",true,Material,"14 Karat Gold, Sterling Silver",,Metal Color,"Silver, Yellow Gold",,,,,BG5226-57MZJJJ,0.0,shopify,0,deny,manual,575.00,,true,true,,,,,,https://raw.githubusercontent.com/rishs-afk/JoharProductReview/main/shopify_upload/matched_images/BG5226-57MZJJJ-3.jpg,1,Silver Bracelets,false,Silver Bracelets,,26,Gabriel & Co.,,,,,,,,,,g,,205.00,active
bg5226-57mzjjj,,,,,,,,,,,,,,,,,,,,,,,,,,,,,,,,https://raw.githubusercontent.com/rishs-afk/JoharProductReview/main/shopify_upload/matched_images/BG5226-57MZJJJ-2.jpg,2,Silver Bracelets,,,,,,,,,,,,,,,,,,
bg5226-57mzjjj,,,,,,,,,,,,,,,,,,,,,,,,,,,,,,,,https://raw.githubusercontent.com/rishs-afk/JoharProductReview/main/shopify_upload/matched_images/BG5226-57MZJJJ-1.jpg,3,Silver Bracelets,,,,,,,,,,,,,,,,,,
bg5226-57mzjjj,,,,,,,,,,,,,,,,,,,,,,,,,,,,,,,,https://raw.githubusercontent.com/rishs-afk/JoharProductReview/main/shopify_upload/matched_images/BG5226-57MZJJJ-4.jpg,4,Silver Bracelets,,,,,,,,,,,,,,,,,,
ab939svjws,Silver Bracelets,925 Sterling Silver Anklet<br>White Sapphire<br>S1976128 #2,Gabriel & Co,Apparel & Accessories > Jewelry > Bracelets,Anklets,"Anniversary, Birthday, Category 610, Everyday, For Her, For Mom, Gift, Helios Migrated, Stackable",true,Material,Sterling Silver,,Stone Type,Birthstone,,Metal Color,Silver,,AB939SVJWS,0.0,shopify,0,deny,manual,255.00,,true,true,,,,,,https://raw.githubusercontent.com/rishs-afk/JoharProductReview/main/shopify_upload/matched_images/AB939SVJWS-2.jpg,1,Silver Bracelets,false,Silver Bracelets,,509,Gabriel & Co.,,,,,,,,,,g,,81.00,active
ab939svjws,,,,,,,,,,,,,,,,,,,,,,,,,,,,,,,,https://raw.githubusercontent.com/rishs-afk/JoharProductReview/main/shopify_upload/matched_images/AB939SVJWS-1.jpg,2,Silver Bracelets,,,,,,,,,,,,,,,,,,
ab939svjws,,,,,,,,,,,,,,,,,,,,,,,,,,,,,,,,https://raw.githubusercontent.com/rishs-afk/JoharProductReview/main/shopify_upload/matched_images/AB939SVJWS-3.jpg,3,Silver Bracelets,,,,,,,,,,,,,,,,,,
ab948svjjj,Silver Bracelets,<p>925 SS BUJUKAN ANKLET S1970862 #3</p>,Gabriel & Co,Apparel & Accessories > Jewelry > Bracelets,Anklets,"Anniversary, Birthday, Category 610, Everyday, For Her, For Mom, Gift, Helios Migrated, Stackable",true,Material,Unknown,,Metal Color,Unknown,,,,,AB948SVJJJ,0.0,shopify,0,deny,manual,255.00,,true,true,,,,,,https://raw.githubusercontent.com/rishs-afk/JoharProductReview/main/shopify_upload/matched_images/AB948SVJJJ-2.jpg,1,Silver Bracelets,false,Silver Bracelets,,509,Gabriel & Co.,,,,,,,,,,g,,73.00,active
ab948svjjj,,,,,,,,,,,,,,,,,,,,,,,,,,,,,,,,https://raw.githubusercontent.com/rishs-afk/JoharProductReview/main/shopify_upload/matched_images/AB948SVJJJ-1.jpg,2,Silver Bracelets,,,,,,,,,,,,,,,,,,
tbm2162svjom,Silver Bracelets,925 SS 6MM ONYX &amp; SILVER BEAD S1976339 #66,Gabriel & Co,Apparel & Accessories > Jewelry > Bracelets,"Bracelets, Men's Jewelry","Anniversary, Birthday, Category 610, Everyday, For Dad, For Him, Gift, Helios Migrated",true,Material,Sterling Silver,,Metal Color,Silver,,,,,TBM2162SVJOM,0.0,shopify,0,deny,manual,500.00,,true,true,,,,,,https://raw.githubusercontent.com/rishs-afk/JoharProductReview/main/shopify_upload/matched_images/TBM2162SVJOM-2.jpg,1,Silver Bracelets,false,Silver Bracelets,,483,Gabriel & Co.,,,,,,,,,,g,,160.00,active
tbm2162svjom,,,,,,,,,,,,,,,,,,,,,,,,,,,,,,,,https://raw.githubusercontent.com/rishs-afk/JoharProductReview/main/shopify_upload/matched_images/TBM2162SVJOM-1.jpg,2,Silver Bracelets,,,,,,,,,,,,,,,,,,
tbm2162svjom,,,,,,,,,,,,,,,,,,,,,,,,,,,,,,,,https://raw.githubusercontent.com/rishs-afk/JoharProductReview/main/shopify_upload/matched_images/TBM2162SVJOM-3.jpg,3,Silver Bracelets,,,,,,,,,,,,,,,,,,
tb4959-75svjjj,Silver Bracelets,Sterling Silver 925 Ladies Bracelet<br>Style: Bujukan Beaded Link<br>S1958912 #63,Gabriel & Co,Apparel & Accessories > Jewelry > Bracelets,Bracelets,"Anniversary, Birthday, Category 610, Everyday, For Her, For Mom, Gift, Helios Migrated, Stackable, Statement",true,Material,Sterling Silver,,Metal Color,Silver,,,,,TB4959-75SVJJJ,0.0,shopify,0,deny,manual,410.00,,true,true,,,,,,https://raw.githubusercontent.com/rishs-afk/JoharProductReview/main/shopify_upload/matched_images/TB4959-75SVJJJ-2.jpg,1,Silver Bracelets,false,Silver Bracelets,,483,Gabriel & Co.,,,,,,,,,,g,,148.00,active
tb4959-75svjjj,,,,,,,,,,,,,,,,,,,,,,,,,,,,,,,,https://raw.githubusercontent.com/rishs-afk/JoharProductReview/main/shopify_upload/matched_images/TB4959-75SVJJJ-1.jpg,2,Silver Bracelets,,,,,,,,,,,,,,,,,,
tb4959-75svjjj,,,,,,,,,,,,,,,,,,,,,,,,,,,,,,,,https://raw.githubusercontent.com/rishs-afk/JoharProductReview/main/shopify_upload/matched_images/TB4959-75SVJJJ-3.jpg,3,Silver Bracelets,,,,,,,,,,,,,,,,,,
tbm4533svjlp,Silver Bracelets,<p>925 SS 6MM LAPIS BRACELET S1925524 #60</p>,Gabriel & Co,Apparel & Accessories > Jewelry > Bracelets,"Bracelets, Men's Jewelry","Anniversary, Birthday, Category 610, Everyday, For Dad, For Him, Gift, Helios Migrated",true,Material,Unknown,,Metal Color,Unknown,,,,,TBM4533SVJLP,0.0,shopify,0,deny,manual,445.00,,true,true,,,,,,https://raw.githubusercontent.com/rishs-afk/JoharProductReview/main/shopify_upload/matched_images/TBM4533SVJLP-2.jpg,1,Silver Bracelets,false,Silver Bracelets,,483,Gabriel & Co.,,,,,,,,,,g,,148.00,active
tbm4533svjlp,,,,,,,,,,,,,,,,,,,,,,,,,,,,,,,,https://raw.githubusercontent.com/rishs-afk/JoharProductReview/main/shopify_upload/matched_images/TBM4533SVJLP-1.jpg,2,Silver Bracelets,,,,,,,,,,,,,,,,,,
tbm4533svjlp,,,,,,,,,,,,,,,,,,,,,,,,,,,,,,,,https://raw.githubusercontent.com/rishs-afk/JoharProductReview/main/shopify_upload/matched_images/TBM4533SVJLP-3.jpg,3,Silver Bracelets,,,,,,,,,,,,,,,,,,
tb4649sv5sb,Silver Bracelets,925 SS 0.05CT DIA &amp; B.SAPP BRAC S1976347 #54,Gabriel & Co,Apparel & Accessories > Jewelry > Bracelets,Bracelets,"Anniversary, Birthday, Category 610, Everyday, For Her, For Mom, Gift, Helios Migrated, Stackable",true,Material,Unknown,,Stone Type,"Natural Diamond, Birthstone",,Metal Color,Unknown,,TB4649SV5SB,0.0,shopify,0,deny,manual,355.00,,true,true,,,,,,https://raw.githubusercontent.com/rishs-afk/JoharProductReview/main/shopify_upload/matched_images/TB4649SV5SB-2.jpg,1,Silver Bracelets,false,Silver Bracelets,,483,Gabriel & Co.,,,,,,,,,,g,,136.50,active
tb4649sv5sb,,,,,,,,,,,,,,,,,,,,,,,,,,,,,,,,https://raw.githubusercontent.com/rishs-afk/JoharProductReview/main/shopify_upload/matched_images/TB4649SV5SB-1.jpg,2,Silver Bracelets,,,,,,,,,,,,,,,,,,
tb4649sv5sb,,,,,,,,,,,,,,,,,,,,,,,,,,,,,,,,https://raw.githubusercontent.com/rishs-afk/JoharProductReview/main/shopify_upload/matched_images/TB4649SV5SB-3.jpg,3,Silver Bracelets,,,,,,,,,,,,,,,,,,
tbm2165svjbs,Silver Bracelets,<p>925 SS 4MM BEADED BRAC W EVIL EYE S1976340 #53</p>,Gabriel & Co,Apparel & Accessories > Jewelry > Bracelets,"Bracelets, Men's Jewelry","Anniversary, Birthday, Category 610, Everyday, For Dad, For Him, Gift, Helios Migrated",true,Material,Unknown,,Metal Color,Unknown,,,,,TBM2165SVJBS,0.0,shopify,0,deny,manual,495.00,,true,true,,,,,,https://raw.githubusercontent.com/rishs-afk/JoharProductReview/main/shopify_upload/matched_images/TBM2165SVJBS-2.jpg,1,Silver Bracelets,false,Silver Bracelets,,483,Gabriel & Co.,,,,,,,,,,g,,159.25,active
tbm2165svjbs,,,,,,,,,,,,,,,,,,,,,,,,,,,,,,,,https://raw.githubusercontent.com/rishs-afk/JoharProductReview/main/shopify_upload/matched_images/TBM2165SVJBS-1.jpg,2,Silver Bracelets,,,,,,,,,,,,,,,,,,
tbm2165svjbs,,,,,,,,,,,,,,,,,,,,,,,,,,,,,,,,https://raw.githubusercontent.com/rishs-afk/JoharProductReview/main/shopify_upload/matched_images/TBM2165SVJBS-3.jpg,3,Silver Bracelets,,,,,,,,,,,,,,,,,,
nkm2079-22svjjj,Silver Chains,Classic Collection<br>925 Sterling Silver<br>Solid Men's Box Chain Necklace<br>Length: 22 inches<br>S2184310 #12,Gabriel & Co,Apparel & Accessories > Jewelry > Necklaces,"Necklaces, Men's Jewelry","Anniversary, Birthday, Category 600, Everyday, For Dad, For Him, Gift, Helios Migrated",true,Material,Sterling Silver,,Metal Color,Silver,,,,,NKM2079-22SVJJJ,0.0,shopify,0,deny,manual,400.00,,true,true,,,,,,https://raw.githubusercontent.com/rishs-afk/JoharProductReview/main/shopify_upload/matched_images/NKM2079-22SVJJJ-2.jpg,1,Silver Chains,false,Silver Chains,,173,Gabriel & Co.,,,,,,,,,,g,,81.00,active
nkm2079-22svjjj,,,,,,,,,,,,,,,,,,,,,,,,,,,,,,,,https://raw.githubusercontent.com/rishs-afk/JoharProductReview/main/shopify_upload/matched_images/NKM2079-22SVJJJ-3.jpg,2,Silver Chains,,,,,,,,,,,,,,,,,,
nkm2079-22svjjj,,,,,,,,,,,,,,,,,,,,,,,,,,,,,,,,https://raw.githubusercontent.com/rishs-afk/JoharProductReview/main/shopify_upload/matched_images/NKM2079-22SVJJJ-1.jpg,3,Silver Chains,,,,,,,,,,,,,,,,,,
nkm2079-22svjjj,,,,,,,,,,,,,,,,,,,,,,,,,,,,,,,,https://raw.githubusercontent.com/rishs-afk/JoharProductReview/main/shopify_upload/matched_images/NKM2079-22SVJJJ-4.jpg,4,Silver Chains,,,,,,,,,,,,,,,,,,
nkm2079-22svjjj,,,,,,,,,,,,,,,,,,,,,,,,,,,,,,,,https://raw.githubusercontent.com/rishs-afk/JoharProductReview/main/shopify_upload/matched_images/NKM2079-22SVJJJ-5.jpg,5,Silver Chains,,,,,,,,,,,,,,,,,,
nkm2075-22svjjj,Silver Chains,Classic Collection<br>925 Sterling Silver<br>Solid Men's Diamond Cut Cuban Link Necklace<br>Length: 22 inches<br>S2022931 #15,Gabriel & Co,Apparel & Accessories > Jewelry > Necklaces,"Necklaces, Men's Jewelry","Anniversary, Birthday, Category 600, Everyday, For Dad, For Him, Gift, Helios Migrated",true,Material,Sterling Silver,,Metal Color,Silver,,,,,NKM2075-22SVJJJ,0.0,shopify,0,deny,manual,1225.00,,true,true,,,,,,https://raw.githubusercontent.com/rishs-afk/JoharProductReview/main/shopify_upload/matched_images/NKM2075-22SVJJJ-2.jpg,1,Silver Chains,false,Silver Chains,,173,Gabriel & Co.,,,,,,,,,,g,,238.00,active
nkm2075-22svjjj,,,,,,,,,,,,,,,,,,,,,,,,,,,,,,,,https://raw.githubusercontent.com/rishs-afk/JoharProductReview/main/shopify_upload/matched_images/NKM2075-22SVJJJ-3.jpg,2,Silver Chains,,,,,,,,,,,,,,,,,,
nkm2075-22svjjj,,,,,,,,,,,,,,,,,,,,,,,,,,,,,,,,https://raw.githubusercontent.com/rishs-afk/JoharProductReview/main/shopify_upload/matched_images/NKM2075-22SVJJJ-1.jpg,3,Silver Chains,,,,,,,,,,,,,,,,,,
nkm2075-22svjjj,,,,,,,,,,,,,,,,,,,,,,,,,,,,,,,,https://raw.githubusercontent.com/rishs-afk/JoharProductReview/main/shopify_upload/matched_images/NKM2075-22SVJJJ-4.jpg,4,Silver Chains,,,,,,,,,,,,,,,,,,
nkm2075-22svjjj,,,,,,,,,,,,,,,,,,,,,,,,,,,,,,,,https://raw.githubusercontent.com/rishs-afk/JoharProductReview/main/shopify_upload/matched_images/NKM2075-22SVJJJ-5.jpg,5,Silver Chains,,,,,,,,,,,,,,,,,,
nk7779-18svjjj,Silver Chains,Fancy Bujukan Link Necklace<br>925 Sterling Silver<br>18 Inches Length<br>S1976343 #48,Gabriel & Co,Apparel & Accessories > Jewelry > Necklaces,Necklaces,"Anniversary, Birthday, Category 600, Everyday, For Her, For Mom, Gift, Helios Migrated, Statement",true,Material,Sterling Silver,,Metal Color,Silver,,,,,NK7779-18SVJJJ,0.0,shopify,0,deny,manual,975.00,,true,true,,,,,,https://raw.githubusercontent.com/rishs-afk/JoharProductReview/main/shopify_upload/matched_images/NK7779-18SVJJJ-2.jpg,1,Silver Chains,false,Silver Chains,,509,Gabriel & Co.,,,,,,,,,,g,,288.00,active
nk7779-18svjjj,,,,,,,,,,,,,,,,,,,,,,,,,,,,,,,,https://raw.githubusercontent.com/rishs-afk/JoharProductReview/main/shopify_upload/matched_images/NK7779-18SVJJJ-1.jpg,2,Silver Chains,,,,,,,,,,,,,,,,,,
nk7779-18svjjj,,,,,,,,,,,,,,,,,,,,,,,,,,,,,,,,https://raw.githubusercontent.com/rishs-afk/JoharProductReview/main/shopify_upload/matched_images/NK7779-18SVJJJ-3.jpg,3,Silver Chains,,,,,,,,,,,,,,,,,,
nk7779-18svjjj,,,,,,,,,,,,,,,,,,,,,,,,,,,,,,,,https://raw.githubusercontent.com/rishs-afk/JoharProductReview/main/shopify_upload/matched_images/NK7779-18SVJJJ-4.jpg,4,Silver Chains,,,,,,,,,,,,,,,,,,
nk7721-32svjjj,Silver Chains,<p>925 SS Bujukan Bead Chain 32in S1976345 #47</p>,Gabriel & Co,Apparel & Accessories > Jewelry > Necklaces,Necklaces,"Anniversary, Birthday, Category 600, Everyday, For Her, For Mom, Gift, Helios Migrated, Statement",true,Material,Unknown,,Metal Color,Unknown,,,,,NK7721-32SVJJJ,0.0,shopify,0,deny,manual,1425.00,,true,true,,,,,,https://raw.githubusercontent.com/rishs-afk/JoharProductReview/main/shopify_upload/matched_images/NK7721-32SVJJJ-2.jpg,1,Silver Chains,false,Silver Chains,,509,Gabriel & Co.,,,,,,,,,,g,,478.00,active
nk7721-32svjjj,,,,,,,,,,,,,,,,,,,,,,,,,,,,,,,,https://raw.githubusercontent.com/rishs-afk/JoharProductReview/main/shopify_upload/matched_images/NK7721-32SVJJJ-1.jpg,2,Silver Chains,,,,,,,,,,,,,,,,,,
nk7721-32svjjj,,,,,,,,,,,,,,,,,,,,,,,,,,,,,,,,https://raw.githubusercontent.com/rishs-afk/JoharProductReview/main/shopify_upload/matched_images/NK7721-32SVJJJ-3.jpg,3,Silver Chains,,,,,,,,,,,,,,,,,,
nk7721-32svjjj,,,,,,,,,,,,,,,,,,,,,,,,,,,,,,,,https://raw.githubusercontent.com/rishs-afk/JoharProductReview/main/shopify_upload/matched_images/NK7721-32SVJJJ-4.jpg,4,Silver Chains,,,,,,,,,,,,,,,,,,
nk7598svjjj,Silver Chains,Beaded Link Necklace<br>925 Sterling Silver<br>16 Inches Length<br>S1940338 #45,Gabriel & Co,Apparel & Accessories > Jewelry > Necklaces,Necklaces,"Anniversary, Birthday, Category 600, Everyday, For Her, For Mom, Gift, Helios Migrated, Statement",true,Material,Sterling Silver,,Metal Color,Silver,,,,,NK7598SVJJJ,0.0,shopify,0,deny,manual,750.00,,true,true,,,,,,https://raw.githubusercontent.com/rishs-afk/JoharProductReview/main/shopify_upload/matched_images/NK7598SVJJJ-2.jpg,1,Silver Chains,false,Silver Chains,,509,Gabriel & Co.,,,,,,,,,,g,,230.00,active
nk7598svjjj,,,,,,,,,,,,,,,,,,,,,,,,,,,,,,,,https://raw.githubusercontent.com/rishs-afk/JoharProductReview/main/shopify_upload/matched_images/NK7598SVJJJ-1.jpg,2,Silver Chains,,,,,,,,,,,,,,,,,,
nk7598svjjj,,,,,,,,,,,,,,,,,,,,,,,,,,,,,,,,https://raw.githubusercontent.com/rishs-afk/JoharProductReview/main/shopify_upload/matched_images/NK7598SVJJJ-3.jpg,3,Silver Chains,,,,,,,,,,,,,,,,,,
nk7483svjjj,Silver Chains,Fancy Paperclip Link Necklace<br>925 Sterling Silver<br>17 Inches Length<br>S1976346 #44,Gabriel & Co,Apparel & Accessories > Jewelry > Necklaces,Necklaces,"Anniversary, Birthday, Category 600, Everyday, For Her, For Mom, Gift, Helios Migrated, Statement",true,Material,Sterling Silver,,Metal Color,Silver,,,,,NK7483SVJJJ,0.0,shopify,0,deny,manual,975.00,,true,true,,,,,,https://raw.githubusercontent.com/rishs-afk/JoharProductReview/main/shopify_upload/matched_images/NK7483SVJJJ-2.jpg,1,Silver Chains,false,Silver Chains,,509,Gabriel & Co.,,,,,,,,,,g,,265.00,active
nk7483svjjj,,,,,,,,,,,,,,,,,,,,,,,,,,,,,,,,https://raw.githubusercontent.com/rishs-afk/JoharProductReview/main/shopify_upload/matched_images/NK7483SVJJJ-1.jpg,2,Silver Chains,,,,,,,,,,,,,,,,,,
nk7483svjjj,,,,,,,,,,,,,,,,,,,,,,,,,,,,,,,,https://raw.githubusercontent.com/rishs-afk/JoharProductReview/main/shopify_upload/matched_images/NK7483SVJJJ-3.jpg,3,Silver Chains,,,,,,,,,,,,,,,,,,
nk7111svjjj,Silver Chains,<p>925 SS OVAL LINK NCKLC 16 S1964065 #41</p>,Gabriel & Co,Apparel & Accessories > Jewelry > Necklaces,Necklaces,"Anniversary, Birthday, Category 600, Everyday, For Her, For Mom, Gift, Helios Migrated, Statement",true,Material,Unknown,,Metal Color,Unknown,,,,,NK7111SVJJJ,0.0,shopify,0,deny,manual,675.00,,true,true,,,,,,https://raw.githubusercontent.com/rishs-afk/JoharProductReview/main/shopify_upload/matched_images/NK7111SVJJJ-2.jpg,1,Silver Chains,false,Silver Chains,,509,Gabriel & Co.,,,,,,,,,,g,,175.00,active
nk7111svjjj,,,,,,,,,,,,,,,,,,,,,,,,,,,,,,,,https://raw.githubusercontent.com/rishs-afk/JoharProductReview/main/shopify_upload/matched_images/NK7111SVJJJ-1.jpg,2,Silver Chains,,,,,,,,,,,,,,,,,,
nk7111svjjj,,,,,,,,,,,,,,,,,,,,,,,,,,,,,,,,https://raw.githubusercontent.com/rishs-afk/JoharProductReview/main/shopify_upload/matched_images/NK7111SVJJJ-3.jpg,3,Silver Chains,,,,,,,,,,,,,,,,,,
nk7094svjjj,Silver Chains,Oval Bujukan Fancy Necklace<br>925 Sterling Silver<br>S1964075 #38,Gabriel & Co,Apparel & Accessories > Jewelry > Necklaces,Necklaces,"Anniversary, Birthday, Category 600, Everyday, For Her, For Mom, Gift, Helios Migrated, Statement",true,Material,Sterling Silver,,Metal Color,Silver,,,,,NK7094SVJJJ,0.0,shopify,0,deny,manual,825.00,,true,true,,,,,,https://raw.githubusercontent.com/rishs-afk/JoharProductReview/main/shopify_upload/matched_images/NK7094SVJJJ-2.jpg,1,Silver Chains,false,Silver Chains,,509,Gabriel & Co.,,,,,,,,,,g,,202.00,active
nk7094svjjj,,,,,,,,,,,,,,,,,,,,,,,,,,,,,,,,https://raw.githubusercontent.com/rishs-afk/JoharProductReview/main/shopify_upload/matched_images/NK7094SVJJJ-1.jpg,2,Silver Chains,,,,,,,,,,,,,,,,,,
nk7094svjjj,,,,,,,,,,,,,,,,,,,,,,,,,,,,,,,,https://raw.githubusercontent.com/rishs-afk/JoharProductReview/main/shopify_upload/matched_images/NK7094SVJJJ-3.jpg,3,Silver Chains,,,,,,,,,,,,,,,,,,
tb5272y4jjj,Precious Metal (No Stones) Bracelets,Graduating Bujukan Ball Station<br>14 Karat Yellow Gold<br>S2292922<br>#12,Gabriel & Co,Apparel & Accessories > Jewelry > Bracelets,Bracelets,"Anniversary, Birthday, Category 440, Everyday, For Her, For Mom, Gift, Helios Migrated, Stackable",true,Material,14 Karat Gold,,Metal Color,Yellow Gold,,,,,TB5272Y4JJJ,0.0,shopify,0,deny,manual,725.00,,true,true,,,,,,https://raw.githubusercontent.com/rishs-afk/JoharProductReview/main/shopify_upload/matched_images/TB5272Y4JJJ-2.jpg,1,Precious Metal (No Stones) Bracelets,false,Precious Metal (No Stones) Bracelets,,26,Gabriel & Co.,,,,,,,,,,g,,275.00,active
tb5272y4jjj,,,,,,,,,,,,,,,,,,,,,,,,,,,,,,,,https://raw.githubusercontent.com/rishs-afk/JoharProductReview/main/shopify_upload/matched_images/TB5272Y4JJJ-1.jpg,2,Precious Metal (No Stones) Bracelets,,,,,,,,,,,,,,,,,,
tb5272y4jjj,,,,,,,,,,,,,,,,,,,,,,,,,,,,,,,,https://raw.githubusercontent.com/rishs-afk/JoharProductReview/main/shopify_upload/matched_images/TB5272Y4JJJ-3.jpg,3,Precious Metal (No Stones) Bracelets,,,,,,,,,,,,,,,,,,
tb5304y4jjj,Precious Metal (No Stones) Bracelets,Bujukan Ball Station Bracelet<br>14 Karat Yellow Gold<br>S2292920<br>#3,Gabriel & Co,Apparel & Accessories > Jewelry > Bracelets,Bracelets,"Anniversary, Birthday, Category 440, Everyday, For Her, For Mom, Gift, Helios Migrated, Stackable",true,Material,14 Karat Gold,,Metal Color,Yellow Gold,,,,,TB5304Y4JJJ,0.0,shopify,0,deny,manual,800.00,,true,true,,,,,,https://raw.githubusercontent.com/rishs-afk/JoharProductReview/main/shopify_upload/matched_images/TB5304Y4JJJ-2.jpg,1,Precious Metal (No Stones) Bracelets,false,Precious Metal (No Stones) Bracelets,,26,Gabriel & Co.,,,,,,,,,,g,,200.00,active
tb5304y4jjj,,,,,,,,,,,,,,,,,,,,,,,,,,,,,,,,https://raw.githubusercontent.com/rishs-afk/JoharProductReview/main/shopify_upload/matched_images/TB5304Y4JJJ-1.jpg,2,Precious Metal (No Stones) Bracelets,,,,,,,,,,,,,,,,,,
tb5304y4jjj,,,,,,,,,,,,,,,,,,,,,,,,,,,,,,,,https://raw.githubusercontent.com/rishs-afk/JoharProductReview/main/shopify_upload/matched_images/TB5304Y4JJJ-3.jpg,3,Precious Metal (No Stones) Bracelets,,,,,,,,,,,,,,,,,,
tbm4521svjjj,Silver Bracelets,925 Sterling Silver<br>Faceted Bead Chain<br>Bujukan Collection<br>7MM<br>S2204397 #22,Gabriel & Co,Apparel & Accessories > Jewelry > Bracelets,Bracelets,"Anniversary, Birthday, Category 610, Everyday, For Dad, For Him, Gift, Helios Migrated, Stackable, Statement",true,Material,Sterling Silver,,Metal Color,Silver,,,,,TBM4521SVJJJ,0.0,shopify,0,deny,manual,550.00,,true,true,,,,,,https://raw.githubusercontent.com/rishs-afk/JoharProductReview/main/shopify_upload/matched_images/TBM4521SVJJJ-2.jpg,1,Silver Bracelets,false,Silver Bracelets,,146,Gabriel & Co.,,,,,,,,,,g,,150.00,active
tbm4521svjjj,,,,,,,,,,,,,,,,,,,,,,,,,,,,,,,,https://raw.githubusercontent.com/rishs-afk/JoharProductReview/main/shopify_upload/matched_images/TBM4521SVJJJ-1.jpg,2,Silver Bracelets,,,,,,,,,,,,,,,,,,
tbm4521svjjj,,,,,,,,,,,,,,,,,,,,,,,,,,,,,,,,https://raw.githubusercontent.com/rishs-afk/JoharProductReview/main/shopify_upload/matched_images/TBM4521SVJJJ-3.jpg,3,Silver Bracelets,,,,,,,,,,,,,,,,,,
tb5133y4jjj,Precious Metal (No Stones) Bracelets,14 Karat Solid Yellow Gold<br>Bujukan Ball Station Bracelet<br>S2219597 #47,Gabriel & Co,Apparel & Accessories > Jewelry > Bracelets,Bracelets,"Anniversary, Birthday, Category 440, Everyday, For Her, For Mom, Gift, Helios Migrated, Stackable, Statement",true,Material,14 Karat Gold,,Metal Color,Yellow Gold,,,,,TB5133Y4JJJ,0.0,shopify,0,deny,manual,1600.00,,true,true,,,,,,https://raw.githubusercontent.com/rishs-afk/JoharProductReview/main/shopify_upload/matched_images/TB5133Y4JJJ-2.jpg,1,Precious Metal (No Stones) Bracelets,false,Precious Metal (No Stones) Bracelets,,147,Gabriel & Co.,,,,,,,,,,g,,587.79,active
tb5133y4jjj,,,,,,,,,,,,,,,,,,,,,,,,,,,,,,,,https://raw.githubusercontent.com/rishs-afk/JoharProductReview/main/shopify_upload/matched_images/TB5133Y4JJJ-1.jpg,2,Precious Metal (No Stones) Bracelets,,,,,,,,,,,,,,,,,,
tb5133y4jjj,,,,,,,,,,,,,,,,,,,,,,,,,,,,,,,,https://raw.githubusercontent.com/rishs-afk/JoharProductReview/main/shopify_upload/matched_images/TB5133Y4JJJ-3.jpg,3,Precious Metal (No Stones) Bracelets,,,,,,,,,,,,,,,,,,
tb4925y4jjj,Precious Metal (No Stones) Bracelets,14 Karat Yellow Gold Bujukan Bracelet<br>Gabriel &amp; Co<br>S1925000 #215,Gabriel & Co,Apparel & Accessories > Jewelry > Bracelets,Bracelets,"Anniversary, Birthday, Category 440, Everyday, For Her, For Mom, Gift, Helios Migrated, Stackable, Statement",true,Material,14 Karat Gold,,Metal Color,Yellow Gold,,,,,TB4925Y4JJJ,0.0,shopify,0,deny,manual,1925.00,,true,true,,,,,,https://raw.githubusercontent.com/rishs-afk/JoharProductReview/main/shopify_upload/matched_images/TB4925Y4JJJ-2.jpg,1,Precious Metal (No Stones) Bracelets,false,Precious Metal (No Stones) Bracelets,,621,Gabriel & Co.,,,,,,,,,,g,,501.00,active
tb4925y4jjj,,,,,,,,,,,,,,,,,,,,,,,,,,,,,,,,https://raw.githubusercontent.com/rishs-afk/JoharProductReview/main/shopify_upload/matched_images/TB4925Y4JJJ-1.jpg,2,Precious Metal (No Stones) Bracelets,,,,,,,,,,,,,,,,,,
tb4925y4jjj,,,,,,,,,,,,,,,,,,,,,,,,,,,,,,,,https://raw.githubusercontent.com/rishs-afk/JoharProductReview/main/shopify_upload/matched_images/TB4925Y4JJJ-3.jpg,3,Precious Metal (No Stones) Bracelets,,,,,,,,,,,,,,,,,,
tb4925y4jjj,,,,,,,,,,,,,,,,,,,,,,,,,,,,,,,,https://raw.githubusercontent.com/rishs-afk/JoharProductReview/main/shopify_upload/matched_images/TB4925Y4JJJ-4.jpg,4,Precious Metal (No Stones) Bracelets,,,,,,,,,,,,,,,,,,
tb5062y4jjj,Precious Metal (No Stones) Bracelets,14 Karat Solid Yellow Gold Bracelet<br>Paperclip Beaded 6.5 Inch<br>S1926900 #160,Gabriel & Co,Apparel & Accessories > Jewelry > Bracelets,Bracelets,"Anniversary, Birthday, Category 440, Everyday, For Her, For Mom, Gift, Helios Migrated, Stackable",true,Material,14 Karat Gold,,Metal Color,Yellow Gold,,,,,TB5062Y4JJJ,0.0,shopify,0,deny,manual,1350.00,,true,true,,,,,,https://raw.githubusercontent.com/rishs-afk/JoharProductReview/main/shopify_upload/matched_images/TB5062Y4JJJ-2.jpg,1,Precious Metal (No Stones) Bracelets,false,Precious Metal (No Stones) Bracelets,,625,Gabriel & Co.,,,,,,,,,,g,,390.00,active
tb5062y4jjj,,,,,,,,,,,,,,,,,,,,,,,,,,,,,,,,https://raw.githubusercontent.com/rishs-afk/JoharProductReview/main/shopify_upload/matched_images/TB5062Y4JJJ-1.jpg,2,Precious Metal (No Stones) Bracelets,,,,,,,,,,,,,,,,,,
tb5062y4jjj,,,,,,,,,,,,,,,,,,,,,,,,,,,,,,,,https://raw.githubusercontent.com/rishs-afk/JoharProductReview/main/shopify_upload/matched_images/TB5062Y4JJJ-3.jpg,3,Precious Metal (No Stones) Bracelets,,,,,,,,,,,,,,,,,,
tb5062y4jjj,,,,,,,,,,,,,,,,,,,,,,,,,,,,,,,,https://raw.githubusercontent.com/rishs-afk/JoharProductReview/main/shopify_upload/matched_images/TB5062Y4JJJ-4.jpg,4,Precious Metal (No Stones) Bracelets,,,,,,,,,,,,,,,,,,
tb5001a-y4jjj,Precious Metal (No Stones) Bracelets,Initial Collection<br>Letter A<br>Gold Beaded Bracelet<br>14 Karat Yellow Gold<br>S1924980 #120,Gabriel & Co,Apparel & Accessories > Jewelry > Bracelets,Bracelets,"Anniversary, Birthday, Category 440, Everyday, For Her, For Mom, Gift, Helios Migrated, Stackable",true,Material,14 Karat Gold,,Metal Color,Yellow Gold,,,,,TB5001A-Y4JJJ,0.0,shopify,0,deny,manual,1100.00,,true,true,,,,,,https://raw.githubusercontent.com/rishs-afk/JoharProductReview/main/shopify_upload/matched_images/TB5001A-Y4JJJ-2.jpg,1,Precious Metal (No Stones) Bracelets,false,Precious Metal (No Stones) Bracelets,,626,Gabriel & Co.,,,,,,,,,,g,,259.00,active
tb5001a-y4jjj,,,,,,,,,,,,,,,,,,,,,,,,,,,,,,,,https://raw.githubusercontent.com/rishs-afk/JoharProductReview/main/shopify_upload/matched_images/TB5001A-Y4JJJ-1.jpg,2,Precious Metal (No Stones) Bracelets,,,,,,,,,,,,,,,,,,
tb5001a-y4jjj,,,,,,,,,,,,,,,,,,,,,,,,,,,,,,,,https://raw.githubusercontent.com/rishs-afk/JoharProductReview/main/shopify_upload/matched_images/TB5001A-Y4JJJ-4.jpg,3,Precious Metal (No Stones) Bracelets,,,,,,,,,,,,,,,,,,
tb5001a-y4jjj,,,,,,,,,,,,,,,,,,,,,,,,,,,,,,,,https://raw.githubusercontent.com/rishs-afk/JoharProductReview/main/shopify_upload/matched_images/TB5001A-Y4JJJ-3.jpg,4,Precious Metal (No Stones) Bracelets,,,,,,,,,,,,,,,,,,
tb5001a-y4jjj,,,,,,,,,,,,,,,,,,,,,,,,,,,,,,,,https://raw.githubusercontent.com/rishs-afk/JoharProductReview/main/shopify_upload/matched_images/TB5001A-Y4JJJ-5.jpg,5,Precious Metal (No Stones) Bracelets,,,,,,,,,,,,,,,,,,
tb4638y4jjj,Precious Metal (No Stones) Bracelets,14 Karat Solid Yellow Gold Cross Bracelet<br>Sideways Cross Bujukan Beads<br>S1931971 #94,Gabriel & Co,Apparel & Accessories > Jewelry > Bracelets,Bracelets,"Anniversary, Birthday, Category 440, Everyday, For Her, For Mom, Gift, Helios Migrated, Stackable",true,Material,14 Karat Gold,,Metal Color,Yellow Gold,,,,,TB4638Y4JJJ,0.0,shopify,0,deny,manual,800.00,,true,true,,,,,,https://raw.githubusercontent.com/rishs-afk/JoharProductReview/main/shopify_upload/matched_images/TB4638Y4JJJ-2.jpg,1,Precious Metal (No Stones) Bracelets,false,Precious Metal (No Stones) Bracelets,,628,Gabriel & Co.,,,,,,,,,,g,,193.00,active
tb4638y4jjj,,,,,,,,,,,,,,,,,,,,,,,,,,,,,,,,https://raw.githubusercontent.com/rishs-afk/JoharProductReview/main/shopify_upload/matched_images/TB4638Y4JJJ-1.jpg,2,Precious Metal (No Stones) Bracelets,,,,,,,,,,,,,,,,,,
tb4638y4jjj,,,,,,,,,,,,,,,,,,,,,,,,,,,,,,,,https://raw.githubusercontent.com/rishs-afk/JoharProductReview/main/shopify_upload/matched_images/TB4638Y4JJJ-3.jpg,3,Precious Metal (No Stones) Bracelets,,,,,,,,,,,,,,,,,,
ec1023y4jjj,Precious Metal (No Stones) Pendants / Charms,<p>14KY BUJUKAN BEAD CHARM S1976338 #237</p>,Gabriel & Co,Apparel & Accessories > Jewelry > Charms & Pendants,Charms,"Anniversary, Birthday, Category 435, Everyday, For Her, For Mom, Gift, Helios Migrated, Stackable",true,Material,14 Karat Gold,,Metal Color,Unknown,,,,,EC1023Y4JJJ,0.0,shopify,0,deny,manual,405.00,,true,true,,,,,,https://raw.githubusercontent.com/rishs-afk/JoharProductReview/main/shopify_upload/matched_images/EC1023Y4JJJ-3.jpg,1,Precious Metal (No Stones) Pendants / Charms,false,Precious Metal (No Stones) Pendants / Charms,,509,Gabriel & Co.,,,,,,,,,,g,,98.00,active
ec1023y4jjj,,,,,,,,,,,,,,,,,,,,,,,,,,,,,,,,https://raw.githubusercontent.com/rishs-afk/JoharProductReview/main/shopify_upload/matched_images/EC1023Y4JJJ-1.jpg,2,Precious Metal (No Stones) Pendants / Charms,,,,,,,,,,,,,,,,,,
ec1023y4jjj,,,,,,,,,,,,,,,,,,,,,,,,,,,,,,,,https://raw.githubusercontent.com/rishs-afk/JoharProductReview/main/shopify_upload/matched_images/EC1023Y4JJJ-4.jpg,3,Precious Metal (No Stones) Pendants / Charms,,,,,,,,,,,,,,,,,,
ec1023y4jjj,,,,,,,,,,,,,,,,,,,,,,,,,,,,,,,,https://raw.githubusercontent.com/rishs-afk/JoharProductReview/main/shopify_upload/matched_images/EC1023Y4JJJ-2.jpg,4,Precious Metal (No Stones) Pendants / Charms,,,,,,,,,,,,,,,,,,
ec1023y4jjj,,,,,,,,,,,,,,,,,,,,,,,,,,,,,,,,https://raw.githubusercontent.com/rishs-afk/JoharProductReview/main/shopify_upload/matched_images/EC1023Y4JJJ-5.jpg,5,Precious Metal (No Stones) Pendants / Charms,,,,,,,,,,,,,,,,,,
nk6928s-y4jjj,Precious Metal (No Stones) Necklaces,Initial Collection<br>14 Karat Yellow Gold<br>Letter S<br>S1922691 #201,Gabriel & Co,Apparel & Accessories > Jewelry > Necklaces,Necklaces,"Anniversary, Birthday, Category 431, Everyday, For Her, For Mom, Gift, Helios Migrated, Stackable",true,Material,14 Karat Gold,,Metal Color,Yellow Gold,,,,,NK6928S-Y4JJJ,0.0,shopify,0,deny,manual,465.00,,true,true,,,,,,https://raw.githubusercontent.com/rishs-afk/JoharProductReview/main/shopify_upload/matched_images/NK6928S-Y4JJJ-2.jpg,1,Precious Metal (No Stones) Necklaces,false,Precious Metal (No Stones) Necklaces,,621,Gabriel & Co.,,,,,,,,,,g,,125.00,active
nk6928s-y4jjj,,,,,,,,,,,,,,,,,,,,,,,,,,,,,,,,https://raw.githubusercontent.com/rishs-afk/JoharProductReview/main/shopify_upload/matched_images/NK6928S-Y4JJJ-1.jpg,2,Precious Metal (No Stones) Necklaces,,,,,,,,,,,,,,,,,,
nk6928s-y4jjj,,,,,,,,,,,,,,,,,,,,,,,,,,,,,,,,https://raw.githubusercontent.com/rishs-afk/JoharProductReview/main/shopify_upload/matched_images/NK6928S-Y4JJJ-4.jpg,3,Precious Metal (No Stones) Necklaces,,,,,,,,,,,,,,,,,,
nk6928s-y4jjj,,,,,,,,,,,,,,,,,,,,,,,,,,,,,,,,https://raw.githubusercontent.com/rishs-afk/JoharProductReview/main/shopify_upload/matched_images/NK6928S-Y4JJJ-3.jpg,4,Precious Metal (No Stones) Necklaces,,,,,,,,,,,,,,,,,,
nk6862m45jj,Precious Metal (No Stones) Necklaces,14 Karat Yellow Gold Bujukan Pendant<br>Diamond Carat Weight: 0.03CT<br>S1909955 #33,Gabriel & Co,Apparel & Accessories > Jewelry > Necklaces,Necklaces,"Anniversary, Birthday, Category 431, Everyday, For Her, For Mom, Gift, Helios Migrated, Stackable",true,Material,14 Karat Gold,,Metal Color,Yellow Gold,,,,,NK6862M45JJ,0.0,shopify,0,deny,manual,1050.00,,true,true,,,,,,https://raw.githubusercontent.com/rishs-afk/JoharProductReview/main/shopify_upload/matched_images/NK6862M45JJ-2.jpg,1,Precious Metal (No Stones) Necklaces,false,Precious Metal (No Stones) Necklaces,,629,Gabriel & Co.,,,,,,,,,,g,,273.00,active
nk6862m45jj,,,,,,,,,,,,,,,,,,,,,,,,,,,,,,,,https://raw.githubusercontent.com/rishs-afk/JoharProductReview/main/shopify_upload/matched_images/NK6862M45JJ-1.jpg,2,Precious Metal (No Stones) Necklaces,,,,,,,,,,,,,,,,,,
nk6862m45jj,,,,,,,,,,,,,,,,,,,,,,,,,,,,,,,,https://raw.githubusercontent.com/rishs-afk/JoharProductReview/main/shopify_upload/matched_images/NK6862M45JJ-3.jpg,3,Precious Metal (No Stones) Necklaces,,,,,,,,,,,,,,,,,,
nk7074y4jjj,Precious Metal (No Stones) Necklaces,<p>14KYG BUJUKAN CROSS S1920793 #30</p>,Gabriel & Co,Apparel & Accessories > Jewelry > Necklaces,Necklaces,"Anniversary, Birthday, Category 431, Everyday, For Her, For Mom, Gift, Helios Migrated, Stackable",true,Material,14 Karat Gold,,Metal Color,Yellow Gold,,,,,NK7074Y4JJJ,0.0,shopify,0,deny,manual,825.00,,true,true,,,,,,https://raw.githubusercontent.com/rishs-afk/JoharProductReview/main/shopify_upload/matched_images/NK7074Y4JJJ-2.jpg,1,Precious Metal (No Stones) Necklaces,false,Precious Metal (No Stones) Necklaces,,629,Gabriel & Co.,,,,,,,,,,g,,196.00,active
nk7074y4jjj,,,,,,,,,,,,,,,,,,,,,,,,,,,,,,,,https://raw.githubusercontent.com/rishs-afk/JoharProductReview/main/shopify_upload/matched_images/NK7074Y4JJJ-1.jpg,2,Precious Metal (No Stones) Necklaces,,,,,,,,,,,,,,,,,,
nk7074y4jjj,,,,,,,,,,,,,,,,,,,,,,,,,,,,,,,,https://raw.githubusercontent.com/rishs-afk/JoharProductReview/main/shopify_upload/matched_images/NK7074Y4JJJ-3.jpg,3,Precious Metal (No Stones) Necklaces,,,,,,,,,,,,,,,,,,
nk7131y4jjj,Precious Metal (No Stones) Necklaces,<p>14KYG BUJUKAN PCCH S1891043 #29</p>,Gabriel & Co,Apparel & Accessories > Jewelry > Necklaces,Necklaces,"Anniversary, Birthday, Category 431, Everyday, For Her, For Mom, Gift, Helios Migrated, Stackable, Statement",true,Material,14 Karat Gold,,Metal Color,Yellow Gold,,,,,NK7131Y4JJJ,0.0,shopify,0,deny,manual,1650.00,,true,true,,,,,,https://raw.githubusercontent.com/rishs-afk/JoharProductReview/main/shopify_upload/matched_images/NK7131Y4JJJ-2.jpg,1,Precious Metal (No Stones) Necklaces,false,Precious Metal (No Stones) Necklaces,,629,Gabriel & Co.,,,,,,,,,,g,,397.00,active
nk7131y4jjj,,,,,,,,,,,,,,,,,,,,,,,,,,,,,,,,https://raw.githubusercontent.com/rishs-afk/JoharProductReview/main/shopify_upload/matched_images/NK7131Y4JJJ-1.jpg,2,Precious Metal (No Stones) Necklaces,,,,,,,,,,,,,,,,,,
nk7131y4jjj,,,,,,,,,,,,,,,,,,,,,,,,,,,,,,,,https://raw.githubusercontent.com/rishs-afk/JoharProductReview/main/shopify_upload/matched_images/NK7131Y4JJJ-4.jpg,3,Precious Metal (No Stones) Necklaces,,,,,,,,,,,,,,,,,,
nk7131y4jjj,,,,,,,,,,,,,,,,,,,,,,,,,,,,,,,,https://raw.githubusercontent.com/rishs-afk/JoharProductReview/main/shopify_upload/matched_images/NK7131Y4JJJ-5.jpg,4,Precious Metal (No Stones) Necklaces,,,,,,,,,,,,,,,,,,
nk7131y4jjj,,,,,,,,,,,,,,,,,,,,,,,,,,,,,,,,https://raw.githubusercontent.com/rishs-afk/JoharProductReview/main/shopify_upload/matched_images/NK7131Y4JJJ-3.jpg,5,Precious Metal (No Stones) Necklaces,,,,,,,,,,,,,,,,,,
nk6928a-y4jjj,Precious Metal (No Stones) Necklaces,Initial Collection<br>14 Karat Yellow Gold<br>Letter A<br>S1920858 #14,Gabriel & Co,Apparel & Accessories > Jewelry > Necklaces,Necklaces,"Anniversary, Birthday, Category 431, Everyday, For Her, For Mom, Gift, Helios Migrated, Stackable",true,Material,14 Karat Gold,,Metal Color,Yellow Gold,,,,,NK6928A-Y4JJJ,0.0,shopify,0,deny,manual,465.00,,true,true,,,,,,https://raw.githubusercontent.com/rishs-afk/JoharProductReview/main/shopify_upload/matched_images/NK6928A-Y4JJJ-2.jpg,1,Precious Metal (No Stones) Necklaces,false,Precious Metal (No Stones) Necklaces,,629,Gabriel & Co.,,,,,,,,,,g,,125.00,active
nk6928a-y4jjj,,,,,,,,,,,,,,,,,,,,,,,,,,,,,,,,https://raw.githubusercontent.com/rishs-afk/JoharProductReview/main/shopify_upload/matched_images/NK6928A-Y4JJJ-1.jpg,2,Precious Metal (No Stones) Necklaces,,,,,,,,,,,,,,,,,,
nk6928a-y4jjj,,,,,,,,,,,,,,,,,,,,,,,,,,,,,,,,https://raw.githubusercontent.com/rishs-afk/JoharProductReview/main/shopify_upload/matched_images/NK6928A-Y4JJJ-4.jpg,3,Precious Metal (No Stones) Necklaces,,,,,,,,,,,,,,,,,,
nk6928a-y4jjj,,,,,,,,,,,,,,,,,,,,,,,,,,,,,,,,https://raw.githubusercontent.com/rishs-afk/JoharProductReview/main/shopify_upload/matched_images/NK6928A-Y4JJJ-3.jpg,4,Precious Metal (No Stones) Necklaces,,,,,,,,,,,,,,,,,,
nk6479y4jjj,Precious Metal (No Stones) Necklaces,<p>14KYG LOVE NCKLC S2257657 #162</p>,Gabriel & Co,Apparel & Accessories > Jewelry > Necklaces,Necklaces,"Anniversary, Birthday, Category 431, Everyday, For Her, For Mom, Gift, Helios Migrated, Stackable",true,Material,14 Karat Gold,,Metal Color,Yellow Gold,,,,,NK6479Y4JJJ,0.0,shopify,0,deny,manual,775.00,,true,true,,,,,,https://raw.githubusercontent.com/rishs-afk/JoharProductReview/main/shopify_upload/matched_images/NK6479Y4JJJ-2.jpg,1,Precious Metal (No Stones) Necklaces,false,Precious Metal (No Stones) Necklaces,,65,Gabriel & Co.,,,,,,,,,,g,,270.00,active
nk6479y4jjj,,,,,,,,,,,,,,,,,,,,,,,,,,,,,,,,https://raw.githubusercontent.com/rishs-afk/JoharProductReview/main/shopify_upload/matched_images/NK6479Y4JJJ-1.jpg,2,Precious Metal (No Stones) Necklaces,,,,,,,,,,,,,,,,,,
nk6479y4jjj,,,,,,,,,,,,,,,,,,,,,,,,,,,,,,,,https://raw.githubusercontent.com/rishs-afk/JoharProductReview/main/shopify_upload/matched_images/NK6479Y4JJJ-3.jpg,3,Precious Metal (No Stones) Necklaces,,,,,,,,,,,,,,,,,,
nk6479y4jjj,,,,,,,,,,,,,,,,,,,,,,,,,,,,,,,,https://raw.githubusercontent.com/rishs-afk/JoharProductReview/main/shopify_upload/matched_images/NK6479Y4JJJ-4.jpg,4,Precious Metal (No Stones) Necklaces,,,,,,,,,,,,,,,,,,
nk7670y4jjj,Precious Metal (No Stones) Necklaces,14 Karat Solid Yellow Gold<br>Fleur De Lis Cross<br>S1924978 #227,Gabriel & Co,Apparel & Accessories > Jewelry > Necklaces,Necklaces,"Anniversary, Birthday, Category 431, Everyday, For Her, For Mom, Gift, Helios Migrated, Stackable",true,Material,14 Karat Gold,,Metal Color,Yellow Gold,,,,,NK7670Y4JJJ,0.0,shopify,0,deny,manual,700.00,,true,true,,,,,,https://raw.githubusercontent.com/rishs-afk/JoharProductReview/main/shopify_upload/matched_images/NK7670Y4JJJ-2.jpg,1,Precious Metal (No Stones) Necklaces,false,Precious Metal (No Stones) Necklaces,,621,Gabriel & Co.,,,,,,,,,,g,,182.00,active
nk7670y4jjj,,,,,,,,,,,,,,,,,,,,,,,,,,,,,,,,https://raw.githubusercontent.com/rishs-afk/JoharProductReview/main/shopify_upload/matched_images/NK7670Y4JJJ-1.jpg,2,Precious Metal (No Stones) Necklaces,,,,,,,,,,,,,,,,,,
nk7670y4jjj,,,,,,,,,,,,,,,,,,,,,,,,,,,,,,,,https://raw.githubusercontent.com/rishs-afk/JoharProductReview/main/shopify_upload/matched_images/NK7670Y4JJJ-4.jpg,3,Precious Metal (No Stones) Necklaces,,,,,,,,,,,,,,,,,,
nk7670y4jjj,,,,,,,,,,,,,,,,,,,,,,,,,,,,,,,,https://raw.githubusercontent.com/rishs-afk/JoharProductReview/main/shopify_upload/matched_images/NK7670Y4JJJ-3.jpg,4,Precious Metal (No Stones) Necklaces,,,,,,,,,,,,,,,,,,
nk6835y4jjj,Precious Metal (No Stones) Necklaces,14 Karat Solid Yellow Gold Bujukan Necklace<br>Beaded 18 Inch Cable Chain<br>S1916688 #38,Gabriel & Co,Apparel & Accessories > Jewelry > Necklaces,Necklaces,"Anniversary, Birthday, Category 431, Everyday, For Her, For Mom, Gift, Helios Migrated, Stackable, Statement",true,Material,14 Karat Gold,,Metal Color,Yellow Gold,,,,,NK6835Y4JJJ,0.0,shopify,0,deny,manual,1675.00,,true,true,,,,,,https://raw.githubusercontent.com/rishs-afk/JoharProductReview/main/shopify_upload/matched_images/NK6835Y4JJJ-2.jpg,1,Precious Metal (No Stones) Necklaces,false,Precious Metal (No Stones) Necklaces,,629,Gabriel & Co.,,,,,,,,,,g,,426.00,active
nk6835y4jjj,,,,,,,,,,,,,,,,,,,,,,,,,,,,,,,,https://raw.githubusercontent.com/rishs-afk/JoharProductReview/main/shopify_upload/matched_images/NK6835Y4JJJ-1.jpg,2,Precious Metal (No Stones) Necklaces,,,,,,,,,,,,,,,,,,
nk6835y4jjj,,,,,,,,,,,,,,,,,,,,,,,,,,,,,,,,https://raw.githubusercontent.com/rishs-afk/JoharProductReview/main/shopify_upload/matched_images/NK6835Y4JJJ-3.jpg,3,Precious Metal (No Stones) Necklaces,,,,,,,,,,,,,,,,,,
nk7636y4jjj,Precious Metal (No Stones) Necklaces,Paw Print Necklace<br>14 Karat Yellow Gold<br>S1916603 #32,Gabriel & Co,Apparel & Accessories > Jewelry > Necklaces,Necklaces,"Anniversary, Birthday, Category 431, Everyday, For Her, For Mom, Gift, Helios Migrated, Stackable",true,Material,14 Karat Gold,,Metal Color,Yellow Gold,,,,,NK7636Y4JJJ,0.0,shopify,0,deny,manual,1100.00,,true,true,,,,,,https://raw.githubusercontent.com/rishs-afk/JoharProductReview/main/shopify_upload/matched_images/NK7636Y4JJJ-2.jpg,1,Precious Metal (No Stones) Necklaces,false,Precious Metal (No Stones) Necklaces,,629,Gabriel & Co.,,,,,,,,,,g,,225.00,active
nk7636y4jjj,,,,,,,,,,,,,,,,,,,,,,,,,,,,,,,,https://raw.githubusercontent.com/rishs-afk/JoharProductReview/main/shopify_upload/matched_images/NK7636Y4JJJ-1.jpg,2,Precious Metal (No Stones) Necklaces,,,,,,,,,,,,,,,,,,
nk7636y4jjj,,,,,,,,,,,,,,,,,,,,,,,,,,,,,,,,https://raw.githubusercontent.com/rishs-afk/JoharProductReview/main/shopify_upload/matched_images/NK7636Y4JJJ-3.jpg,3,Precious Metal (No Stones) Necklaces,,,,,,,,,,,,,,,,,,
eg15589y4jjj,Precious Metal (No Stones) Earrings,14 Karat Solid Yellow Gold<br>Bujukan Bullet Ear Climber Earrings<br>S2219595 #27,Gabriel & Co,Apparel & Accessories > Jewelry > Earrings,Earrings,"Anniversary, Birthday, Category 425, Everyday, For Her, For Mom, Gift, Helios Migrated, Stackable",true,Material,14 Karat Gold,,Metal Color,Yellow Gold,,,,,EG15589Y4JJJ,0.0,shopify,0,deny,manual,800.00,,true,true,,,,,,https://raw.githubusercontent.com/rishs-afk/JoharProductReview/main/shopify_upload/matched_images/EG15589Y4JJJ-2.jpg,1,Precious Metal (No Stones) Earrings,false,Precious Metal (No Stones) Earrings,,147,Gabriel & Co.,,,,,,,,,,g,,246.00,active
eg15589y4jjj,,,,,,,,,,,,,,,,,,,,,,,,,,,,,,,,https://raw.githubusercontent.com/rishs-afk/JoharProductReview/main/shopify_upload/matched_images/EG15589Y4JJJ-1.jpg,2,Precious Metal (No Stones) Earrings,,,,,,,,,,,,,,,,,,
eg15589y4jjj,,,,,,,,,,,,,,,,,,,,,,,,,,,,,,,,https://raw.githubusercontent.com/rishs-afk/JoharProductReview/main/shopify_upload/matched_images/EG15589Y4JJJ-3.jpg,3,Precious Metal (No Stones) Earrings,,,,,,,,,,,,,,,,,,
eg15163y4jjj,Precious Metal (No Stones) Earrings,14 Karat Yellow Gold Bujukan Hoops<br>Oval Hoops<br>S1925001 #181,Gabriel & Co,Apparel & Accessories > Jewelry > Earrings,Earrings,"Anniversary, Birthday, Category 425, Everyday, For Her, For Mom, Gift, Helios Migrated, Hoop, Stackable",true,Material,14 Karat Gold,,Metal Color,Yellow Gold,,,,,EG15163Y4JJJ,0.0,shopify,0,deny,manual,1325.00,,true,true,,,,,,https://raw.githubusercontent.com/rishs-afk/JoharProductReview/main/shopify_upload/matched_images/EG15163Y4JJJ-3.jpg,1,Precious Metal (No Stones) Earrings,false,Precious Metal (No Stones) Earrings,,622,Gabriel & Co.,,,,,,,,,,g,,317.00,active
eg15163y4jjj,,,,,,,,,,,,,,,,,,,,,,,,,,,,,,,,https://raw.githubusercontent.com/rishs-afk/JoharProductReview/main/shopify_upload/matched_images/EG15163Y4JJJ-1.jpg,2,Precious Metal (No Stones) Earrings,,,,,,,,,,,,,,,,,,
eg15163y4jjj,,,,,,,,,,,,,,,,,,,,,,,,,,,,,,,,https://raw.githubusercontent.com/rishs-afk/JoharProductReview/main/shopify_upload/matched_images/EG15163Y4JJJ-2.jpg,3,Precious Metal (No Stones) Earrings,,,,,,,,,,,,,,,,,,
eg15163y4jjj,,,,,,,,,,,,,,,,,,,,,,,,,,,,,,,,https://raw.githubusercontent.com/rishs-afk/JoharProductReview/main/shopify_upload/matched_images/EG15163Y4JJJ-4.jpg,4,Precious Metal (No Stones) Earrings,,,,,,,,,,,,,,,,,,
eg14009y4jjj,Precious Metal (No Stones) Earrings,14 Karat Solid Yellow Gold Huggies<br>Style: Twisted Rope<br>S1916545 #24,Gabriel & Co,Apparel & Accessories > Jewelry > Earrings,Earrings,"Anniversary, Birthday, Category 425, Everyday, For Her, For Mom, Gift, Helios Migrated, Stackable",true,Material,14 Karat Gold,,Metal Color,Yellow Gold,,,,,EG14009Y4JJJ,0.0,shopify,0,deny,manual,625.00,,true,true,,,,,,https://raw.githubusercontent.com/rishs-afk/JoharProductReview/main/shopify_upload/matched_images/EG14009Y4JJJ-1.jpg,1,Precious Metal (No Stones) Earrings,false,Precious Metal (No Stones) Earrings,,629,Gabriel & Co.,,,,,,,,,,g,,170.00,active
eg14009y4jjj,,,,,,,,,,,,,,,,,,,,,,,,,,,,,,,,https://raw.githubusercontent.com/rishs-afk/JoharProductReview/main/shopify_upload/matched_images/EG14009Y4JJJ-3.jpg,2,Precious Metal (No Stones) Earrings,,,,,,,,,,,,,,,,,,
eg14009y4jjj,,,,,,,,,,,,,,,,,,,,,,,,,,,,,,,,https://raw.githubusercontent.com/rishs-afk/JoharProductReview/main/shopify_upload/matched_images/EG14009Y4JJJ-2.jpg,3,Precious Metal (No Stones) Earrings,,,,,,,,,,,,,,,,,,
lr53010ely8jjj,Precious Metal (No Stones) Fashion Rings - Women's,18 Karat Yellow Gold<br>Blue Enamel<br>Gabriel Limited Collection<br>S2292933<br>#52,Gabriel & Co,Apparel & Accessories > Jewelry > Rings,Rings,"Anniversary, Anniversary Bands, Birthday, Category 410, For Her, Gift, Helios Migrated, Statement",true,Material,18 Karat Gold,,Metal Color,Yellow Gold,,,,,LR53010ELY8JJJ,0.0,shopify,0,deny,manual,5801.00,,true,true,,,,,,https://raw.githubusercontent.com/rishs-afk/JoharProductReview/main/shopify_upload/matched_images/LR53010ELY8JJJ-2.jpg,1,Precious Metal (No Stones) Fashion Rings - Women's,false,Precious Metal (No Stones) Fashion Rings - Women's,,26,Gabriel & Co.,,,,,,,,,,g,,1760.00,active
lr53010ely8jjj,,,,,,,,,,,,,,,,,,,,,,,,,,,,,,,,https://raw.githubusercontent.com/rishs-afk/JoharProductReview/main/shopify_upload/matched_images/LR53010ELY8JJJ-4.jpg,2,Precious Metal (No Stones) Fashion Rings - Women's,,,,,,,,,,,,,,,,,,
lr53010ely8jjj,,,,,,,,,,,,,,,,,,,,,,,,,,,,,,,,https://raw.githubusercontent.com/rishs-afk/JoharProductReview/main/shopify_upload/matched_images/LR53010ELY8JJJ-1.jpg,3,Precious Metal (No Stones) Fashion Rings - Women's,,,,,,,,,,,,,,,,,,
lr53010ely8jjj,,,,,,,,,,,,,,,,,,,,,,,,,,,,,,,,https://raw.githubusercontent.com/rishs-afk/JoharProductReview/main/shopify_upload/matched_images/LR53010ELY8JJJ-3.jpg,4,Precious Metal (No Stones) Fashion Rings - Women's,,,,,,,,,,,,,,,,,,
lr52716y4jjj,Precious Metal (No Stones) Fashion Rings - Women's,14 Karat Yellow Gold Ripple Band<br>S1926935 #60,Gabriel & Co,Apparel & Accessories > Jewelry > Rings,Rings,"Anniversary, Anniversary Bands, Birthday, Category 410, Everyday, For Her, For Mom, Gift, Helios Migrated, Statement",true,Material,14 Karat Gold,,Metal Color,Yellow Gold,,,,,LR52716Y4JJJ,0.0,shopify,0,deny,manual,3599.00,,true,true,,,,,,https://raw.githubusercontent.com/rishs-afk/JoharProductReview/main/shopify_upload/matched_images/LR52716Y4JJJ-2.jpg,1,Precious Metal (No Stones) Fashion Rings - Women's,false,Precious Metal (No Stones) Fashion Rings - Women's,,629,Gabriel & Co.,,,,,,,,,,g,,893.00,active
lr52716y4jjj,,,,,,,,,,,,,,,,,,,,,,,,,,,,,,,,https://raw.githubusercontent.com/rishs-afk/JoharProductReview/main/shopify_upload/matched_images/LR52716Y4JJJ-4.jpg,2,Precious Metal (No Stones) Fashion Rings - Women's,,,,,,,,,,,,,,,,,,
lr52716y4jjj,,,,,,,,,,,,,,,,,,,,,,,,,,,,,,,,https://raw.githubusercontent.com/rishs-afk/JoharProductReview/main/shopify_upload/matched_images/LR52716Y4JJJ-1.jpg,3,Precious Metal (No Stones) Fashion Rings - Women's,,,,,,,,,,,,,,,,,,
lr52716y4jjj,,,,,,,,,,,,,,,,,,,,,,,,,,,,,,,,https://raw.githubusercontent.com/rishs-afk/JoharProductReview/main/shopify_upload/matched_images/LR52716Y4JJJ-3.jpg,4,Precious Metal (No Stones) Fashion Rings - Women's,,,,,,,,,,,,,,,,,,
lr52716y4jjj,,,,,,,,,,,,,,,,,,,,,,,,,,,,,,,,https://raw.githubusercontent.com/rishs-afk/JoharProductReview/main/shopify_upload/matched_images/LR52716Y4JJJ-6.jpg,5,Precious Metal (No Stones) Fashion Rings - Women's,,,,,,,,,,,,,,,,,,
lr52716y4jjj,,,,,,,,,,,,,,,,,,,,,,,,,,,,,,,,https://raw.githubusercontent.com/rishs-afk/JoharProductReview/main/shopify_upload/matched_images/LR52716Y4JJJ-5.jpg,6,Precious Metal (No Stones) Fashion Rings - Women's,,,,,,,,,,,,,,,,,,
sc55025638,Pearl Necklace,<p>14KYG CULTURED PEARL TENNIS NECKLACE</p>,Shy Creation,Apparel & Accessories > Jewelry > Necklaces,Necklaces,"Anniversary, Birthday, Category 325, For Her, Gift, Helios Migrated, Statement, Tennis",true,Material,14 Karat Gold,,Stone Type,Pearls,,Metal Color,Yellow Gold,,SC55025638,0.0,shopify,0,deny,manual,1680.00,,true,true,,,,,,https://raw.githubusercontent.com/rishs-afk/JoharProductReview/main/shopify_upload/matched_images/SC55025638.JPG,1,Pearl Necklace,false,Pearl Necklace,,943,Shy Creation,,,,,,,,,,g,,473.00,active
sc55025638,,,,,,,,,,,,,,,,,,,,,,,,,,,,,,,,https://raw.githubusercontent.com/rishs-afk/JoharProductReview/main/shopify_upload/matched_images/WEB_ALT_SC55025638.JPG,2,Pearl Necklace,,,,,,,,,,,,,,,,,,
sc55023951,Pearl Necklace,14 Karat Solid Yellow Gold<br>Diamond &amp; Pearl Necklace<br>Diamond Total Carat Weight: 0.08,DIAMOND RING CO,Apparel & Accessories > Jewelry > Necklaces,Necklaces,"Anniversary, Birthday, Category 325, Everyday, For Her, For Mom, Gift, Helios Migrated, Statement",true,Material,14 Karat Gold,,Stone Type,"Natural Diamond, Pearls",,Metal Color,Yellow Gold,,SC55023951,0.0,shopify,0,deny,manual,625.00,,true,true,,,,,,https://raw.githubusercontent.com/rishs-afk/JoharProductReview/main/shopify_upload/matched_images/SC55023951.JPG,1,Pearl Necklace,false,Pearl Necklace,,147,Shy Creation,,,,,,,,,,g,,268.75,active
sc55023951,,,,,,,,,,,,,,,,,,,,,,,,,,,,,,,,https://raw.githubusercontent.com/rishs-afk/JoharProductReview/main/shopify_upload/matched_images/WEB_ALT_SC55024536_SC55024533_SC55023951.JPG,2,Pearl Necklace,,,,,,,,,,,,,,,,,,
nk7704y4jpl,Pearl Necklace,Pearl Droplet Layered Necklace<br>14 Karat Yellow Gold<br>S1925008 #108,Gabriel & Co,Apparel & Accessories > Jewelry > Necklaces,Necklaces,"Anniversary, Birthday, Category 325, Drop/Dangle, Everyday, For Her, For Mom, Gift, Helios Migrated, Stackable",true,Material,14 Karat Gold,,Stone Type,Pearls,,Metal Color,Yellow Gold,,NK7704Y4JPL,0.0,shopify,0,deny,manual,3350.00,,true,true,,,,,,https://raw.githubusercontent.com/rishs-afk/JoharProductReview/main/shopify_upload/matched_images/NK7704Y4JPL-1.jpg,1,Pearl Necklace,false,Pearl Necklace,,626,Gabriel & Co.,,,,,,,,,,g,,875.00,active
nk7704y4jpl,,,,,,,,,,,,,,,,,,,,,,,,,,,,,,,,https://raw.githubusercontent.com/rishs-afk/JoharProductReview/main/shopify_upload/matched_images/NK7704Y4JPL-2.jpg,2,Pearl Necklace,,,,,,,,,,,,,,,,,,
nk7704y4jpl,,,,,,,,,,,,,,,,,,,,,,,,,,,,,,,,https://raw.githubusercontent.com/rishs-afk/JoharProductReview/main/shopify_upload/matched_images/NK7704Y4JPL-4.jpg,3,Pearl Necklace,,,,,,,,,,,,,,,,,,
nk7704y4jpl,,,,,,,,,,,,,,,,,,,,,,,,,,,,,,,,https://raw.githubusercontent.com/rishs-afk/JoharProductReview/main/shopify_upload/matched_images/NK7704Y4JPL-3.jpg,4,Pearl Necklace,,,,,,,,,,,,,,,,,,
sc55025600v2,Pearl Pendants,Mother Of Pearl Clover Necklace<br>14 Karat Yellow Gold<br>Mother Of Pearl Carat Weight: 0.33,Shy Creation,Apparel & Accessories > Jewelry > Charms & Pendants,Necklaces,"Anniversary, Birthday, Category 320, Everyday, For Her, For Mom, Gift, Helios Migrated, Stackable",true,Material,14 Karat Gold,,Stone Type,Pearls,,Metal Color,Yellow Gold,,SC55025600V2,0.0,shopify,0,deny,manual,750.00,,true,true,,,,,,https://raw.githubusercontent.com/rishs-afk/JoharProductReview/main/shopify_upload/matched_images/SC55025600V2.JPG,1,Pearl Pendants,false,Pearl Pendants,,509,Shy Creation,,,,,,,,,,g,,169.85,active
sc55025600v2,,,,,,,,,,,,,,,,,,,,,,,,,,,,,,,,https://raw.githubusercontent.com/rishs-afk/JoharProductReview/main/shopify_upload/matched_images/WEB_ALT_SC55025600V2.JPG,2,Pearl Pendants,,,,,,,,,,,,,,,,,,
ec1022y4jpl,Pearl Pendants,<p>14KYG PEARL EARRING CHARM S1976337 #236</p>,Gabriel & Co,Apparel & Accessories > Jewelry > Charms & Pendants,Charms,"Anniversary, Birthday, Category 320, Everyday, For Her, Gift, Helios Migrated, Stackable",true,Material,14 Karat Gold,,Stone Type,Pearls,,Metal Color,Yellow Gold,,EC1022Y4JPL,0.0,shopify,0,deny,manual,285.00,,true,true,,,,,,https://raw.githubusercontent.com/rishs-afk/JoharProductReview/main/shopify_upload/matched_images/EC1022Y4JPL-3.jpg,1,Pearl Pendants,false,Pearl Pendants,,509,Gabriel & Co.,,,,,,,,,,g,,103.00,active
ec1022y4jpl,,,,,,,,,,,,,,,,,,,,,,,,,,,,,,,,https://raw.githubusercontent.com/rishs-afk/JoharProductReview/main/shopify_upload/matched_images/EC1022Y4JPL-1.jpg,2,Pearl Pendants,,,,,,,,,,,,,,,,,,
ec1022y4jpl,,,,,,,,,,,,,,,,,,,,,,,,,,,,,,,,https://raw.githubusercontent.com/rishs-afk/JoharProductReview/main/shopify_upload/matched_images/EC1022Y4JPL-4.jpg,3,Pearl Pendants,,,,,,,,,,,,,,,,,,
ec1022y4jpl,,,,,,,,,,,,,,,,,,,,,,,,,,,,,,,,https://raw.githubusercontent.com/rishs-afk/JoharProductReview/main/shopify_upload/matched_images/EC1022Y4JPL-5.jpg,4,Pearl Pendants,,,,,,,,,,,,,,,,,,
ec1022y4jpl,,,,,,,,,,,,,,,,,,,,,,,,,,,,,,,,https://raw.githubusercontent.com/rishs-afk/JoharProductReview/main/shopify_upload/matched_images/EC1022Y4JPL-2.jpg,5,Pearl Pendants,,,,,,,,,,,,,,,,,,
nk7055y4jpl,Pearl Pendants,Pearl Droplet Pendant<br>14 Karat Yellow Gold<br>S1898326 #43,Gabriel & Co,Apparel & Accessories > Jewelry > Charms & Pendants,Necklaces,"Anniversary, Birthday, Category 320, Drop/Dangle, Everyday, For Her, For Mom, Gift, Helios Migrated, Stackable",true,Material,14 Karat Gold,,Stone Type,Pearls,,Metal Color,Yellow Gold,,NK7055Y4JPL,0.0,shopify,0,deny,manual,825.00,,true,true,,,,,,https://raw.githubusercontent.com/rishs-afk/JoharProductReview/main/shopify_upload/matched_images/NK7055Y4JPL-2.jpg,1,Pearl Pendants,false,Pearl Pendants,,629,Gabriel & Co.,,,,,,,,,,g,,179.00,active
nk7055y4jpl,,,,,,,,,,,,,,,,,,,,,,,,,,,,,,,,https://raw.githubusercontent.com/rishs-afk/JoharProductReview/main/shopify_upload/matched_images/NK7055Y4JPL-1.jpg,2,Pearl Pendants,,,,,,,,,,,,,,,,,,
nk7055y4jpl,,,,,,,,,,,,,,,,,,,,,,,,,,,,,,,,https://raw.githubusercontent.com/rishs-afk/JoharProductReview/main/shopify_upload/matched_images/NK7055Y4JPL-3.jpg,3,Pearl Pendants,,,,,,,,,,,,,,,,,,
sc36213972,Pearl Earrings,"Jackie Collection<br>Pearl Hoop Earrings<br>Hoop Size: 1.50""<br>14 Karat White Gold",DIAMOND RING CO,Apparel & Accessories > Jewelry > Earrings,Earrings,"Anniversary, Birthday, Category 310, For Her, Gift, Helios Migrated, Hoop, Statement",true,Material,14 Karat Gold,,Stone Type,Pearls,,Metal Color,White Gold,,SC36213972,0.0,shopify,0,deny,manual,895.00,,true,true,,,,,,https://raw.githubusercontent.com/rishs-afk/JoharProductReview/main/shopify_upload/matched_images/SC36213972.JPG,1,Pearl Earrings,false,Pearl Earrings,,10,Shy Creation,,,,,,,,,,g,,206.40,active
eg15190y4jpl,Pearl Earrings,14 Karat Yellow Gold<br>Paperclip Pearl Droplet Earrings<br>S1925030 #161,Gabriel & Co,Apparel & Accessories > Jewelry > Earrings,Earrings,"Anniversary, Birthday, Category 310, Drop/Dangle, For Her, For Mom, Gift, Helios Migrated, Statement",true,Material,14 Karat Gold,,Stone Type,Pearls,,Metal Color,Yellow Gold,,EG15190Y4JPL,0.0,shopify,0,deny,manual,1625.00,,true,true,,,,,,https://raw.githubusercontent.com/rishs-afk/JoharProductReview/main/shopify_upload/matched_images/EG15190Y4JPL-3.jpg,1,Pearl Earrings,false,Pearl Earrings,,625,Gabriel & Co.,,,,,,,,,,g,,423.00,active
eg15190y4jpl,,,,,,,,,,,,,,,,,,,,,,,,,,,,,,,,https://raw.githubusercontent.com/rishs-afk/JoharProductReview/main/shopify_upload/matched_images/EG15190Y4JPL-1.jpg,2,Pearl Earrings,,,,,,,,,,,,,,,,,,
eg15190y4jpl,,,,,,,,,,,,,,,,,,,,,,,,,,,,,,,,https://raw.githubusercontent.com/rishs-afk/JoharProductReview/main/shopify_upload/matched_images/EG15190Y4JPL-4.jpg,3,Pearl Earrings,,,,,,,,,,,,,,,,,,
eg15190y4jpl,,,,,,,,,,,,,,,,,,,,,,,,,,,,,,,,https://raw.githubusercontent.com/rishs-afk/JoharProductReview/main/shopify_upload/matched_images/EG15190Y4JPL-2.jpg,4,Pearl Earrings,,,,,,,,,,,,,,,,,,
eg14162y4jpl,Pearl Earrings,Bujukan Pearl Drop Hoops<br>14 Karat Yellow Gold<br>S1920866 #25,Gabriel & Co,Apparel & Accessories > Jewelry > Earrings,Earrings,"Anniversary, Birthday, Category 310, Drop/Dangle, Everyday, For Her, Gift, Helios Migrated, Hoop, Stackable",true,Material,14 Karat Gold,,Stone Type,Pearls,,Metal Color,Yellow Gold,,EG14162Y4JPL,0.0,shopify,0,deny,manual,1175.00,,true,true,,,,,,https://raw.githubusercontent.com/rishs-afk/JoharProductReview/main/shopify_upload/matched_images/EG14162Y4JPL-1.jpg,1,Pearl Earrings,false,Pearl Earrings,,629,Gabriel & Co.,,,,,,,,,,g,,288.00,active
eg14162y4jpl,,,,,,,,,,,,,,,,,,,,,,,,,,,,,,,,https://raw.githubusercontent.com/rishs-afk/JoharProductReview/main/shopify_upload/matched_images/EG14162Y4JPL-2.jpg,2,Pearl Earrings,,,,,,,,,,,,,,,,,,
cor36212928,Colored Stone Necklaces,14 Karat Sold Rose Gold<br>Red Agate and Diamond Necklace<br>Red Agate Total Carat Weight: 1.95<br>Diamond Total Carat Weight: 0.13,Shy Creation,Apparel & Accessories > Jewelry > Necklaces,Necklaces,"Anniversary, Birthday, Category 235, Everyday, For Her, For Mom, Gift, Helios Migrated, Round, Statement, Trilliant",true,Material,14 Karat Gold,,Stone Type,"Natural Diamond, Birthstone",,Metal Color,Rose Gold,,COR36212928,0.0,shopify,0,deny,manual,550.00,,true,true,,,,,,https://raw.githubusercontent.com/rishs-afk/JoharProductReview/main/shopify_upload/matched_images/COR36212928.JPG,1,Colored Stone Necklaces,false,Colored Stone Necklaces,,173,Shy Creation,,,,,,,,,,g,,154.80,active
sc55020549,Colored Stone Necklaces,14 Karat Rose Gold Ruby Necklace<br>Diamond Carat Weight: 0.10CT<br>Ruby Carat Weight: 0.14CT<br>Eden Colln Shy Creation,Shy Creation,Apparel & Accessories > Jewelry > Necklaces,Necklaces,"Anniversary, Birthday, Category 235, Everyday, For Her, For Mom, Gift, Helios Migrated, Round, Stackable",true,Material,14 Karat Gold,,Stone Type,"Natural Diamond, Birthstone",,Metal Color,Rose Gold,,SC55020549,0.0,shopify,0,deny,manual,900.00,,true,true,,,,,,https://raw.githubusercontent.com/rishs-afk/JoharProductReview/main/shopify_upload/matched_images/SC55020549.JPG,1,Colored Stone Necklaces,false,Colored Stone Necklaces,,1028,Shy Creation,,,,,,,,,,g,,240.80,active
sc55002756,Colored Stone Necklaces,14 Karat Solid White Gold Ruby Necklace<br>Diamond Halo Carat Weight: 0.04CT<br>Ruby Carat Weight: 0.14CT<br>Eden Colln Shy Creation,Shy Creation,Apparel & Accessories > Jewelry > Necklaces,Necklaces,"Anniversary, Birthday, Category 235, Everyday, For Her, For Mom, Gift, Halo, Helios Migrated, Round, Stackable",true,Material,14 Karat Gold,,Stone Type,"Natural Diamond, Birthstone",,Metal Color,White Gold,,SC55002756,0.0,shopify,0,deny,manual,900.00,,true,true,,,,,,https://raw.githubusercontent.com/rishs-afk/JoharProductReview/main/shopify_upload/matched_images/SC55002756_B.JPG,1,Colored Stone Necklaces,false,Colored Stone Necklaces,,1134,Shy Creation,,,,,,,,,,g,,225.75,active
sc55002756,,,,,,,,,,,,,,,,,,,,,,,,,,,,,,,,https://raw.githubusercontent.com/rishs-afk/JoharProductReview/main/shopify_upload/matched_images/SC55002756.JPG,2,Colored Stone Necklaces,,,,,,,,,,,,,,,,,,
eg10052y4jam,Colored Stone Earrings,14 Karat Solid Yellow Gold<br>Amethyst Marquise Butterfly Earrings<br>Amethyst Total Carat Weight: 0.12<br>S2219613 #20,Gabriel & Co,Apparel & Accessories > Jewelry > Earrings,Earrings,"Anniversary, Birthday, Category 210, Everyday, For Her, For Mom, Gift, Helios Migrated, Marquise, Stackable",true,Material,14 Karat Gold,,Stone Type,Birthstone,,Metal Color,Yellow Gold,,EG10052Y4JAM,0.0,shopify,0,deny,manual,700.00,,true,true,,,,,,https://raw.githubusercontent.com/rishs-afk/JoharProductReview/main/shopify_upload/matched_images/EG10052Y4JAM-1.jpg,1,Colored Stone Earrings,false,Colored Stone Earrings,,147,Gabriel & Co.,,,,,,,,,,g,,160.00,active
eg10052y4jam,,,,,,,,,,,,,,,,,,,,,,,,,,,,,,,,https://raw.githubusercontent.com/rishs-afk/JoharProductReview/main/shopify_upload/matched_images/EG10052Y4JAM-2.jpg,2,Colored Stone Earrings,,,,,,,,,,,,,,,,,,
sc55027195,Colored Stone Earrings,14 Karat Solid Rose Gold Earrings<br>Red Garnet Huggies<br>Diamond Total Carat Weight: 0.71,Shy Creation,Apparel & Accessories > Jewelry > Earrings,Earrings,"Anniversary, Birthday, Category 210, Everyday, For Her, For Mom, Gift, Helios Migrated, Round, Stackable",true,Material,14 Karat Gold,,Stone Type,Birthstone,,Metal Color,Rose Gold,,SC55027195,0.0,shopify,0,deny,manual,530.00,,true,true,,,,,,https://raw.githubusercontent.com/rishs-afk/JoharProductReview/main/shopify_upload/matched_images/SC55027195.JPG,1,Colored Stone Earrings,false,Colored Stone Earrings,,161,Shy Creation,,,,,,,,,,g,,182.75,active
sc55027203,Colored Stone Earrings,14 Karat Solid Yellow Gold Earring<br>Black Onyx Huggies<br>Stone Total Carat Weight: 0.46,Shy Creation,Apparel & Accessories > Jewelry > Earrings,Earrings,"Anniversary, Birthday, Category 210, Everyday, For Her, For Mom, Gift, Helios Migrated, Round, Stackable",true,Material,14 Karat Gold,,Stone Type,Birthstone,,Metal Color,Yellow Gold,,SC55027203,0.0,shopify,0,deny,manual,530.00,,true,true,,,,,,https://raw.githubusercontent.com/rishs-afk/JoharProductReview/main/shopify_upload/matched_images/SC55027203.JPG,1,Colored Stone Earrings,false,Colored Stone Earrings,,161,Shy Creation,,,,,,,,,,g,,182.75,active
sc55027203,,,,,,,,,,,,,,,,,,,,,,,,,,,,,,,,https://raw.githubusercontent.com/rishs-afk/JoharProductReview/main/shopify_upload/matched_images/WEB_ALT_SC55027194_SC55027203.JPG,2,Colored Stone Earrings,,,,,,,,,,,,,,,,,,
sc55027201,Colored Stone Earrings,14 Karat Solid Rose Gold Earrings<br>Pink Opal Huggies<br>Stone Total Carat Weight: 0.36,Shy Creation,Apparel & Accessories > Jewelry > Earrings,Earrings,"Anniversary, Birthday, Category 210, Everyday, For Her, For Mom, Gift, Helios Migrated, Round, Stackable",true,Material,14 Karat Gold,,Stone Type,Birthstone,,Metal Color,Rose Gold,,SC55027201,0.0,shopify,0,deny,manual,530.00,,true,true,,,,,,https://raw.githubusercontent.com/rishs-afk/JoharProductReview/main/shopify_upload/matched_images/SC55027201.JPG,1,Colored Stone Earrings,false,Colored Stone Earrings,,161,Shy Creation,,,,,,,,,,g,,182.75,active
sc55029143,Colored Stone Earrings,14 Karat Solid Yellow Gold Earrings<br>Pink Sapphire Daisy Studs<br>Stone Total Carat Weight: 0.06,Shy Creation,Apparel & Accessories > Jewelry > Earrings,Earrings,"Anniversary, Birthday, Category 210, Everyday, For Her, For Mom, Gift, Helios Migrated, Round, Stackable, Stud",true,Material,14 Karat Gold,,Stone Type,Birthstone,,Metal Color,Yellow Gold,,SC55029143,0.0,shopify,0,deny,manual,625.00,,true,true,,,,,,https://raw.githubusercontent.com/rishs-afk/JoharProductReview/main/shopify_upload/matched_images/SC55029143.JPG,1,Colored Stone Earrings,false,Colored Stone Earrings,,161,Shy Creation,,,,,,,,,,g,,225.75,active
sc55029143,,,,,,,,,,,,,,,,,,,,,,,,,,,,,,,,https://raw.githubusercontent.com/rishs-afk/JoharProductReview/main/shopify_upload/matched_images/WEB_ALT_SC55029143.JPG,2,Colored Stone Earrings,,,,,,,,,,,,,,,,,,
sc55027091,Colored Stone Earrings,14 Karat Solid Yellow Gold Earrings<br>Swiss Blue Topaz Huggie<br>Stone Total Carat Weight: 0.61,Shy Creation,Apparel & Accessories > Jewelry > Earrings,Earrings,"Anniversary, Birthday, Category 210, Everyday, For Her, For Mom, Gift, Helios Migrated, Round, Stackable",true,Material,14 Karat Gold,,Stone Type,Birthstone,,Metal Color,Yellow Gold,,SC55027091,0.0,shopify,0,deny,manual,530.00,,true,true,,,,,,https://raw.githubusercontent.com/rishs-afk/JoharProductReview/main/shopify_upload/matched_images/SC55027091.JPG,1,Colored Stone Earrings,false,Colored Stone Earrings,,161,Shy Creation,,,,,,,,,,g,,182.75,active
sc55029141,Colored Stone Earrings,14 Karat Solid Rose Gold Earrings<br>Butterfly Studs<br>Stone Type: Pimk Sapphire<br>Stone Total Carat Weight: 0.17,Shy Creation,Apparel & Accessories > Jewelry > Earrings,Earrings,"Anniversary, Birthday, Category 210, Everyday, For Her, For Mom, Gift, Helios Migrated, Round, Stackable, Stud",true,Material,14 Karat Gold,,Stone Type,Birthstone,,Metal Color,Rose Gold,,SC55029141,0.0,shopify,0,deny,manual,650.00,,true,true,,,,,,https://raw.githubusercontent.com/rishs-afk/JoharProductReview/main/shopify_upload/matched_images/SC55029141.JPG,1,Colored Stone Earrings,false,Colored Stone Earrings,,161,Shy Creation,,,,,,,,,,g,,230.05,active
sc55027197,Colored Stone Earrings,14 Karat Solid Yellow Gold Huggies<br>Stone Type: Amethyst<br>Stone Carat Weight: 0.45,Shy Creation,Apparel & Accessories > Jewelry > Earrings,Earrings,"Anniversary, Birthday, Category 210, Everyday, For Her, For Mom, Gift, Helios Migrated, Round, Stackable",true,Material,14 Karat Gold,,Stone Type,Birthstone,,Metal Color,Yellow Gold,,SC55027197,0.0,shopify,0,deny,manual,530.00,,true,true,,,,,,https://raw.githubusercontent.com/rishs-afk/JoharProductReview/main/shopify_upload/matched_images/SC55027197.JPG,1,Colored Stone Earrings,false,Colored Stone Earrings,,161,Shy Creation,,,,,,,,,,g,,182.75,active
sc55026478-2,Colored Stone Earrings,14kt Solid Yellow Gold Blue Sapphire Stud Earrings<br>2 Natural Blue Sapphires<br>Sapphire Total Carat Weight: 0.14,Shy Creation,Apparel & Accessories > Jewelry > Earrings,Earrings,"Anniversary, Birthday, Category 210, Everyday, For Her, For Mom, Gift, Helios Migrated, Round, Stackable, Stud",true,Material,14 Karat Gold,,Stone Type,Birthstone,,Metal Color,Yellow Gold,,SC55026478-2,0.0,shopify,0,deny,manual,495.00,,true,true,,,,,,https://raw.githubusercontent.com/rishs-afk/JoharProductReview/main/shopify_upload/matched_images/SC55026478.JPG,1,Colored Stone Earrings,false,Colored Stone Earrings,,173,Shy Creation,,,,,,,,,,g,,169.85,active
sc55026478-2,,,,,,,,,,,,,,,,,,,,,,,,,,,,,,,,https://raw.githubusercontent.com/rishs-afk/JoharProductReview/main/shopify_upload/matched_images/sc55026478.webp,2,Colored Stone Earrings,,,,,,,,,,,,,,,,,,
sc55026478-2,,,,,,,,,,,,,,,,,,,,,,,,,,,,,,,,https://raw.githubusercontent.com/rishs-afk/JoharProductReview/main/shopify_upload/matched_images/WEB_ALT_SC55026499_SC55026478.JPG,3,Colored Stone Earrings,,,,,,,,,,,,,,,,,,
sc55002759-2,Colored Stone Earrings,14kt Solid White Gold Ruby Stud Earrings<br>2 Natural Red Rubies<br>Ruby Total Carat Weight: 0.28<br>26 Natural Round Diamonds<br>Round Diamonds Total Carat Weight: 0.08,DIAMOND RING CO,Apparel & Accessories > Jewelry > Earrings,Earrings,"Anniversary, Birthday, Category 210, Everyday, For Her, For Mom, Gift, Helios Migrated, Round, Stackable, Stud",true,Material,14 Karat Gold,,Stone Type,"Birthstone, Natural Diamond",,Metal Color,White Gold,,SC55002759-2,0.0,shopify,0,deny,manual,750.00,,true,true,,,,,,https://raw.githubusercontent.com/rishs-afk/JoharProductReview/main/shopify_upload/matched_images/SC55002759.JPG,1,Colored Stone Earrings,false,Colored Stone Earrings,,435,Shy Creation,,,,,,,,,,g,,240.80,active
sc55026478,Colored Stone Earrings,14kt Solid Yellow Gold Blue Sapphire Stud Earrings<br>2 Natural Blue Sapphires<br>Sapphire Total Carat Weight: 0.14,Shy Creation,Apparel & Accessories > Jewelry > Earrings,Earrings,"Anniversary, Birthday, Category 210, Everyday, For Her, For Mom, Gift, Helios Migrated, Round, Stackable, Stud",true,Material,14 Karat Gold,,Stone Type,Birthstone,,Metal Color,Yellow Gold,,SC55026478,0.0,shopify,0,deny,manual,495.00,,true,true,,,,,,https://raw.githubusercontent.com/rishs-afk/JoharProductReview/main/shopify_upload/matched_images/SC55026478.JPG,1,Colored Stone Earrings,false,Colored Stone Earrings,,509,Shy Creation,,,,,,,,,,g,,139.75,active
sc55026478,,,,,,,,,,,,,,,,,,,,,,,,,,,,,,,,https://raw.githubusercontent.com/rishs-afk/JoharProductReview/main/shopify_upload/matched_images/sc55026478.webp,2,Colored Stone Earrings,,,,,,,,,,,,,,,,,,
sc55026478,,,,,,,,,,,,,,,,,,,,,,,,,,,,,,,,https://raw.githubusercontent.com/rishs-afk/JoharProductReview/main/shopify_upload/matched_images/WEB_ALT_SC55026499_SC55026478.JPG,3,Colored Stone Earrings,,,,,,,,,,,,,,,,,,
sc55026147,Colored Stone Earrings,14Kt Solid Yellow Gold<br>Blue Sapphire Huggies Bezel Set<br>2 Natural Blue Sapphires<br>Sapphire Total Carat Weight: 0.08,Shy Creation,Apparel & Accessories > Jewelry > Earrings,Earrings,"Anniversary, Birthday, Category 210, Everyday, For Her, For Mom, Gift, Helios Migrated, Round, Stackable",true,Material,14 Karat Gold,,Stone Type,Birthstone,,Metal Color,Yellow Gold,,SC55026147,0.0,shopify,0,deny,manual,590.00,,true,true,,,,,,https://raw.githubusercontent.com/rishs-afk/JoharProductReview/main/shopify_upload/matched_images/SC55026147.JPG,1,Colored Stone Earrings,false,Colored Stone Earrings,,509,Shy Creation,,,,,,,,,,g,,126.85,active
sc55026147,,,,,,,,,,,,,,,,,,,,,,,,,,,,,,,,https://raw.githubusercontent.com/rishs-afk/JoharProductReview/main/shopify_upload/matched_images/SC55026147_WEBP.webp,2,Colored Stone Earrings,,,,,,,,,,,,,,,,,,
sc55026147,,,,,,,,,,,,,,,,,,,,,,,,,,,,,,,,https://raw.githubusercontent.com/rishs-afk/JoharProductReview/main/shopify_upload/matched_images/WEB_ALT_SC55026144_SC55026147_SC55026150.JPG,3,Colored Stone Earrings,,,,,,,,,,,,,,,,,,
sc55026469,Colored Stone Earrings,14kt Solid Yellow Gold Ruby Bezel Studs<br>2 Natural Red Rubies<br>Rubies Total Carat Weight: 0.10,Shy Creation,Apparel & Accessories > Jewelry > Earrings,Earrings,"Anniversary, Birthday, Category 210, Everyday, For Her, For Mom, Gift, Helios Migrated, Round, Stackable, Stud",true,Material,14 Karat Gold,,Stone Type,Birthstone,,Metal Color,Yellow Gold,,SC55026469,0.0,shopify,0,deny,manual,495.00,,true,true,,,,,,https://raw.githubusercontent.com/rishs-afk/JoharProductReview/main/shopify_upload/matched_images/SC55026469.JPG,1,Colored Stone Earrings,false,Colored Stone Earrings,,509,Shy Creation,,,,,,,,,,g,,139.75,active
sc55026469,,,,,,,,,,,,,,,,,,,,,,,,,,,,,,,,https://raw.githubusercontent.com/rishs-afk/JoharProductReview/main/shopify_upload/matched_images/SC55026469.webp,2,Colored Stone Earrings,,,,,,,,,,,,,,,,,,
sc55026469,,,,,,,,,,,,,,,,,,,,,,,,,,,,,,,,https://raw.githubusercontent.com/rishs-afk/JoharProductReview/main/shopify_upload/matched_images/WEB_ALT_SC55026523_SC55026469.JPG,3,Colored Stone Earrings,,,,,,,,,,,,,,,,,,
sc55026150,Colored Stone Earrings,14Kt Solid Yellow Gold<br>Ruby Huggies Bezel Set<br>2 Natural Red Rubies<br>Rubies Total Carat Weight: 0.08,Shy Creation,Apparel & Accessories > Jewelry > Earrings,Earrings,"Anniversary, Birthday, Category 210, Everyday, For Her, For Mom, Gift, Helios Migrated, Round, Stackable",true,Material,14 Karat Gold,,Stone Type,Birthstone,,Metal Color,Yellow Gold,,SC55026150,0.0,shopify,0,deny,manual,590.00,,true,true,,,,,,https://raw.githubusercontent.com/rishs-afk/JoharProductReview/main/shopify_upload/matched_images/SC55026150.JPG,1,Colored Stone Earrings,false,Colored Stone Earrings,,509,Shy Creation,,,,,,,,,,g,,126.85,active
sc55026150,,,,,,,,,,,,,,,,,,,,,,,,,,,,,,,,https://raw.githubusercontent.com/rishs-afk/JoharProductReview/main/shopify_upload/matched_images/SC55026150_WEBP.webp,2,Colored Stone Earrings,,,,,,,,,,,,,,,,,,
sc55026150,,,,,,,,,,,,,,,,,,,,,,,,,,,,,,,,https://raw.githubusercontent.com/rishs-afk/JoharProductReview/main/shopify_upload/matched_images/WEB_ALT_SC55026144_SC55026147_SC55026150.JPG,3,Colored Stone Earrings,,,,,,,,,,,,,,,,,,
sc55027483,Colored Stone Earrings,14 Karat Yellow Gold<br>Composite Turquoise Clover Stud<br>Turquoise Total Carat Weight: 2.01,Shy Creation,Apparel & Accessories > Jewelry > Earrings,Earrings,"Anniversary, Birthday, Category 210, Everyday, For Her, For Mom, Gift, Helios Migrated, Stackable, Stud",true,Material,14 Karat Gold,,Stone Type,Birthstone,,Metal Color,Yellow Gold,,SC55027483,0.0,shopify,0,deny,manual,895.00,,true,true,,,,,,https://raw.githubusercontent.com/rishs-afk/JoharProductReview/main/shopify_upload/matched_images/WEB_ALT_SC55027483.jpg,1,Colored Stone Earrings,false,Colored Stone Earrings,,509,Shy Creation,,,,,,,,,,g,,255.85,active
sc55020871,Colored Stone Earrings,14 Karat Rose Gold Ruby Studs<br>Diamond Carat Weight: 0.17CT<br>Ruby Carat Weight: 0.16CT<br>Eden Colln Shy Creation,Shy Creation,Apparel & Accessories > Jewelry > Earrings,Earrings,"Anniversary, Birthday, Category 210, Everyday, For Her, For Mom, Gift, Helios Migrated, Round, Stackable, Stud",true,Material,14 Karat Gold,,Stone Type,"Natural Diamond, Birthstone",,Metal Color,Rose Gold,,SC55020871,0.0,shopify,0,deny,manual,1025.00,,true,true,,,,,,https://raw.githubusercontent.com/rishs-afk/JoharProductReview/main/shopify_upload/matched_images/SC55020871%20%281%29.jpg,1,Colored Stone Earrings,false,Colored Stone Earrings,,1028,Shy Creation,,,,,,,,,,g,,253.70,active
sc55020871,,,,,,,,,,,,,,,,,,,,,,,,,,,,,,,,https://raw.githubusercontent.com/rishs-afk/JoharProductReview/main/shopify_upload/matched_images/SC55020871.JPG,2,Colored Stone Earrings,,,,,,,,,,,,,,,,,,
sc55002759,Colored Stone Earrings,14kt Solid White Gold Ruby Stud Earrings<br>2 Natural Red Rubies<br>Ruby Total Carat Weight: 0.28<br>26 Natural Round Diamonds<br>Round Diamonds Total Carat Weight: 0.08,Shy Creation,Apparel & Accessories > Jewelry > Earrings,Earrings,"Anniversary, Birthday, Category 210, Everyday, For Her, For Mom, Gift, Helios Migrated, Round, Stackable, Stud",true,Material,14 Karat Gold,,Stone Type,"Natural Diamond, Birthstone",,Metal Color,White Gold,,SC55002759,0.0,shopify,0,deny,manual,750.00,,true,true,,,,,,https://raw.githubusercontent.com/rishs-afk/JoharProductReview/main/shopify_upload/matched_images/SC55002759.JPG,1,Colored Stone Earrings,false,Colored Stone Earrings,,1056,Shy Creation,,,,,,,,,,g,,240.80,active
sc55020191,Colored Stone Earrings,Diamond &amp; Ruby Huggies<br>14 Karat Rose Gold<br>Ruby Total Carat Weight: 0.29<br>Diamond Total Carat Weight: 0.06,Shy Creation,Apparel & Accessories > Jewelry > Earrings,Earrings,"Anniversary, Birthday, Category 210, Everyday, For Her, For Mom, Gift, Helios Migrated, Round, Stackable",true,Material,14 Karat Gold,,Stone Type,"Natural Diamond, Birthstone",,Metal Color,Rose Gold,,SC55020191,0.0,shopify,0,deny,manual,835.00,,true,true,,,,,,https://raw.githubusercontent.com/rishs-afk/JoharProductReview/main/shopify_upload/matched_images/SC55020191.JPG,1,Colored Stone Earrings,false,Colored Stone Earrings,,1134,Shy Creation,,,,,,,,,,g,,270.90,active
sc55025941,Colored Stone Rings- Womens EMERALD,14 Karat Yellow Gold Green Emerald Band<br>Diamond Carat Weight: 0.10CT<br>Green Emerald Carat Weight: 0.10CT<br>French Pave Band,Shy Creation,Apparel & Accessories > Jewelry > Rings,Rings,"Anniversary, Birthday, Category 203, Everyday, For Her, For Mom, Gift, Helios Migrated, Round, Stackable, Wedding Bands",true,Material,14 Karat Gold,,Stone Type,"Birthstone, Natural Diamond",,Metal Color,Yellow Gold,,SC55025941,0.0,shopify,0,deny,manual,995.00,,true,true,,,,,,https://raw.githubusercontent.com/rishs-afk/JoharProductReview/main/shopify_upload/matched_images/SC55025941.JPG,1,Colored Stone Rings- Womens EMERALD,false,Colored Stone Rings- Womens EMERALD,,509,Shy Creation,,,,,,,,,,g,,288.10,active
sc55025941,,,,,,,,,,,,,,,,,,,,,,,,,,,,,,,,https://raw.githubusercontent.com/rishs-afk/JoharProductReview/main/shopify_upload/matched_images/WEB_ALT_SC55025932_SC55025935_SC55025938_SC55025941.JPG,2,Colored Stone Rings- Womens EMERALD,,,,,,,,,,,,,,,,,,
sc55009051,Colored Stone Rings- Womens SAPPHIRE,14 Karat White Gold Sapphire Ring<br>Diamond Carat Weight: 0.08CT<br>Blue Sapphire Carat Weight: 0.17CT,Shy Creation,Apparel & Accessories > Jewelry > Rings,Rings,"Anniversary, Birthday, Category 202, Emerald, Everyday, For Her, For Mom, Gift, Helios Migrated, Round, Stackable",true,Material,14 Karat Gold,,Stone Type,"Birthstone, Natural Diamond",,Metal Color,White Gold,,SC55009051,0.0,shopify,0,deny,manual,675.00,,true,true,,,,,,https://raw.githubusercontent.com/rishs-afk/JoharProductReview/main/shopify_upload/matched_images/SC55009051_D.JPG,1,Colored Stone Rings- Womens SAPPHIRE,false,Colored Stone Rings- Womens SAPPHIRE,,499,Shy Creation,,,,,,,,,,g,,202.10,active
sc55009051,,,,,,,,,,,,,,,,,,,,,,,,,,,,,,,,https://raw.githubusercontent.com/rishs-afk/JoharProductReview/main/shopify_upload/matched_images/SC55009051_C.JPG,2,Colored Stone Rings- Womens SAPPHIRE,,,,,,,,,,,,,,,,,,
sc55009051,,,,,,,,,,,,,,,,,,,,,,,,,,,,,,,,https://raw.githubusercontent.com/rishs-afk/JoharProductReview/main/shopify_upload/matched_images/SC55009051_B.JPG,3,Colored Stone Rings- Womens SAPPHIRE,,,,,,,,,,,,,,,,,,
sc55009051,,,,,,,,,,,,,,,,,,,,,,,,,,,,,,,,https://raw.githubusercontent.com/rishs-afk/JoharProductReview/main/shopify_upload/matched_images/SC55009051.JPG,4,Colored Stone Rings- Womens SAPPHIRE,,,,,,,,,,,,,,,,,,
sc55003012,Colored Stone Rings- Womens SAPPHIRE,14 Karat White Gold Sapphire Band<br>Diamond Carat Weight: 0.16CT<br>Blue Sapphire Carat Weight: 0.31CT,Shy Creation,Apparel & Accessories > Jewelry > Rings,Rings,"Anniversary, Anniversary Bands, Birthday, Category 202, Everyday, For Her, For Mom, Gift, Helios Migrated, Round, Stackable, Wedding Bands",true,Material,14 Karat Gold,,Stone Type,"Birthstone, Natural Diamond",,Metal Color,White Gold,,SC55003012,0.0,shopify,0,deny,manual,1200.00,,true,true,,,,,,https://raw.githubusercontent.com/rishs-afk/JoharProductReview/main/shopify_upload/matched_images/SC55003012C.JPG,1,Colored Stone Rings- Womens SAPPHIRE,false,Colored Stone Rings- Womens SAPPHIRE,,1134,Shy Creation,,,,,,,,,,g,,402.05,active
sc55003012,,,,,,,,,,,,,,,,,,,,,,,,,,,,,,,,https://raw.githubusercontent.com/rishs-afk/JoharProductReview/main/shopify_upload/matched_images/SC55003012D.JPG,2,Colored Stone Rings- Womens SAPPHIRE,,,,,,,,,,,,,,,,,,
sc55003012,,,,,,,,,,,,,,,,,,,,,,,,,,,,,,,,https://raw.githubusercontent.com/rishs-afk/JoharProductReview/main/shopify_upload/matched_images/SC55003012B.JPG,3,Colored Stone Rings- Womens SAPPHIRE,,,,,,,,,,,,,,,,,,
sc55003012,,,,,,,,,,,,,,,,,,,,,,,,,,,,,,,,https://raw.githubusercontent.com/rishs-afk/JoharProductReview/main/shopify_upload/matched_images/SC55003012.JPG,4,Colored Stone Rings- Womens SAPPHIRE,,,,,,,,,,,,,,,,,,
sc55003012,,,,,,,,,,,,,,,,,,,,,,,,,,,,,,,,https://raw.githubusercontent.com/rishs-afk/JoharProductReview/main/shopify_upload/matched_images/SC55003012E.JPG,5,Colored Stone Rings- Womens SAPPHIRE,,,,,,,,,,,,,,,,,,
lr53063m4jws,Colored Stone Rings  -  Women's,Past Present Future Stackable<br>14 Karat Yellow Gold<br>White Sapphire Total Carat Weight: 0.16<br>S2292926 #67,Gabriel & Co,Apparel & Accessories > Jewelry > Rings,Rings,"Anniversary, Anniversary Bands, Birthday, Category 200, Everyday, For Her, For Mom, Gift, Helios Migrated, Round, Stackable, Statement, Three Stone",true,Material,14 Karat Gold,,Stone Type,Birthstone,,Metal Color,"Two-Tone, Yellow Gold",,LR53063M4JWS,0.0,shopify,0,deny,manual,1200.00,,true,true,,,,,,https://raw.githubusercontent.com/rishs-afk/JoharProductReview/main/shopify_upload/matched_images/LR53063M4JWS-4.jpg,1,Colored Stone Rings  -  Women's,false,Colored Stone Rings  -  Women's,,26,Gabriel & Co.,,,,,,,,,,g,,397.00,active
lr53063m4jws,,,,,,,,,,,,,,,,,,,,,,,,,,,,,,,,https://raw.githubusercontent.com/rishs-afk/JoharProductReview/main/shopify_upload/matched_images/LR53063M4JWS-1.jpg,2,Colored Stone Rings  -  Women's,,,,,,,,,,,,,,,,,,
lr53063m4jws,,,,,,,,,,,,,,,,,,,,,,,,,,,,,,,,https://raw.githubusercontent.com/rishs-afk/JoharProductReview/main/shopify_upload/matched_images/LR53063M4JWS-3.jpg,3,Colored Stone Rings  -  Women's,,,,,,,,,,,,,,,,,,
lr53063m4jws,,,,,,,,,,,,,,,,,,,,,,,,,,,,,,,,https://raw.githubusercontent.com/rishs-afk/JoharProductReview/main/shopify_upload/matched_images/LR53063M4JWS-2.jpg,4,Colored Stone Rings  -  Women's,,,,,,,,,,,,,,,,,,
lr53063m4jws,,,,,,,,,,,,,,,,,,,,,,,,,,,,,,,,https://raw.githubusercontent.com/rishs-afk/JoharProductReview/main/shopify_upload/matched_images/LR53063M4JWS-5.jpg,5,Colored Stone Rings  -  Women's,,,,,,,,,,,,,,,,,,
lr53060y4jws,Colored Stone Rings  -  Women's,Bujukan Stackable Band<br>14 Karat Yellow Gold<br>White Sapphire Total Weight: 0.13<br>S2292927 #66,Gabriel & Co,Apparel & Accessories > Jewelry > Rings,Rings,"Anniversary, Birthday, Category 200, Everyday, For Her, For Mom, Gift, Helios Migrated, Round, Stackable",true,Material,14 Karat Gold,,Stone Type,Birthstone,,Metal Color,"Two-Tone, Yellow Gold",,LR53060Y4JWS,0.0,shopify,0,deny,manual,850.00,,true,true,,,,,,https://raw.githubusercontent.com/rishs-afk/JoharProductReview/main/shopify_upload/matched_images/LR53060Y4JWS-4.jpg,1,Colored Stone Rings  -  Women's,false,Colored Stone Rings  -  Women's,,26,Gabriel & Co.,,,,,,,,,,g,,283.00,active
lr53060y4jws,,,,,,,,,,,,,,,,,,,,,,,,,,,,,,,,https://raw.githubusercontent.com/rishs-afk/JoharProductReview/main/shopify_upload/matched_images/LR53060Y4JWS-1.jpg,2,Colored Stone Rings  -  Women's,,,,,,,,,,,,,,,,,,
lr53060y4jws,,,,,,,,,,,,,,,,,,,,,,,,,,,,,,,,https://raw.githubusercontent.com/rishs-afk/JoharProductReview/main/shopify_upload/matched_images/LR53060Y4JWS-2.jpg,3,Colored Stone Rings  -  Women's,,,,,,,,,,,,,,,,,,
lr53060y4jws,,,,,,,,,,,,,,,,,,,,,,,,,,,,,,,,https://raw.githubusercontent.com/rishs-afk/JoharProductReview/main/shopify_upload/matched_images/LR53060Y4JWS-3.jpg,4,Colored Stone Rings  -  Women's,,,,,,,,,,,,,,,,,,
lr53060y4jws,,,,,,,,,,,,,,,,,,,,,,,,,,,,,,,,https://raw.githubusercontent.com/rishs-afk/JoharProductReview/main/shopify_upload/matched_images/LR53060Y4JWS-5.jpg,5,Colored Stone Rings  -  Women's,,,,,,,,,,,,,,,,,,
lr53030y4jbt,Colored Stone Rings  -  Women's,14 Karat Yellow Gold<br>Bujukan Stackable Ring<br>Blue Topaz Total Carat Weight: 0.05<br>S2292928 #65,Gabriel & Co,Apparel & Accessories > Jewelry > Rings,Rings,"Anniversary, Birthday, Category 200, Everyday, For Her, For Mom, Gift, Helios Migrated, Round, Stackable",true,Material,14 Karat Gold,,Stone Type,Birthstone,,Metal Color,Yellow Gold,,LR53030Y4JBT,0.0,shopify,0,deny,manual,725.00,,true,true,,,,,,https://raw.githubusercontent.com/rishs-afk/JoharProductReview/main/shopify_upload/matched_images/LR53030Y4JBT-4.jpg,1,Colored Stone Rings  -  Women's,false,Colored Stone Rings  -  Women's,,26,Gabriel & Co.,,,,,,,,,,g,,215.00,active
lr53030y4jbt,,,,,,,,,,,,,,,,,,,,,,,,,,,,,,,,https://raw.githubusercontent.com/rishs-afk/JoharProductReview/main/shopify_upload/matched_images/LR53030Y4JBT-3.jpg,2,Colored Stone Rings  -  Women's,,,,,,,,,,,,,,,,,,
lr53030y4jbt,,,,,,,,,,,,,,,,,,,,,,,,,,,,,,,,https://raw.githubusercontent.com/rishs-afk/JoharProductReview/main/shopify_upload/matched_images/LR53030Y4JBT-1.jpg,3,Colored Stone Rings  -  Women's,,,,,,,,,,,,,,,,,,
lr53030y4jbt,,,,,,,,,,,,,,,,,,,,,,,,,,,,,,,,https://raw.githubusercontent.com/rishs-afk/JoharProductReview/main/shopify_upload/matched_images/LR53030Y4JBT-2.jpg,4,Colored Stone Rings  -  Women's,,,,,,,,,,,,,,,,,,
lr53030y4jbt,,,,,,,,,,,,,,,,,,,,,,,,,,,,,,,,https://raw.githubusercontent.com/rishs-afk/JoharProductReview/main/shopify_upload/matched_images/LR53030Y4JBT-5.jpg,5,Colored Stone Rings  -  Women's,,,,,,,,,,,,,,,,,,
lr53020y4jbt,Colored Stone Rings  -  Women's,Swiss Blue Topaz<br>14 Karat Yellow Gold<br>Stackable Ring Collection<br>Blue Topaz Total Carat Weight: 0.24<br>S2292929 #64,Gabriel & Co,Apparel & Accessories > Jewelry > Rings,Rings,"Anniversary, Birthday, Category 200, Everyday, For Her, For Mom, Gift, Helios Migrated, Round, Stackable",true,Material,14 Karat Gold,,Stone Type,Birthstone,,Metal Color,Yellow Gold,,LR53020Y4JBT,0.0,shopify,0,deny,manual,725.00,,true,true,,,,,,https://raw.githubusercontent.com/rishs-afk/JoharProductReview/main/shopify_upload/matched_images/LR53020Y4JBT-4.jpg,1,Colored Stone Rings  -  Women's,false,Colored Stone Rings  -  Women's,,26,Gabriel & Co.,,,,,,,,,,g,,245.00,active
lr53020y4jbt,,,,,,,,,,,,,,,,,,,,,,,,,,,,,,,,https://raw.githubusercontent.com/rishs-afk/JoharProductReview/main/shopify_upload/matched_images/LR53020Y4JBT-1.jpg,2,Colored Stone Rings  -  Women's,,,,,,,,,,,,,,,,,,
lr53020y4jbt,,,,,,,,,,,,,,,,,,,,,,,,,,,,,,,,https://raw.githubusercontent.com/rishs-afk/JoharProductReview/main/shopify_upload/matched_images/LR53020Y4JBT-2.jpg,3,Colored Stone Rings  -  Women's,,,,,,,,,,,,,,,,,,
lr53020y4jbt,,,,,,,,,,,,,,,,,,,,,,,,,,,,,,,,https://raw.githubusercontent.com/rishs-afk/JoharProductReview/main/shopify_upload/matched_images/LR53020Y4JBT-3.jpg,4,Colored Stone Rings  -  Women's,,,,,,,,,,,,,,,,,,
lr53020y4jbt,,,,,,,,,,,,,,,,,,,,,,,,,,,,,,,,https://raw.githubusercontent.com/rishs-afk/JoharProductReview/main/shopify_upload/matched_images/LR53020Y4JBT-5.jpg,5,Colored Stone Rings  -  Women's,,,,,,,,,,,,,,,,,,
lr53043y4jbt,Colored Stone Rings  -  Women's,Gaby Collection<br>Swiss Blue Topaz<br>Total Carat Weight: 0.28<br>14 Karat Yellow Gold<br>S2292932 #54,Gabriel & Co,Apparel & Accessories > Jewelry > Rings,Rings,"Anniversary, Birthday, Category 200, Everyday, For Her, For Mom, Gift, Helios Migrated, Oval, Stackable",true,Material,14 Karat Gold,,Stone Type,Birthstone,,Metal Color,Yellow Gold,,LR53043Y4JBT,0.0,shopify,0,deny,manual,900.00,,true,true,,,,,,https://raw.githubusercontent.com/rishs-afk/JoharProductReview/main/shopify_upload/matched_images/LR53043Y4JBT-4.jpg,1,Colored Stone Rings  -  Women's,false,Colored Stone Rings  -  Women's,,26,Gabriel & Co.,,,,,,,,,,g,,270.00,active
lr53043y4jbt,,,,,,,,,,,,,,,,,,,,,,,,,,,,,,,,https://raw.githubusercontent.com/rishs-afk/JoharProductReview/main/shopify_upload/matched_images/LR53043Y4JBT-1.jpg,2,Colored Stone Rings  -  Women's,,,,,,,,,,,,,,,,,,
lr53043y4jbt,,,,,,,,,,,,,,,,,,,,,,,,,,,,,,,,https://raw.githubusercontent.com/rishs-afk/JoharProductReview/main/shopify_upload/matched_images/LR53043Y4JBT-3.jpg,3,Colored Stone Rings  -  Women's,,,,,,,,,,,,,,,,,,
lr53043y4jbt,,,,,,,,,,,,,,,,,,,,,,,,,,,,,,,,https://raw.githubusercontent.com/rishs-afk/JoharProductReview/main/shopify_upload/matched_images/LR53043Y4JBT-2.jpg,4,Colored Stone Rings  -  Women's,,,,,,,,,,,,,,,,,,
lr53043y4jbt,,,,,,,,,,,,,,,,,,,,,,,,,,,,,,,,https://raw.githubusercontent.com/rishs-afk/JoharProductReview/main/shopify_upload/matched_images/LR53043Y4JBT-5.jpg,5,Colored Stone Rings  -  Women's,,,,,,,,,,,,,,,,,,
lr52784svjws,Colored Stone Rings  -  Women's,Sterling Silver 925 Bujukan Criss Cross Band<br>White Sapphire Carat Weight: 0.73CT<br>S1976119 #25,Gabriel & Co,Apparel & Accessories > Jewelry > Rings,Rings,"Anniversary, Birthday, Category 200, Everyday, For Her, For Mom, Gift, Helios Migrated, Round, Statement",true,Material,Sterling Silver,,Stone Type,Birthstone,,Metal Color,Silver,,LR52784SVJWS,0.0,shopify,0,deny,manual,600.00,,true,true,,,,,,https://raw.githubusercontent.com/rishs-afk/JoharProductReview/main/shopify_upload/matched_images/LR52784SVJWS-2.jpg,1,Colored Stone Rings  -  Women's,false,Colored Stone Rings  -  Women's,,509,Gabriel & Co.,,,,,,,,,,g,,190.00,active
lr52784svjws,,,,,,,,,,,,,,,,,,,,,,,,,,,,,,,,https://raw.githubusercontent.com/rishs-afk/JoharProductReview/main/shopify_upload/matched_images/LR52784SVJWS-1.jpg,2,Colored Stone Rings  -  Women's,,,,,,,,,,,,,,,,,,
lr52784svjws,,,,,,,,,,,,,,,,,,,,,,,,,,,,,,,,https://raw.githubusercontent.com/rishs-afk/JoharProductReview/main/shopify_upload/matched_images/LR52784SVJWS-4.jpg,3,Colored Stone Rings  -  Women's,,,,,,,,,,,,,,,,,,
lr52784svjws,,,,,,,,,,,,,,,,,,,,,,,,,,,,,,,,https://raw.githubusercontent.com/rishs-afk/JoharProductReview/main/shopify_upload/matched_images/LR52784SVJWS-3.jpg,4,Colored Stone Rings  -  Women's,,,,,,,,,,,,,,,,,,
lr52784svjws,,,,,,,,,,,,,,,,,,,,,,,,,,,,,,,,https://raw.githubusercontent.com/rishs-afk/JoharProductReview/main/shopify_upload/matched_images/LR52784SVJWS-6.jpg,5,Colored Stone Rings  -  Women's,,,,,,,,,,,,,,,,,,
lr52784svjws,,,,,,,,,,,,,,,,,,,,,,,,,,,,,,,,https://raw.githubusercontent.com/rishs-afk/JoharProductReview/main/shopify_upload/matched_images/LR52784SVJWS-5.jpg,6,Colored Stone Rings  -  Women's,,,,,,,,,,,,,,,,,,
lr52331svjbt,Colored Stone Rings  -  Women's,Sterling Silver 925 Blue Topaz Band<br>Topaz Carat Weight: 1.39CT<br>S1976123 #23,Gabriel & Co,Apparel & Accessories > Jewelry > Rings,Rings,"Anniversary, Anniversary Bands, Birthday, Category 200, Everyday, For Her, For Mom, Gift, Helios Migrated, Oval, Stackable, Statement",true,Material,Sterling Silver,,Stone Type,Birthstone,,Metal Color,Silver,,LR52331SVJBT,0.0,shopify,0,deny,manual,360.00,,true,true,,,,,,https://raw.githubusercontent.com/rishs-afk/JoharProductReview/main/shopify_upload/matched_images/LR52331SVJBT-4.jpg,1,Colored Stone Rings  -  Women's,false,Colored Stone Rings  -  Women's,,509,Gabriel & Co.,,,,,,,,,,g,,109.00,active
lr52331svjbt,,,,,,,,,,,,,,,,,,,,,,,,,,,,,,,,https://raw.githubusercontent.com/rishs-afk/JoharProductReview/main/shopify_upload/matched_images/LR52331SVJBT-2.jpg,2,Colored Stone Rings  -  Women's,,,,,,,,,,,,,,,,,,
lr52331svjbt,,,,,,,,,,,,,,,,,,,,,,,,,,,,,,,,https://raw.githubusercontent.com/rishs-afk/JoharProductReview/main/shopify_upload/matched_images/LR52331SVJBT-1.jpg,3,Colored Stone Rings  -  Women's,,,,,,,,,,,,,,,,,,
lr52331svjbt,,,,,,,,,,,,,,,,,,,,,,,,,,,,,,,,https://raw.githubusercontent.com/rishs-afk/JoharProductReview/main/shopify_upload/matched_images/LR52331SVJBT-3.jpg,4,Colored Stone Rings  -  Women's,,,,,,,,,,,,,,,,,,
lr52331svjbt,,,,,,,,,,,,,,,,,,,,,,,,,,,,,,,,https://raw.githubusercontent.com/rishs-afk/JoharProductReview/main/shopify_upload/matched_images/LR52331SVJBT-5.jpg,5,Colored Stone Rings  -  Women's,,,,,,,,,,,,,,,,,,
lr51779svjbs,Colored Stone Rings  -  Women's,925 Sterling Silver Band<br>Spinel Bujukan Band<br>Spinel Total Carat Weight: 0.50<br>S1976125 #19,Gabriel & Co,Apparel & Accessories > Jewelry > Rings,Rings,"Anniversary, Anniversary Bands, Birthday, Category 200, Everyday, For Her, For Mom, Gift, Helios Migrated, Round, Stackable, Statement",true,Material,Sterling Silver,,Stone Type,Birthstone,,Metal Color,Silver,,LR51779SVJBS,0.0,shopify,0,deny,manual,275.00,,true,true,,,,,,https://raw.githubusercontent.com/rishs-afk/JoharProductReview/main/shopify_upload/matched_images/LR51779SVJBS-2.jpg,1,Colored Stone Rings  -  Women's,false,Colored Stone Rings  -  Women's,,509,Gabriel & Co.,,,,,,,,,,g,,77.00,active
lr51779svjbs,,,,,,,,,,,,,,,,,,,,,,,,,,,,,,,,https://raw.githubusercontent.com/rishs-afk/JoharProductReview/main/shopify_upload/matched_images/LR51779SVJBS-4.jpg,2,Colored Stone Rings  -  Women's,,,,,,,,,,,,,,,,,,
lr51779svjbs,,,,,,,,,,,,,,,,,,,,,,,,,,,,,,,,https://raw.githubusercontent.com/rishs-afk/JoharProductReview/main/shopify_upload/matched_images/LR51779SVJBS-1.jpg,3,Colored Stone Rings  -  Women's,,,,,,,,,,,,,,,,,,
lr51779svjbs,,,,,,,,,,,,,,,,,,,,,,,,,,,,,,,,https://raw.githubusercontent.com/rishs-afk/JoharProductReview/main/shopify_upload/matched_images/LR51779SVJBS-3.jpg,4,Colored Stone Rings  -  Women's,,,,,,,,,,,,,,,,,,
lr51779svjbs,,,,,,,,,,,,,,,,,,,,,,,,,,,,,,,,https://raw.githubusercontent.com/rishs-afk/JoharProductReview/main/shopify_upload/matched_images/LR51779SVJBS-5.jpg,5,Colored Stone Rings  -  Women's,,,,,,,,,,,,,,,,,,
sc55023848,Colored Stone Rings  -  Women's,14 Karat Yellow Gold Link Ring<br>Malachite Carat Weight: 0.90CT<br>Kate Colln Shy Creation,Shy Creation,Apparel & Accessories > Jewelry > Rings,Rings,"Anniversary, Birthday, Category 200, Everyday, For Her, For Mom, Gift, Helios Migrated, Round, Statement",true,Material,14 Karat Gold,,Stone Type,Birthstone,,Metal Color,Yellow Gold,,SC55023848,0.0,shopify,0,deny,manual,1590.00,,true,true,,,,,,https://raw.githubusercontent.com/rishs-afk/JoharProductReview/main/shopify_upload/matched_images/SC55023848.JPG,1,Colored Stone Rings  -  Women's,false,Colored Stone Rings  -  Women's,,1056,Shy Creation,,,,,,,,,,g,,296.70,active
sc55023848,,,,,,,,,,,,,,,,,,,,,,,,,,,,,,,,https://raw.githubusercontent.com/rishs-afk/JoharProductReview/main/shopify_upload/matched_images/WEB_ALT_SC55023848.JPG,2,Colored Stone Rings  -  Women's,,,,,,,,,,,,,,,,,,
tb5311m45jj,Diamond Bracelets,Lusso Collection<br>Diamond Cross Bracelet<br>14 Karat Yellow Gold<br>Total Diamond Weight: 0.04Ct<br>S2292924<br>#19,Gabriel & Co,Apparel & Accessories > Jewelry > Bracelets,Bracelets,"Anniversary, Birthday, Category 170, Everyday, For Her, For Mom, Gift, Helios Migrated, Round, Stackable",true,Material,14 Karat Gold,,Stone Type,Natural Diamond,,Metal Color,Yellow Gold,,TB5311M45JJ,0.0,shopify,0,deny,manual,650.00,,true,true,,,,,,https://raw.githubusercontent.com/rishs-afk/JoharProductReview/main/shopify_upload/matched_images/TB5311M45JJ-2.jpg,1,Diamond Bracelets,false,Diamond Bracelets,,26,Gabriel & Co.,,,,,,,,,,g,,225.00,active
tb5311m45jj,,,,,,,,,,,,,,,,,,,,,,,,,,,,,,,,https://raw.githubusercontent.com/rishs-afk/JoharProductReview/main/shopify_upload/matched_images/TB5311M45JJ-1.jpg,2,Diamond Bracelets,,,,,,,,,,,,,,,,,,
tb5311m45jj,,,,,,,,,,,,,,,,,,,,,,,,,,,,,,,,https://raw.githubusercontent.com/rishs-afk/JoharProductReview/main/shopify_upload/matched_images/TB5311M45JJ-3.jpg,3,Diamond Bracelets,,,,,,,,,,,,,,,,,,
tb5312m45jj,Diamond Bracelets,Lusso Collection<br>Clover Bracelet<br>14 Karat Yellow Gold<br>Total Diamond Carat Weight: 0.04Ct<br>S2292921<br>#16,Gabriel & Co,Apparel & Accessories > Jewelry > Bracelets,Bracelets,"Anniversary, Birthday, Category 170, Everyday, For Her, For Mom, Gift, Helios Migrated, Round, Stackable",true,Material,14 Karat Gold,,Stone Type,Natural Diamond,,Metal Color,Yellow Gold,,TB5312M45JJ,0.0,shopify,0,deny,manual,625.00,,true,true,,,,,,https://raw.githubusercontent.com/rishs-afk/JoharProductReview/main/shopify_upload/matched_images/TB5312M45JJ-2.jpg,1,Diamond Bracelets,false,Diamond Bracelets,,26,Gabriel & Co.,,,,,,,,,,g,,212.00,active
tb5312m45jj,,,,,,,,,,,,,,,,,,,,,,,,,,,,,,,,https://raw.githubusercontent.com/rishs-afk/JoharProductReview/main/shopify_upload/matched_images/TB5312M45JJ-1.jpg,2,Diamond Bracelets,,,,,,,,,,,,,,,,,,
tb5312m45jj,,,,,,,,,,,,,,,,,,,,,,,,,,,,,,,,https://raw.githubusercontent.com/rishs-afk/JoharProductReview/main/shopify_upload/matched_images/TB5312M45JJ-3.jpg,3,Diamond Bracelets,,,,,,,,,,,,,,,,,,
sc55021328,Diamond Bracelets,14 Karat Solid Yellow Gold<br>Diamond &amp; Gold Fancy Bracelet<br>Diamond Total Carat Weight: 1.10,DIAMOND RING CO,Apparel & Accessories > Jewelry > Bracelets,Bracelets,"Anniversary, Birthday, Category 170, For Her, For Mom, Gift, Helios Migrated, Round, Statement",true,Material,14 Karat Gold,,Stone Type,Natural Diamond,,Metal Color,Yellow Gold,,SC55021328,0.0,shopify,0,deny,manual,5931.00,,true,true,,,,,,https://raw.githubusercontent.com/rishs-afk/JoharProductReview/main/shopify_upload/matched_images/SC55021328.JPG,1,Diamond Bracelets,false,Diamond Bracelets,,147,Shy Creation,,,,,,,,,,g,,1376.00,active
sc55024188-2,Diamond Bracelets,14 Karat Solid Yellow Gold<br>Diamond Fancy Bracelet<br>Diamond Total Carat Weight: 1.07,DIAMOND RING CO,Apparel & Accessories > Jewelry > Bracelets,Bracelets,"Anniversary, Birthday, Category 170, For Her, For Mom, Gift, Helios Migrated, Round, Statement, Tennis Edit",true,Material,14 Karat Gold,,Stone Type,Natural Diamond,,Metal Color,Yellow Gold,,SC55024188-2,0.0,shopify,0,deny,manual,5081.00,,true,true,,,,,,https://raw.githubusercontent.com/rishs-afk/JoharProductReview/main/shopify_upload/matched_images/SC55024188.JPG,1,Diamond Bracelets,false,Diamond Bracelets,,147,Shy Creation,,,,,,,,,,g,,1457.70,active
sc55024188-2,,,,,,,,,,,,,,,,,,,,,,,,,,,,,,,,https://raw.githubusercontent.com/rishs-afk/JoharProductReview/main/shopify_upload/matched_images/WEB_ALT_SC55024068_SC55024128_SC55024188_SC55024068_SC55024445.JPG,2,Diamond Bracelets,,,,,,,,,,,,,,,,,,
bg4940-62y45wm,Diamond Bracelets,14 Karat Solid Yellow Gold<br>Diamond &amp; Mother Of Pearl Bujukan Bangle<br>Diamond Total Carat Weight: 0.21<br>Mother Of Pearl Total Carat Weight: 2.23<br>S2219610 #18,Gabriel & Co,Apparel & Accessories > Jewelry > Bracelets,Bracelets,"Anniversary, Birthday, Category 170, For Her, For Mom, Gift, Helios Migrated, Round, Stackable, Statement",true,Material,14 Karat Gold,,Stone Type,"Natural Diamond, Pearls",,Metal Color,Yellow Gold,,BG4940-62Y45WM,0.0,shopify,0,deny,manual,4701.00,,true,true,,,,,,https://raw.githubusercontent.com/rishs-afk/JoharProductReview/main/shopify_upload/matched_images/BG4940-62Y45WM-1.jpg,1,Diamond Bracelets,false,Diamond Bracelets,,147,Gabriel & Co.,,,,,,,,,,g,,1570.00,active
bg4940-62y45wm,,,,,,,,,,,,,,,,,,,,,,,,,,,,,,,,https://raw.githubusercontent.com/rishs-afk/JoharProductReview/main/shopify_upload/matched_images/BG4940-62Y45WM-3.jpg,2,Diamond Bracelets,,,,,,,,,,,,,,,,,,
bg4940-62y45wm,,,,,,,,,,,,,,,,,,,,,,,,,,,,,,,,https://raw.githubusercontent.com/rishs-afk/JoharProductReview/main/shopify_upload/matched_images/BG4940-62Y45WM-2.jpg,3,Diamond Bracelets,,,,,,,,,,,,,,,,,,
bg4940-62y45wm,,,,,,,,,,,,,,,,,,,,,,,,,,,,,,,,https://raw.githubusercontent.com/rishs-afk/JoharProductReview/main/shopify_upload/matched_images/BG4940-62Y45WM-4.jpg,4,Diamond Bracelets,,,,,,,,,,,,,,,,,,
bg4940-62y45lp,Diamond Bracelets,14 Karat Solid Yellow Gold<br>Diamond &amp; Lapis Bangle<br>Diamond Total Carat Weight: 0.21<br>Lapis Total Carat Weight: 2.30<br>S2219594 #15,Gabriel & Co,Apparel & Accessories > Jewelry > Bracelets,Bracelets,"Anniversary, Birthday, Category 170, For Her, For Mom, Gift, Helios Migrated, Round, Stackable, Statement",true,Material,14 Karat Gold,,Stone Type,"Natural Diamond, Birthstone",,Metal Color,Yellow Gold,,BG4940-62Y45LP,0.0,shopify,0,deny,manual,4701.00,,true,true,,,,,,https://raw.githubusercontent.com/rishs-afk/JoharProductReview/main/shopify_upload/matched_images/BG4940-62Y45LP-1.jpg,1,Diamond Bracelets,false,Diamond Bracelets,,147,Gabriel & Co.,,,,,,,,,,g,,1570.00,active
bg4940-62y45lp,,,,,,,,,,,,,,,,,,,,,,,,,,,,,,,,https://raw.githubusercontent.com/rishs-afk/JoharProductReview/main/shopify_upload/matched_images/BG4940-62Y45LP-3.jpg,2,Diamond Bracelets,,,,,,,,,,,,,,,,,,
bg4940-62y45lp,,,,,,,,,,,,,,,,,,,,,,,,,,,,,,,,https://raw.githubusercontent.com/rishs-afk/JoharProductReview/main/shopify_upload/matched_images/BG4940-62Y45LP-2.jpg,3,Diamond Bracelets,,,,,,,,,,,,,,,,,,
bg4940-62y45lp,,,,,,,,,,,,,,,,,,,,,,,,,,,,,,,,https://raw.githubusercontent.com/rishs-afk/JoharProductReview/main/shopify_upload/matched_images/BG4940-62Y45LP-4.jpg,4,Diamond Bracelets,,,,,,,,,,,,,,,,,,
bg4437-62m45jj,Diamond Bracelets,14 Karat Solid Yellow &amp; White Gold<br>Diamond Bujukan Marquise Station Bangle<br>Diamond Total Carat Weight: 0.17<br>S2219609 #10,Gabriel & Co,Apparel & Accessories > Jewelry > Bracelets,Bracelets,"Anniversary, Birthday, Category 170, Everyday, For Her, For Mom, Gift, Helios Migrated, Round, Stackable",true,Material,14 Karat Gold,,Stone Type,Natural Diamond,,Metal Color,"Two-Tone, White Gold",,BG4437-62M45JJ,0.0,shopify,0,deny,manual,2600.00,,true,true,,,,,,https://raw.githubusercontent.com/rishs-afk/JoharProductReview/main/shopify_upload/matched_images/BG4437-62M45JJ-2.jpg,1,Diamond Bracelets,false,Diamond Bracelets,,147,Gabriel & Co.,,,,,,,,,,g,,824.00,active
bg4437-62m45jj,,,,,,,,,,,,,,,,,,,,,,,,,,,,,,,,https://raw.githubusercontent.com/rishs-afk/JoharProductReview/main/shopify_upload/matched_images/BG4437-62M45JJ-1.jpg,2,Diamond Bracelets,,,,,,,,,,,,,,,,,,
bg4437-62m45jj,,,,,,,,,,,,,,,,,,,,,,,,,,,,,,,,https://raw.githubusercontent.com/rishs-afk/JoharProductReview/main/shopify_upload/matched_images/BG4437-62M45JJ-3.jpg,3,Diamond Bracelets,,,,,,,,,,,,,,,,,,
bg4437-62m45jj,,,,,,,,,,,,,,,,,,,,,,,,,,,,,,,,https://raw.githubusercontent.com/rishs-afk/JoharProductReview/main/shopify_upload/matched_images/BG4437-62M45JJ-4.jpg,4,Diamond Bracelets,,,,,,,,,,,,,,,,,,
bg4437-62m45jj,,,,,,,,,,,,,,,,,,,,,,,,,,,,,,,,https://raw.githubusercontent.com/rishs-afk/JoharProductReview/main/shopify_upload/matched_images/BG4437-62M45JJ-5.jpg,5,Diamond Bracelets,,,,,,,,,,,,,,,,,,
bg4437-62m45jj,,,,,,,,,,,,,,,,,,,,,,,,,,,,,,,,https://raw.githubusercontent.com/rishs-afk/JoharProductReview/main/shopify_upload/matched_images/BG4437-62M45JJ-6.jpg,6,Diamond Bracelets,,,,,,,,,,,,,,,,,,
bg4228-62y45jj,Diamond Bracelets,14 Karat Solid Yellow Gold<br>Diamond Bujukan Bangle<br>Diamond Total Carat Weight: 0.33<br>S2220786 #8,Gabriel & Co,Apparel & Accessories > Jewelry > Bracelets,Bracelets,"Anniversary, Birthday, Category 170, Everyday, For Her, For Mom, Gift, Helios Migrated, Round, Stackable",true,Material,14 Karat Gold,,Stone Type,Natural Diamond,,Metal Color,Yellow Gold,,BG4228-62Y45JJ,0.0,shopify,0,deny,manual,3250.00,,true,true,,,,,,https://raw.githubusercontent.com/rishs-afk/JoharProductReview/main/shopify_upload/matched_images/BG4228-62Y45JJ-2.jpg,1,Diamond Bracelets,false,Diamond Bracelets,,147,Gabriel & Co.,,,,,,,,,,g,,1006.00,active
bg4228-62y45jj,,,,,,,,,,,,,,,,,,,,,,,,,,,,,,,,https://raw.githubusercontent.com/rishs-afk/JoharProductReview/main/shopify_upload/matched_images/BG4228-62Y45JJ-3.jpg,2,Diamond Bracelets,,,,,,,,,,,,,,,,,,
bg4228-62y45jj,,,,,,,,,,,,,,,,,,,,,,,,,,,,,,,,https://raw.githubusercontent.com/rishs-afk/JoharProductReview/main/shopify_upload/matched_images/BG4228-62Y45JJ-1.jpg,3,Diamond Bracelets,,,,,,,,,,,,,,,,,,
bg4228-62y45jj,,,,,,,,,,,,,,,,,,,,,,,,,,,,,,,,https://raw.githubusercontent.com/rishs-afk/JoharProductReview/main/shopify_upload/matched_images/BG4228-62Y45JJ-4.jpg,4,Diamond Bracelets,,,,,,,,,,,,,,,,,,
bg4228-62y45jj,,,,,,,,,,,,,,,,,,,,,,,,,,,,,,,,https://raw.githubusercontent.com/rishs-afk/JoharProductReview/main/shopify_upload/matched_images/BG4228-62Y45JJ-5.jpg,5,Diamond Bracelets,,,,,,,,,,,,,,,,,,
bg4216-62y45jj,Diamond Bracelets,14 Karat Solid Yellow Gold<br>Diamond Spike Bujukan Bangle<br>Diamond Total Carat Weight: 0.26<br>S2219608 #7,Gabriel & Co,Apparel & Accessories > Jewelry > Bracelets,Bracelets,"Anniversary, Birthday, Category 170, Everyday, For Her, For Mom, Gift, Helios Migrated, Round, Stackable",true,Material,14 Karat Gold,,Stone Type,Natural Diamond,,Metal Color,Yellow Gold,,BG4216-62Y45JJ,0.0,shopify,0,deny,manual,2500.00,,true,true,,,,,,https://raw.githubusercontent.com/rishs-afk/JoharProductReview/main/shopify_upload/matched_images/BG4216-62Y45JJ-1.jpg,1,Diamond Bracelets,false,Diamond Bracelets,,147,Gabriel & Co.,,,,,,,,,,g,,774.00,active
bg4216-62y45jj,,,,,,,,,,,,,,,,,,,,,,,,,,,,,,,,https://raw.githubusercontent.com/rishs-afk/JoharProductReview/main/shopify_upload/matched_images/BG4216-62Y45JJ-2.jpg,2,Diamond Bracelets,,,,,,,,,,,,,,,,,,
bg4216-62y45jj,,,,,,,,,,,,,,,,,,,,,,,,,,,,,,,,https://raw.githubusercontent.com/rishs-afk/JoharProductReview/main/shopify_upload/matched_images/BG4216-62Y45JJ-3.jpg,3,Diamond Bracelets,,,,,,,,,,,,,,,,,,
bg4216-62y45jj,,,,,,,,,,,,,,,,,,,,,,,,,,,,,,,,https://raw.githubusercontent.com/rishs-afk/JoharProductReview/main/shopify_upload/matched_images/BG4216-62Y45JJ-4.jpg,4,Diamond Bracelets,,,,,,,,,,,,,,,,,,
sc55006424,Diamond Bracelets,14 Karat Solid Yellow Gold Bracelet<br>Diamond 3 Stone Bracelet<br>Diamond Total Carat Weight: 0.11,Shy Creation,Apparel & Accessories > Jewelry > Bracelets,Bracelets,"Anniversary, Birthday, Category 170, Everyday, For Her, For Mom, Gift, Helios Migrated, Round, Stackable",true,Material,14 Karat Gold,,Stone Type,Natural Diamond,,Metal Color,Yellow Gold,,SC55006424,0.0,shopify,0,deny,manual,670.00,,true,true,,,,,,https://raw.githubusercontent.com/rishs-afk/JoharProductReview/main/shopify_upload/matched_images/SC55006424.JPG,1,Diamond Bracelets,false,Diamond Bracelets,,161,Shy Creation,,,,,,,,,,g,,240.80,active
sc55024188,Diamond Bracelets,14 Karat Yellow Gold Diamond Figaro Bracelet<br>Diamond Carat Weight: 1.07CT,Shy Creation,Apparel & Accessories > Jewelry > Bracelets,Bracelets,"Anniversary, Birthday, Category 170, For Her, For Mom, Gift, Helios Migrated, Round, Statement, Tennis Edit",true,Material,14 Karat Gold,,Stone Type,Natural Diamond,,Metal Color,Yellow Gold,,SC55024188,0.0,shopify,0,deny,manual,5081.00,,true,true,,,,,,https://raw.githubusercontent.com/rishs-afk/JoharProductReview/main/shopify_upload/matched_images/SC55024188.JPG,1,Diamond Bracelets,false,Diamond Bracelets,,943,Shy Creation,,,,,,,,,,g,,1457.70,active
sc55024188,,,,,,,,,,,,,,,,,,,,,,,,,,,,,,,,https://raw.githubusercontent.com/rishs-afk/JoharProductReview/main/shopify_upload/matched_images/WEB_ALT_SC55024068_SC55024128_SC55024188_SC55024068_SC55024445.JPG,2,Diamond Bracelets,,,,,,,,,,,,,,,,,,
sc55012102,Diamond Bracelets,14 Karat Solid White Gold<br>Kate Collection<br>Lock &amp; Key Diamond Petite Bracelet<br>Diamond Total Carat Weight: 0.04,Shy Creation,Apparel & Accessories > Jewelry > Bracelets,Bracelets,"Anniversary, Birthday, Category 170, Everyday, For Her, For Mom, Gift, Helios Migrated, Round, Stackable",true,Material,14 Karat Gold,,Stone Type,Natural Diamond,,Metal Color,White Gold,,SC55012102,0.0,shopify,0,deny,manual,690.00,,true,true,,,,,,https://raw.githubusercontent.com/rishs-afk/JoharProductReview/main/shopify_upload/matched_images/SC55012102.JPG,1,Diamond Bracelets,false,Diamond Bracelets,,1431,Shy Creation,,,,,,,,,,g,,146.20,active
sc55007903-j,Diamond Necklaces,14 Karat Solid White Gold<br>Initial Diamond Pendant: J<br>Diamond Total Carat Weight: 0.03,DIAMOND RING CO,Apparel & Accessories > Jewelry > Necklaces,Necklaces,"Anniversary, Birthday, Category 165, Everyday, For Her, For Mom, Gift, Helios Migrated, Round, Stackable",true,Material,14 Karat Gold,,Stone Type,Natural Diamond,,Metal Color,White Gold,,SC55007903-J,0.0,shopify,0,deny,manual,595.00,,true,true,,,,,,https://raw.githubusercontent.com/rishs-afk/JoharProductReview/main/shopify_upload/matched_images/SC55007903-J.JPG,1,Diamond Necklaces,false,Diamond Necklaces,,5,Shy Creation,,,,,,,,,,g,,169.85,active
sc55007903-j,,,,,,,,,,,,,,,,,,,,,,,,,,,,,,,,https://raw.githubusercontent.com/rishs-afk/JoharProductReview/main/shopify_upload/matched_images/SC55007903-J_B.JPG,2,Diamond Necklaces,,,,,,,,,,,,,,,,,,
sc55024110,Diamond Necklaces,14 Karat Yellow Gold Lariat Malachite Necklace<br>Diamond Carat Weight: 0.13CT<br>Malachite Carat Weight: 1.02CT<br>Kate Colln Shy Creation,DIAMOND RING CO,Apparel & Accessories > Jewelry > Necklaces,Necklaces,"Anniversary, Birthday, Category 165, Everyday, For Her, For Mom, Gift, Helios Migrated, Round, Stackable",true,Material,14 Karat Gold,,Stone Type,Natural Diamond,,Metal Color,Yellow Gold,,SC55024110,0.0,shopify,0,deny,manual,1875.00,,true,true,,,,,,https://raw.githubusercontent.com/rishs-afk/JoharProductReview/main/shopify_upload/matched_images/SC55024110.JPG,1,Diamond Necklaces,false,Diamond Necklaces,,10,Shy Creation,,,,,,,,,,g,,513.85,active
sc55024110,,,,,,,,,,,,,,,,,,,,,,,,,,,,,,,,https://raw.githubusercontent.com/rishs-afk/JoharProductReview/main/shopify_upload/matched_images/WEB_ALT_SC55024110_SC55024107_SC55024104.JPG,2,Diamond Necklaces,,,,,,,,,,,,,,,,,,
sc55020407,Diamond Necklaces,14 Karat Yellow Gold Dragonfly Necklace<br>Diamond Carat Weight: 0.08CT<br>Kate Colln Shy Creation,DIAMOND RING CO,Apparel & Accessories > Jewelry > Necklaces,Necklaces,"Anniversary, Birthday, Category 165, Everyday, For Her, For Mom, Gift, Helios Migrated, Round, Stackable",true,Material,14 Karat Gold,,Stone Type,Natural Diamond,,Metal Color,Yellow Gold,,SC55020407,0.0,shopify,0,deny,manual,995.00,,true,true,,,,,,https://raw.githubusercontent.com/rishs-afk/JoharProductReview/main/shopify_upload/matched_images/SC55020407.JPG,1,Diamond Necklaces,false,Diamond Necklaces,,10,Shy Creation,,,,,,,,,,g,,288.10,active
sc55021448,Diamond Necklaces,14 Karat Yellow Gold Broken Heart Necklace<br>Diamond Carat Weight: 0.06CT<br>Double Separable Necklace<br>Kate Colln Shy Creation,DIAMOND RING CO,Apparel & Accessories > Jewelry > Necklaces,Necklaces,"Anniversary, Birthday, Category 165, Everyday, For Her, For Mom, Gift, Helios Migrated, Round, Stackable",true,Material,14 Karat Gold,,Stone Type,Natural Diamond,,Metal Color,Yellow Gold,,SC55021448,0.0,shopify,0,deny,manual,2590.00,,true,true,,,,,,https://raw.githubusercontent.com/rishs-afk/JoharProductReview/main/shopify_upload/matched_images/SC55021448.JPG,1,Diamond Necklaces,false,Diamond Necklaces,,11,Shy Creation,,,,,,,,,,g,,421.40,active
sc55021448,,,,,,,,,,,,,,,,,,,,,,,,,,,,,,,,https://raw.githubusercontent.com/rishs-afk/JoharProductReview/main/shopify_upload/matched_images/WEB%20ALT%20SC55021448L%20SC55021448R.JPG,2,Diamond Necklaces,,,,,,,,,,,,,,,,,,
sc55024402,Diamond Necklaces,14 Karat White &amp; Yellow Diamond Pave Circle Necklace<br>Diamond Carat Weight: 0.18CT<br>18 Inch Cable Chain<br>Kate Colln Shy Creation,DIAMOND RING CO,Apparel & Accessories > Jewelry > Necklaces,Necklaces,"Anniversary, Birthday, Category 165, Everyday, For Her, For Mom, Gift, Helios Migrated, Round, Stackable",true,Material,14 Karat Gold,,Stone Type,Natural Diamond,,Metal Color,Unknown,,SC55024402,0.0,shopify,0,deny,manual,1375.00,,true,true,,,,,,https://raw.githubusercontent.com/rishs-afk/JoharProductReview/main/shopify_upload/matched_images/SC55024402.JPG,1,Diamond Necklaces,false,Diamond Necklaces,,11,Shy Creation,,,,,,,,,,g,,384.85,active
sc22009442,Diamond Necklaces,14 Karat Yellow Gold Circle Of Love Necklac<br>Diamond Carat Weight: 0.04CT<br>Kate Colln Shy Creation,DIAMOND RING CO,Apparel & Accessories > Jewelry > Necklaces,Necklaces,"Anniversary, Birthday, Category 165, Everyday, For Her, For Mom, Gift, Helios Migrated, Round, Stackable",true,Material,14 Karat Gold,,Stone Type,Natural Diamond,,Metal Color,Yellow Gold,,SC22009442,0.0,shopify,0,deny,manual,910.00,,true,true,,,,,,https://raw.githubusercontent.com/rishs-afk/JoharProductReview/main/shopify_upload/matched_images/SC22009442.JPG,1,Diamond Necklaces,false,Diamond Necklaces,,11,Shy Creation,,,,,,,,,,g,,204.25,active
sc22009442,,,,,,,,,,,,,,,,,,,,,,,,,,,,,,,,https://raw.githubusercontent.com/rishs-afk/JoharProductReview/main/shopify_upload/matched_images/WEB_ALT_SC22009442_SC55025720RD.JPG,2,Diamond Necklaces,,,,,,,,,,,,,,,,,,
sc55027920rd,Diamond Necklaces,Diamond Flower Matte FInish<br>14 Karat Yellow Gold<br>Diamond Total Carat Weight: 0.15,DIAMOND RING CO,Apparel & Accessories > Jewelry > Necklaces,Necklaces,"Anniversary, Birthday, Category 165, For Her, For Mom, Gift, Helios Migrated, Round, Statement",true,Material,14 Karat Gold,,Stone Type,Natural Diamond,,Metal Color,Yellow Gold,,SC55027920RD,0.0,shopify,0,deny,manual,1510.00,,true,true,,,,,,https://raw.githubusercontent.com/rishs-afk/JoharProductReview/main/shopify_upload/matched_images/SC55027920RD.JPG,1,Diamond Necklaces,false,Diamond Necklaces,,11,Shy Creation,,,,,,,,,,g,,382.70,active
sc55027920rd,,,,,,,,,,,,,,,,,,,,,,,,,,,,,,,,https://raw.githubusercontent.com/rishs-afk/JoharProductReview/main/shopify_upload/matched_images/WEB_ALT_SC55027856RD_SC55027920RD.jpg,2,Diamond Necklaces,,,,,,,,,,,,,,,,,,
sc55024587,Diamond Necklaces,Diamond Oval Pave Necklace<br>14 Karat Yellow Gold<br>Diamond Total Carat Weight: 0.23,DIAMOND RING CO,Apparel & Accessories > Jewelry > Necklaces,Necklaces,"Anniversary, Birthday, Category 165, Everyday, For Her, For Mom, Gift, Helios Migrated, Round, Stackable",true,Material,14 Karat Gold,,Stone Type,Natural Diamond,,Metal Color,Yellow Gold,,SC55024587,0.0,shopify,0,deny,manual,1200.00,,true,true,,,,,,https://raw.githubusercontent.com/rishs-afk/JoharProductReview/main/shopify_upload/matched_images/SC55024587_C.JPG,1,Diamond Necklaces,false,Diamond Necklaces,,11,Shy Creation,,,,,,,,,,g,,382.70,active
sc55024587,,,,,,,,,,,,,,,,,,,,,,,,,,,,,,,,https://raw.githubusercontent.com/rishs-afk/JoharProductReview/main/shopify_upload/matched_images/SC55024587_B.JPG,2,Diamond Necklaces,,,,,,,,,,,,,,,,,,
sc55024587,,,,,,,,,,,,,,,,,,,,,,,,,,,,,,,,https://raw.githubusercontent.com/rishs-afk/JoharProductReview/main/shopify_upload/matched_images/SC55024587.JPG,3,Diamond Necklaces,,,,,,,,,,,,,,,,,,
sc55024587,,,,,,,,,,,,,,,,,,,,,,,,,,,,,,,,https://raw.githubusercontent.com/rishs-afk/JoharProductReview/main/shopify_upload/matched_images/WEB_ALT_SC55024587V2_SC55024587.JPG,4,Diamond Necklaces,,,,,,,,,,,,,,,,,,
sc22009521rd,Diamond Necklaces,14 Karat Yellow Gold Clover Diamond Necklace<br>Diamond Carat Weight: 0.10CT<br>Ribbed Clover Pendant<br>Kate Colln Shy Creation,DIAMOND RING CO,Apparel & Accessories > Jewelry > Necklaces,Necklaces,"Anniversary, Birthday, Category 165, Everyday, For Her, For Mom, Gift, Helios Migrated, Round, Stackable",true,Material,14 Karat Gold,,Stone Type,Natural Diamond,,Metal Color,Yellow Gold,,SC22009521RD,0.0,shopify,0,deny,manual,1110.00,,true,true,,,,,,https://raw.githubusercontent.com/rishs-afk/JoharProductReview/main/shopify_upload/matched_images/SC22009521RD.JPG,1,Diamond Necklaces,false,Diamond Necklaces,,11,Shy Creation,,,,,,,,,,g,,298.85,active
sc22009521rd,,,,,,,,,,,,,,,,,,,,,,,,,,,,,,,,https://raw.githubusercontent.com/rishs-afk/JoharProductReview/main/shopify_upload/matched_images/WEB_ALT_SC22009521RD_SC22009527RD.JPG,2,Diamond Necklaces,,,,,,,,,,,,,,,,,,
sc55025621,Diamond Necklaces,14 Karat Yellow Gold Butterfly Necklace<br>Diamond Carat Weight: 0.10CT<br>18 Inch Cable Chain Adjustable<br>Kate Colln Shy Creation,DIAMOND RING CO,Apparel & Accessories > Jewelry > Necklaces,Necklaces,"Anniversary, Birthday, Category 165, Everyday, For Her, For Mom, Gift, Helios Migrated, New Parents, Round, Stackable",true,Material,14 Karat Gold,,Stone Type,Natural Diamond,,Metal Color,Yellow Gold,,SC55025621,0.0,shopify,0,deny,manual,1230.00,,true,true,,,,,,https://raw.githubusercontent.com/rishs-afk/JoharProductReview/main/shopify_upload/matched_images/SC55025621.JPG,1,Diamond Necklaces,false,Diamond Necklaces,,11,Shy Creation,,,,,,,,,,g,,292.40,active
sc55025621,,,,,,,,,,,,,,,,,,,,,,,,,,,,,,,,https://raw.githubusercontent.com/rishs-afk/JoharProductReview/main/shopify_upload/matched_images/WEB_ALT_SC55025527_SC55025621.JPG,2,Diamond Necklaces,,,,,,,,,,,,,,,,,,
sc55020380,Diamond Necklaces,14 Karat Yellow Gold Dog Tag Necklace<br>Diamond Carat Weight: 0.03CT<br>18Inch Cable Chain Adjustable<br>Engravable Dog Tag,Shy Creation,Apparel & Accessories > Jewelry > Necklaces,Necklaces,"Anniversary, Birthday, Category 165, Everyday, For Her, For Mom, Gift, Graduation, Helios Migrated, New Parents, Round",true,Material,14 Karat Gold,,Stone Type,Natural Diamond,,Metal Color,Yellow Gold,,SC55020380,0.0,shopify,0,deny,manual,1530.00,,true,true,,,,,,https://raw.githubusercontent.com/rishs-afk/JoharProductReview/main/shopify_upload/matched_images/SC55020380.JPG,1,Diamond Necklaces,false,Diamond Necklaces,,11,Shy Creation,,,,,,,,,,g,,292.40,active
sc55019701,Diamond Necklaces,Diamond Octagon Satin Finish Necklace<br>14 Karat Yellow Gold<br>Diamond Total Carat Weight: 0.07,Shy Creation,Apparel & Accessories > Jewelry > Necklaces,Necklaces,"Anniversary, Birthday, Category 165, Everyday, For Her, For Mom, Gift, Graduation, Helios Migrated, New Parents, Round, Stackable",true,Material,14 Karat Gold,,Stone Type,Natural Diamond,,Metal Color,Yellow Gold,,SC55019701,0.0,shopify,0,deny,manual,995.00,,true,true,,,,,,https://raw.githubusercontent.com/rishs-afk/JoharProductReview/main/shopify_upload/matched_images/SC55019701.JPG,1,Diamond Necklaces,false,Diamond Necklaces,,12,Shy Creation,,,,,,,,,,g,,236.50,active
sc55024422,Diamond Necklaces,Diamond Oval Pendant<br>14 Karat White And Yellow Gold<br>Diamond Total Carat Weight: 0.19,Shy Creation,Apparel & Accessories > Jewelry > Necklaces,Necklaces,"Anniversary, Birthday, Category 165, Everyday, For Her, For Mom, Gift, Helios Migrated, Round",true,Material,14 Karat Gold,,Stone Type,Natural Diamond,,Metal Color,"Two-Tone, Yellow Gold",,SC55024422,0.0,shopify,0,deny,manual,1375.00,,true,true,,,,,,https://raw.githubusercontent.com/rishs-afk/JoharProductReview/main/shopify_upload/matched_images/SC55024422B.JPG,1,Diamond Necklaces,false,Diamond Necklaces,,12,Shy Creation,,,,,,,,,,g,,384.85,active
sc55024422,,,,,,,,,,,,,,,,,,,,,,,,,,,,,,,,https://raw.githubusercontent.com/rishs-afk/JoharProductReview/main/shopify_upload/matched_images/SC55024422.JPG,2,Diamond Necklaces,,,,,,,,,,,,,,,,,,
sc55024422,,,,,,,,,,,,,,,,,,,,,,,,,,,,,,,,https://raw.githubusercontent.com/rishs-afk/JoharProductReview/main/shopify_upload/matched_images/SC55024422C.JPG,3,Diamond Necklaces,,,,,,,,,,,,,,,,,,
nk5450y45jj,Diamond Necklaces,14KYG 0.06CT Heart Necklace<br>S2279731 #163,Gabriel & Co,Apparel & Accessories > Jewelry > Necklaces,Necklaces,"Anniversary, Birthday, Category 165, Everyday, For Her, For Mom, Gift, Helios Migrated, Round, Stackable",true,Material,14 Karat Gold,,Stone Type,Natural Diamond,,Metal Color,Yellow Gold,,NK5450Y45JJ,0.0,shopify,0,deny,manual,1025.00,,true,true,,,,,,https://raw.githubusercontent.com/rishs-afk/JoharProductReview/main/shopify_upload/matched_images/NK5450Y45JJ-2.jpg,1,Diamond Necklaces,false,Diamond Necklaces,,65,Gabriel & Co.,,,,,,,,,,g,,337.50,active
nk5450y45jj,,,,,,,,,,,,,,,,,,,,,,,,,,,,,,,,https://raw.githubusercontent.com/rishs-afk/JoharProductReview/main/shopify_upload/matched_images/NK5450Y45JJ-1.jpg,2,Diamond Necklaces,,,,,,,,,,,,,,,,,,
nk5450y45jj,,,,,,,,,,,,,,,,,,,,,,,,,,,,,,,,https://raw.githubusercontent.com/rishs-afk/JoharProductReview/main/shopify_upload/matched_images/NK5450Y45JJ-3.jpg,3,Diamond Necklaces,,,,,,,,,,,,,,,,,,
nk4526y45rb,Diamond Necklaces,14 Karat Solid Yellow Gold<br>Diamond &amp; Ruby Snake Necklace<br>Diamond Total Carat Weight: 0.05<br>Ruby Total Carat Weight: 0.04<br>S2219614 #45,Gabriel & Co,Apparel & Accessories > Jewelry > Necklaces,Necklaces,"Anniversary, Birthday, Category 165, Everyday, For Her, For Mom, Gift, Helios Migrated, Round, Stackable",true,Material,14 Karat Gold,,Stone Type,"Natural Diamond, Birthstone",,Metal Color,Yellow Gold,,NK4526Y45RB,0.0,shopify,0,deny,manual,1425.00,,true,true,,,,,,https://raw.githubusercontent.com/rishs-afk/JoharProductReview/main/shopify_upload/matched_images/NK4526Y45RB-2.jpg,1,Diamond Necklaces,false,Diamond Necklaces,,147,Gabriel & Co.,,,,,,,,,,g,,436.00,active
nk4526y45rb,,,,,,,,,,,,,,,,,,,,,,,,,,,,,,,,https://raw.githubusercontent.com/rishs-afk/JoharProductReview/main/shopify_upload/matched_images/NK4526Y45RB-1.jpg,2,Diamond Necklaces,,,,,,,,,,,,,,,,,,
sc55029164,Diamond Necklaces,14 Karat Solid Yellow Gold Necklace<br>Diamond Black Onyx &amp; Mop Ying &amp; Yang Sparkle Chain<br>Diamond Total Carat Weight: 0.03CT,Shy Creation,Apparel & Accessories > Jewelry > Necklaces,Necklaces,"Anniversary, Birthday, Category 165, Everyday, Faith & Milestones, For Her, For Mom, Gift, Helios Migrated, Round, Stackable",true,Material,14 Karat Gold,,Stone Type,"Natural Diamond, Birthstone, Pearls",,Metal Color,Yellow Gold,,SC55029164,0.0,shopify,0,deny,manual,1100.00,,true,true,,,,,,https://raw.githubusercontent.com/rishs-afk/JoharProductReview/main/shopify_upload/matched_images/SC55029164.JPG,1,Diamond Necklaces,false,Diamond Necklaces,,161,Shy Creation,,,,,,,,,,g,,384.85,active
sc55029164,,,,,,,,,,,,,,,,,,,,,,,,,,,,,,,,https://raw.githubusercontent.com/rishs-afk/JoharProductReview/main/shopify_upload/matched_images/WEB_ALT_SC55029164.JPG,2,Diamond Necklaces,,,,,,,,,,,,,,,,,,
sc55027421,Diamond Necklaces,14 Karat Solid Yellow Gold Necklace<br>Diamond Starfish Charm<br>Diamond Total Carat Weight: 0.15,Shy Creation,Apparel & Accessories > Jewelry > Necklaces,Necklaces,"Anniversary, Birthday, Category 165, Everyday, For Her, For Mom, Gift, Helios Migrated, Round, Stackable",true,Material,14 Karat Gold,,Stone Type,Natural Diamond,,Metal Color,Yellow Gold,,SC55027421,0.0,shopify,0,deny,manual,995.00,,true,true,,,,,,https://raw.githubusercontent.com/rishs-afk/JoharProductReview/main/shopify_upload/matched_images/SC55027421_C.JPG,1,Diamond Necklaces,false,Diamond Necklaces,,161,Shy Creation,,,,,,,,,,g,,341.85,active
sc55027421,,,,,,,,,,,,,,,,,,,,,,,,,,,,,,,,https://raw.githubusercontent.com/rishs-afk/JoharProductReview/main/shopify_upload/matched_images/SC55027421.JPG,2,Diamond Necklaces,,,,,,,,,,,,,,,,,,
sc55027421,,,,,,,,,,,,,,,,,,,,,,,,,,,,,,,,https://raw.githubusercontent.com/rishs-afk/JoharProductReview/main/shopify_upload/matched_images/SC55027421_B.JPG,3,Diamond Necklaces,,,,,,,,,,,,,,,,,,
sc55027421,,,,,,,,,,,,,,,,,,,,,,,,,,,,,,,,https://raw.githubusercontent.com/rishs-afk/JoharProductReview/main/shopify_upload/matched_images/WEB_ALT_SC55025564V2RD_SC55027421_SC55027418RD.JPG,4,Diamond Necklaces,,,,,,,,,,,,,,,,,,
sc55028852,Diamond Necklaces,14 Karat Solid Yellow Gold Necklace<br>Diamond Cross Charm<br>Diamond Total Carat Weight: 0.08,Shy Creation,Apparel & Accessories > Jewelry > Necklaces,Necklaces,"Anniversary, Birthday, Category 165, Everyday, Faith & Milestones, For Her, For Mom, Gift, Helios Migrated, Round, Stackable",true,Material,14 Karat Gold,,Stone Type,Natural Diamond,,Metal Color,Yellow Gold,,SC55028852,0.0,shopify,0,deny,manual,1100.00,,true,true,,,,,,https://raw.githubusercontent.com/rishs-afk/JoharProductReview/main/shopify_upload/matched_images/SC55028852.JPG,1,Diamond Necklaces,false,Diamond Necklaces,,161,Shy Creation,,,,,,,,,,g,,354.75,active
sc55028852,,,,,,,,,,,,,,,,,,,,,,,,,,,,,,,,https://raw.githubusercontent.com/rishs-afk/JoharProductReview/main/shopify_upload/matched_images/WEB_ALT_SC55028809_SC55028852_SC41002341.JPG,2,Diamond Necklaces,,,,,,,,,,,,,,,,,,
sc22009094rd-2,Diamond Necklaces,14 Karat Yellow Gold Diamond Bow Necklace<br>Diamond Carat Weight: 0.14CT<br>Kate Colln Shy Creation,DIAMOND RING CO,Apparel & Accessories > Jewelry > Necklaces,Necklaces,"Anniversary, Birthday, Category 165, Everyday, For Her, For Mom, Gift, Helios Migrated, New Parents, Round, Stackable, Wedding",true,Material,14 Karat Gold,,Stone Type,Natural Diamond,,Metal Color,Yellow Gold,,SC22009094RD-2,0.0,shopify,0,deny,manual,1550.00,,true,true,,,,,,https://raw.githubusercontent.com/rishs-afk/JoharProductReview/main/shopify_upload/matched_images/SC22009094RD.JPG,1,Diamond Necklaces,false,Diamond Necklaces,,326,Shy Creation,,,,,,,,,,g,,421.40,active
sc22009094rd-2,,,,,,,,,,,,,,,,,,,,,,,,,,,,,,,,https://raw.githubusercontent.com/rishs-afk/JoharProductReview/main/shopify_upload/matched_images/WEB_ALT_SC22009094RD.JPG,2,Diamond Necklaces,,,,,,,,,,,,,,,,,,
sc22009650z17,Diamond Necklaces,Diamond Oval Layer Necklace<br>14 Karat Yellow Gold<br>Diamond Total Carat Weight: 1.04,Shy Creation,Apparel & Accessories > Jewelry > Necklaces,Necklaces,"Anniversary, Birthday, Category 165, For Her, For Mom, Gift, Helios Migrated, Round, Statement, Wedding",true,Material,14 Karat Gold,,Stone Type,Natural Diamond,,Metal Color,Yellow Gold,,SC22009650Z17,0.0,shopify,0,deny,manual,18580.00,,true,true,,,,,,https://raw.githubusercontent.com/rishs-afk/JoharProductReview/main/shopify_upload/matched_images/SC22009650Z17.JPG,1,Diamond Necklaces,false,Diamond Necklaces,,509,Shy Creation,,,,,,,,,,g,,4295.70,active
sc22009650z17,,,,,,,,,,,,,,,,,,,,,,,,,,,,,,,,https://raw.githubusercontent.com/rishs-afk/JoharProductReview/main/shopify_upload/matched_images/WEB_ALT_SC22009650Z17.JPG,2,Diamond Necklaces,,,,,,,,,,,,,,,,,,
nk7745y45jj,Diamond Necklaces,14 Karat White And Yellow Gold Curved Bar Necklace<br>Diamond Carat Weight: 0.75CT<br>S1925043 #183,Gabriel & Co,Apparel & Accessories > Jewelry > Necklaces,Necklaces,"Anniversary, Birthday, Category 165, For Her, For Mom, Gift, Helios Migrated, Round, Stackable, Statement, Wedding",true,Material,14 Karat Gold,,Stone Type,Natural Diamond,,Metal Color,"Two-Tone, Yellow Gold",,NK7745Y45JJ,0.0,shopify,0,deny,manual,3700.00,,true,true,,,,,,https://raw.githubusercontent.com/rishs-afk/JoharProductReview/main/shopify_upload/matched_images/NK7745Y45JJ-2.jpg,1,Diamond Necklaces,false,Diamond Necklaces,,622,Gabriel & Co.,,,,,,,,,,g,,1275.00,active
nk7745y45jj,,,,,,,,,,,,,,,,,,,,,,,,,,,,,,,,https://raw.githubusercontent.com/rishs-afk/JoharProductReview/main/shopify_upload/matched_images/NK7745Y45JJ-1.jpg,2,Diamond Necklaces,,,,,,,,,,,,,,,,,,
nk7745y45jj,,,,,,,,,,,,,,,,,,,,,,,,,,,,,,,,https://raw.githubusercontent.com/rishs-afk/JoharProductReview/main/shopify_upload/matched_images/NK7745Y45JJ-4.jpg,3,Diamond Necklaces,,,,,,,,,,,,,,,,,,
nk7745y45jj,,,,,,,,,,,,,,,,,,,,,,,,,,,,,,,,https://raw.githubusercontent.com/rishs-afk/JoharProductReview/main/shopify_upload/matched_images/NK7745Y45JJ-3.jpg,4,Diamond Necklaces,,,,,,,,,,,,,,,,,,
nk7802m45jj,Diamond Necklaces,14 Karat Yellow &amp; White Diamond Necklace<br>Diamond Carat Weight: 0.30CT<br>S1925007 #170,Gabriel & Co,Apparel & Accessories > Jewelry > Necklaces,Necklaces,"Anniversary, Birthday, Category 165, For Her, For Mom, Gift, Helios Migrated, New Parents, Round, Stackable, Statement",true,Material,14 Karat Gold,,Stone Type,Natural Diamond,,Metal Color,Unknown,,NK7802M45JJ,0.0,shopify,0,deny,manual,2125.00,,true,true,,,,,,https://raw.githubusercontent.com/rishs-afk/JoharProductReview/main/shopify_upload/matched_images/NK7802M45JJ-2.jpg,1,Diamond Necklaces,false,Diamond Necklaces,,622,Gabriel & Co.,,,,,,,,,,g,,699.00,active
nk7802m45jj,,,,,,,,,,,,,,,,,,,,,,,,,,,,,,,,https://raw.githubusercontent.com/rishs-afk/JoharProductReview/main/shopify_upload/matched_images/NK7802M45JJ-1.jpg,2,Diamond Necklaces,,,,,,,,,,,,,,,,,,
nk7802m45jj,,,,,,,,,,,,,,,,,,,,,,,,,,,,,,,,https://raw.githubusercontent.com/rishs-afk/JoharProductReview/main/shopify_upload/matched_images/NK7802M45JJ-4.jpg,3,Diamond Necklaces,,,,,,,,,,,,,,,,,,
nk7802m45jj,,,,,,,,,,,,,,,,,,,,,,,,,,,,,,,,https://raw.githubusercontent.com/rishs-afk/JoharProductReview/main/shopify_upload/matched_images/NK7802M45JJ-3.jpg,4,Diamond Necklaces,,,,,,,,,,,,,,,,,,
nk7697y45jj,Diamond Necklaces,14 Karat Yellow Gold Bujukan Drop Necklace<br>Diamond Carat Weight: 0.18CT<br>S1926912 #164,Gabriel & Co,Apparel & Accessories > Jewelry > Necklaces,Necklaces,"Anniversary, Birthday, Category 165, Drop/Dangle, Everyday, For Her, For Mom, Gift, Helios Migrated, Round, Statement, Wedding",true,Material,14 Karat Gold,,Stone Type,Natural Diamond,,Metal Color,Yellow Gold,,NK7697Y45JJ,0.0,shopify,0,deny,manual,1850.00,,true,true,,,,,,https://raw.githubusercontent.com/rishs-afk/JoharProductReview/main/shopify_upload/matched_images/NK7697Y45JJ-2.jpg,1,Diamond Necklaces,false,Diamond Necklaces,,625,Gabriel & Co.,,,,,,,,,,g,,558.00,active
nk7697y45jj,,,,,,,,,,,,,,,,,,,,,,,,,,,,,,,,https://raw.githubusercontent.com/rishs-afk/JoharProductReview/main/shopify_upload/matched_images/NK7697Y45JJ-1.jpg,2,Diamond Necklaces,,,,,,,,,,,,,,,,,,
nk7697y45jj,,,,,,,,,,,,,,,,,,,,,,,,,,,,,,,,https://raw.githubusercontent.com/rishs-afk/JoharProductReview/main/shopify_upload/matched_images/NK7697Y45JJ-3.jpg,3,Diamond Necklaces,,,,,,,,,,,,,,,,,,
nk7697y45jj,,,,,,,,,,,,,,,,,,,,,,,,,,,,,,,,https://raw.githubusercontent.com/rishs-afk/JoharProductReview/main/shopify_upload/matched_images/NK7697Y45JJ-4.jpg,4,Diamond Necklaces,,,,,,,,,,,,,,,,,,
nk4273y45jj,Diamond Necklaces,14 Karat Yellow Gold Diamond Curved Bar Necklace<br>Diamond Carat Weight: 0.19CT<br>S1916185 #91,Gabriel & Co,Apparel & Accessories > Jewelry > Necklaces,Necklaces,"Anniversary, Birthday, Category 165, Everyday, For Her, For Mom, Gift, Graduation, Helios Migrated, Round, Stackable, Wedding",true,Material,14 Karat Gold,,Stone Type,Natural Diamond,,Metal Color,Yellow Gold,,NK4273Y45JJ,0.0,shopify,0,deny,manual,1400.00,,true,true,,,,,,https://raw.githubusercontent.com/rishs-afk/JoharProductReview/main/shopify_upload/matched_images/NK4273Y45JJ-2.jpg,1,Diamond Necklaces,false,Diamond Necklaces,,628,Gabriel & Co.,,,,,,,,,,g,,445.00,active
nk4273y45jj,,,,,,,,,,,,,,,,,,,,,,,,,,,,,,,,https://raw.githubusercontent.com/rishs-afk/JoharProductReview/main/shopify_upload/matched_images/NK4273Y45JJ-1.jpg,2,Diamond Necklaces,,,,,,,,,,,,,,,,,,
nk4273y45jj,,,,,,,,,,,,,,,,,,,,,,,,,,,,,,,,https://raw.githubusercontent.com/rishs-afk/JoharProductReview/main/shopify_upload/matched_images/NK4273Y45JJ-3.jpg,3,Diamond Necklaces,,,,,,,,,,,,,,,,,,
nk5422y45jj,Diamond Necklaces,Diamond Bar Necklace<br>14 Karat Yellow Gold<br>Diamond Total Carat Weight: 0.05<br>S1916097 #81,Gabriel & Co,Apparel & Accessories > Jewelry > Necklaces,Necklaces,"Anniversary, Birthday, Category 165, Everyday, For Her, For Mom, Gift, Helios Migrated, Round, Stackable",true,Material,14 Karat Gold,,Stone Type,Natural Diamond,,Metal Color,Yellow Gold,,NK5422Y45JJ,0.0,shopify,0,deny,manual,1150.00,,true,true,,,,,,https://raw.githubusercontent.com/rishs-afk/JoharProductReview/main/shopify_upload/matched_images/NK5422Y45JJ-2.jpg,1,Diamond Necklaces,false,Diamond Necklaces,,628,Gabriel & Co.,,,,,,,,,,g,,328.00,active
nk5422y45jj,,,,,,,,,,,,,,,,,,,,,,,,,,,,,,,,https://raw.githubusercontent.com/rishs-afk/JoharProductReview/main/shopify_upload/matched_images/NK5422Y45JJ-1.jpg,2,Diamond Necklaces,,,,,,,,,,,,,,,,,,
nk5422y45jj,,,,,,,,,,,,,,,,,,,,,,,,,,,,,,,,https://raw.githubusercontent.com/rishs-afk/JoharProductReview/main/shopify_upload/matched_images/NK5422Y45JJ-3.jpg,3,Diamond Necklaces,,,,,,,,,,,,,,,,,,
nk5205y45jj,Diamond Necklaces,Diamond Star And Moon Necklace<br>14 Karat Yellow Gold<br>Diamond Total Carat Weight: 0.12<br>S1922701 #62,Gabriel & Co,Apparel & Accessories > Jewelry > Necklaces,Necklaces,"Anniversary, Birthday, Category 165, Everyday, Faith & Milestones, For Her, For Mom, Gift, Helios Migrated, Round, Stackable",true,Material,14 Karat Gold,,Stone Type,Natural Diamond,,Metal Color,Yellow Gold,,NK5205Y45JJ,0.0,shopify,0,deny,manual,1200.00,,true,true,,,,,,https://raw.githubusercontent.com/rishs-afk/JoharProductReview/main/shopify_upload/matched_images/NK5205Y45JJ-2.jpg,1,Diamond Necklaces,false,Diamond Necklaces,,628,Gabriel & Co.,,,,,,,,,,g,,354.00,active
nk5205y45jj,,,,,,,,,,,,,,,,,,,,,,,,,,,,,,,,https://raw.githubusercontent.com/rishs-afk/JoharProductReview/main/shopify_upload/matched_images/NK5205Y45JJ-1.jpg,2,Diamond Necklaces,,,,,,,,,,,,,,,,,,
nk5205y45jj,,,,,,,,,,,,,,,,,,,,,,,,,,,,,,,,https://raw.githubusercontent.com/rishs-afk/JoharProductReview/main/shopify_upload/matched_images/NK5205Y45JJ-3.jpg,3,Diamond Necklaces,,,,,,,,,,,,,,,,,,
nk5796w45jj,Diamond Necklaces,14 Karat White Gold Diamond Curved Bar Necklace<br>Diamond Carat Weight: 0.24CT<br>S1863385 #13,Gabriel & Co,Apparel & Accessories > Jewelry > Necklaces,Necklaces,"Anniversary, Birthday, Category 165, Everyday, For Her, For Mom, Gift, Graduation, Helios Migrated, Round, Stackable, Statement, Tennis, Wedding",true,Material,14 Karat Gold,,Stone Type,Natural Diamond,,Metal Color,White Gold,,NK5796W45JJ,0.0,shopify,0,deny,manual,1800.00,,true,true,,,,,,https://raw.githubusercontent.com/rishs-afk/JoharProductReview/main/shopify_upload/matched_images/NK5796W45JJ-2.jpg,1,Diamond Necklaces,false,Diamond Necklaces,,629,Gabriel & Co.,,,,,,,,,,g,,558.00,active
nk5796w45jj,,,,,,,,,,,,,,,,,,,,,,,,,,,,,,,,https://raw.githubusercontent.com/rishs-afk/JoharProductReview/main/shopify_upload/matched_images/NK5796W45JJ-1.jpg,2,Diamond Necklaces,,,,,,,,,,,,,,,,,,
nk5796w45jj,,,,,,,,,,,,,,,,,,,,,,,,,,,,,,,,https://raw.githubusercontent.com/rishs-afk/JoharProductReview/main/shopify_upload/matched_images/NK5796W45JJ-3.jpg,3,Diamond Necklaces,,,,,,,,,,,,,,,,,,
nk6864y45jj,Diamond Necklaces,14 Karat Yellow Gold Bar Drop Necklace<br>Diamond Carat Weight: 0.03CT<br>S1909557 #1,Gabriel & Co,Apparel & Accessories > Jewelry > Necklaces,Necklaces,"Anniversary, Birthday, Category 165, Drop/Dangle, Everyday, For Her, For Mom, Gift, Helios Migrated, Round, Statement",true,Material,14 Karat Gold,,Stone Type,Natural Diamond,,Metal Color,Yellow Gold,,NK6864Y45JJ,0.0,shopify,0,deny,manual,1050.00,,true,true,,,,,,https://raw.githubusercontent.com/rishs-afk/JoharProductReview/main/shopify_upload/matched_images/NK6864Y45JJ-2.jpg,1,Diamond Necklaces,false,Diamond Necklaces,,629,Gabriel & Co.,,,,,,,,,,g,,264.00,active
nk6864y45jj,,,,,,,,,,,,,,,,,,,,,,,,,,,,,,,,https://raw.githubusercontent.com/rishs-afk/JoharProductReview/main/shopify_upload/matched_images/NK6864Y45JJ-1.jpg,2,Diamond Necklaces,,,,,,,,,,,,,,,,,,
nk6864y45jj,,,,,,,,,,,,,,,,,,,,,,,,,,,,,,,,https://raw.githubusercontent.com/rishs-afk/JoharProductReview/main/shopify_upload/matched_images/NK6864Y45JJ-3.jpg,3,Diamond Necklaces,,,,,,,,,,,,,,,,,,
nk6864y45jj,,,,,,,,,,,,,,,,,,,,,,,,,,,,,,,,https://raw.githubusercontent.com/rishs-afk/JoharProductReview/main/shopify_upload/matched_images/NK6864Y45JJ-4.jpg,4,Diamond Necklaces,,,,,,,,,,,,,,,,,,
sc55025717rd,Diamond Necklaces,Diamond Crestment Moon And Star<br>Necklace<br>14 Karat Yellow Gold<br>Diamond Total Carat Weight: 0.07,Shy Creation,Apparel & Accessories > Jewelry > Necklaces,Necklaces,"Anniversary, Birthday, Category 165, Everyday, Faith & Milestones, For Her, For Mom, Gift, Helios Migrated, Round, Stackable",true,Material,14 Karat Gold,,Stone Type,Natural Diamond,,Metal Color,Yellow Gold,,SC55025717RD,0.0,shopify,0,deny,manual,995.00,,true,true,,,,,,https://raw.githubusercontent.com/rishs-afk/JoharProductReview/main/shopify_upload/matched_images/SC55025717RD.JPG,1,Diamond Necklaces,false,Diamond Necklaces,,943,Shy Creation,,,,,,,,,,g,,234.35,active
sc55025717rd,,,,,,,,,,,,,,,,,,,,,,,,,,,,,,,,https://raw.githubusercontent.com/rishs-afk/JoharProductReview/main/shopify_upload/matched_images/WEB_ALT_SC55025717RD_SC55025738RD_SC55025761RD.JPG,2,Diamond Necklaces,,,,,,,,,,,,,,,,,,
sc22009184,Diamond Necklaces,14 Karat Yellow Gold Clover Necklace<br>Diamond Carat Weight: 0.22CT<br>18Inch Cable Chain Adjustable<br>Kate Colln Shy Creation,Shy Creation,Apparel & Accessories > Jewelry > Necklaces,Necklaces,"Anniversary, Birthday, Category 165, Everyday, For Her, For Mom, Gift, Helios Migrated, New Parents, Round, Stackable",true,Material,14 Karat Gold,,Stone Type,Natural Diamond,,Metal Color,Yellow Gold,,SC22009184,0.0,shopify,0,deny,manual,1600.00,,true,true,,,,,,https://raw.githubusercontent.com/rishs-afk/JoharProductReview/main/shopify_upload/matched_images/SC22009184_C.JPG,1,Diamond Necklaces,false,Diamond Necklaces,,943,Shy Creation,,,,,,,,,,g,,473.00,active
sc22009184,,,,,,,,,,,,,,,,,,,,,,,,,,,,,,,,https://raw.githubusercontent.com/rishs-afk/JoharProductReview/main/shopify_upload/matched_images/SC22009184_B.JPG,2,Diamond Necklaces,,,,,,,,,,,,,,,,,,
sc22009184,,,,,,,,,,,,,,,,,,,,,,,,,,,,,,,,https://raw.githubusercontent.com/rishs-afk/JoharProductReview/main/shopify_upload/matched_images/SC22009184.JPG,3,Diamond Necklaces,,,,,,,,,,,,,,,,,,
sc22009184,,,,,,,,,,,,,,,,,,,,,,,,,,,,,,,,https://raw.githubusercontent.com/rishs-afk/JoharProductReview/main/shopify_upload/matched_images/WEB_ALT_SC22009187_SC22009184.JPG,4,Diamond Necklaces,,,,,,,,,,,,,,,,,,
sc55025288rd,Diamond Necklaces,14 Karat Solid Yellow Gold<br>Diamond Star Burst Necklace<br>Diamond Total Carat Weight: 0.02,Shy Creation,Apparel & Accessories > Jewelry > Necklaces,Necklaces,"Anniversary, Birthday, Category 165, Everyday, For Her, For Mom, Gift, Helios Migrated, Round, Stackable",true,Material,14 Karat Gold,,Stone Type,Natural Diamond,,Metal Color,Yellow Gold,,SC55025288RD,0.0,shopify,0,deny,manual,595.00,,true,true,,,,,,https://raw.githubusercontent.com/rishs-afk/JoharProductReview/main/shopify_upload/matched_images/SC55025288RD.JPG,1,Diamond Necklaces,false,Diamond Necklaces,,943,Shy Creation,,,,,,,,,,g,,161.25,active
sc55025288rd,,,,,,,,,,,,,,,,,,,,,,,,,,,,,,,,https://raw.githubusercontent.com/rishs-afk/JoharProductReview/main/shopify_upload/matched_images/WEB_ALT_SC55025288RD.JPG,2,Diamond Necklaces,,,,,,,,,,,,,,,,,,
sc55025732,Diamond Necklaces,Diamond Shell Necklace<br>14 Karat Yellow Gold<br>Diamond Total Carat Weight: 0.05,Shy Creation,Apparel & Accessories > Jewelry > Necklaces,Necklaces,"Anniversary, Birthday, Category 165, Everyday, For Her, For Mom, Gift, Helios Migrated, Round, Stackable",true,Material,14 Karat Gold,,Stone Type,Natural Diamond,,Metal Color,Yellow Gold,,SC55025732,0.0,shopify,0,deny,manual,1010.00,,true,true,,,,,,https://raw.githubusercontent.com/rishs-afk/JoharProductReview/main/shopify_upload/matched_images/SC55025732.JPG,1,Diamond Necklaces,false,Diamond Necklaces,,943,Shy Creation,,,,,,,,,,g,,212.85,active
sc55025732,,,,,,,,,,,,,,,,,,,,,,,,,,,,,,,,https://raw.githubusercontent.com/rishs-afk/JoharProductReview/main/shopify_upload/matched_images/WEB_ALT_SC55025696_SC55025732.JPG,2,Diamond Necklaces,,,,,,,,,,,,,,,,,,
sc55025564rd,Diamond Necklaces,14 Karat Solid Yellow Gold<br>Diamond Pineapple Necklace<br>Diamond Total Carat Weight: 0.03,Shy Creation,Apparel & Accessories > Jewelry > Necklaces,Necklaces,"Anniversary, Birthday, Category 165, Everyday, For Her, For Mom, Gift, Helios Migrated, Round, Stackable",true,Material,14 Karat Gold,,Stone Type,Natural Diamond,,Metal Color,Yellow Gold,,SC55025564RD,0.0,shopify,0,deny,manual,780.00,,true,true,,,,,,https://raw.githubusercontent.com/rishs-afk/JoharProductReview/main/shopify_upload/matched_images/SC55025564RD.JPG,1,Diamond Necklaces,false,Diamond Necklaces,,943,Shy Creation,,,,,,,,,,g,,165.55,active
sc55025564rd,,,,,,,,,,,,,,,,,,,,,,,,,,,,,,,,https://raw.githubusercontent.com/rishs-afk/JoharProductReview/main/shopify_upload/matched_images/WEB_ALT_SC55025564RD.JPG,2,Diamond Necklaces,,,,,,,,,,,,,,,,,,
sc55007903-k,Diamond Necklaces,14 Karat Solid White Gold<br>Initial Diamond Pendant: K<br>Diamond Total Carat Weight: 0.04,Shy Creation,Apparel & Accessories > Jewelry > Necklaces,Necklaces,"Anniversary, Birthday, Category 165, Everyday, For Her, For Mom, Gift, Helios Migrated, Initial, Round, Stackable",true,Material,14 Karat Gold,,Stone Type,Natural Diamond,,Metal Color,White Gold,,SC55007903-K,0.0,shopify,0,deny,manual,595.00,,true,true,,,,,,https://raw.githubusercontent.com/rishs-afk/JoharProductReview/main/shopify_upload/matched_images/SC55007903-K_B.JPG,1,Diamond Necklaces,false,Diamond Necklaces,,950,Shy Creation,,,,,,,,,,g,,169.85,active
sc55007903-k,,,,,,,,,,,,,,,,,,,,,,,,,,,,,,,,https://raw.githubusercontent.com/rishs-afk/JoharProductReview/main/shopify_upload/matched_images/SC55007903-K.webp,2,Diamond Necklaces,,,,,,,,,,,,,,,,,,
sc55007903-k,,,,,,,,,,,,,,,,,,,,,,,,,,,,,,,,https://raw.githubusercontent.com/rishs-afk/JoharProductReview/main/shopify_upload/matched_images/SC55007903-K.JPG,3,Diamond Necklaces,,,,,,,,,,,,,,,,,,
sc55007903-k,,,,,,,,,,,,,,,,,,,,,,,,,,,,,,,,https://raw.githubusercontent.com/rishs-afk/JoharProductReview/main/shopify_upload/matched_images/SC55007903-K_C.JPG,4,Diamond Necklaces,,,,,,,,,,,,,,,,,,
sc55007820,Diamond Necklaces,Kate Collection<br>Diamond Necklace<br>14 Karat Yellow Gold<br>Diamond Total Carat Weight: 0.71,Shy Creation,Apparel & Accessories > Jewelry > Necklaces,Necklaces,"Anniversary, Birthday, Category 165, For Her, For Mom, Gift, Helios Migrated, Round",true,Material,14 Karat Gold,,Stone Type,Natural Diamond,,Metal Color,Yellow Gold,,SC55007820,0.0,shopify,0,deny,manual,3250.00,,true,true,,,,,,https://raw.githubusercontent.com/rishs-afk/JoharProductReview/main/shopify_upload/matched_images/SC55007820.JPG,1,Diamond Necklaces,false,Diamond Necklaces,,1028,Shy Creation,,,,,,,,,,g,,1118.00,active
sc55006676,Diamond Necklaces,14 Karat Solid Yellow Gold<br>Diamond Star of David Necklace<br>Diamond Total Carat Weight: 0.03,Shy Creation,Apparel & Accessories > Jewelry > Necklaces,Necklaces,"Anniversary, Birthday, Category 165, Everyday, Faith & Milestones, For Her, For Mom, Gift, Helios Migrated, Round, Stackable",true,Material,14 Karat Gold,,Stone Type,Natural Diamond,,Metal Color,Yellow Gold,,SC55006676,0.0,shopify,0,deny,manual,700.00,,true,true,,,,,,https://raw.githubusercontent.com/rishs-afk/JoharProductReview/main/shopify_upload/matched_images/SC55006676.JPG,1,Diamond Necklaces,false,Diamond Necklaces,,1135,Shy Creation,,,,,,,,,,g,,167.70,active
sc55007904-c,Diamond Necklaces,Initial Collection<br>Letter C<br>14 Karat Yellow Gold<br>Diamond Total Carat Weight: 0.04,Shy Creation,Apparel & Accessories > Jewelry > Necklaces,Necklaces,"Anniversary, Birthday, Category 165, Everyday, For Her, For Mom, Gift, Helios Migrated, Initial, Round, Stackable",true,Material,14 Karat Gold,,Stone Type,Natural Diamond,,Metal Color,Yellow Gold,,SC55007904-C,0.0,shopify,0,deny,manual,791.00,,true,true,,,,,,https://raw.githubusercontent.com/rishs-afk/JoharProductReview/main/shopify_upload/matched_images/SC55007904-C.JPG,1,Diamond Necklaces,false,Diamond Necklaces,,1419,Shy Creation,,,,,,,,,,g,,340.00,active
sc55007904-c,,,,,,,,,,,,,,,,,,,,,,,,,,,,,,,,https://raw.githubusercontent.com/rishs-afk/JoharProductReview/main/shopify_upload/matched_images/SC55007904-C_B.JPG,2,Diamond Necklaces,,,,,,,,,,,,,,,,,,
sc22007005,Diamond Necklaces,14 Karat Rose Gold Diamonds By The Yard Necklace<br>Total Diamond Carat Weight: 0.34CT<br>Pear Diamond Carat Weight: 0.16CT<br>18 Inch Cable Chain Adjustable<br>Bailey Colln Shy Creation,Shy Creation,Apparel & Accessories > Jewelry > Necklaces,Necklaces,"Anniversary, Birthday, Category 165, For Her, For Mom, Gift, Helios Migrated, Pear, Round, Stackable, Statement, Wedding",true,Material,14 Karat Gold,,Stone Type,Natural Diamond,,Metal Color,Rose Gold,,SC22007005,0.0,shopify,0,deny,manual,2430.00,,true,true,,,,,,https://raw.githubusercontent.com/rishs-afk/JoharProductReview/main/shopify_upload/matched_images/SC22007005.JPG,1,Diamond Necklaces,false,Diamond Necklaces,,1419,Shy Creation,,,,,,,,,,g,,657.90,active
sc22007005,,,,,,,,,,,,,,,,,,,,,,,,,,,,,,,,https://raw.githubusercontent.com/rishs-afk/JoharProductReview/main/shopify_upload/matched_images/SC22007005_B.JPG,2,Diamond Necklaces,,,,,,,,,,,,,,,,,,
sc55019306,Diamond Necklaces,Kate Collection<br>Diamond Lightning Necklace<br>14 Karat Yellow Gold<br>Diamond Total Carat Weight: 0.08,Shy Creation,Apparel & Accessories > Jewelry > Necklaces,Necklaces,"Anniversary, Birthday, Category 165, Everyday, For Her, For Mom, Gift, Helios Migrated, Round, Stackable",true,Material,14 Karat Gold,,Stone Type,Natural Diamond,,Metal Color,Yellow Gold,,SC55019306,0.0,shopify,0,deny,manual,1000.00,,true,true,,,,,,https://raw.githubusercontent.com/rishs-afk/JoharProductReview/main/shopify_upload/matched_images/SC55019306.JPG,1,Diamond Necklaces,false,Diamond Necklaces,,1420,Shy Creation,,,,,,,,,,g,,219.30,active
sc55021611,Diamond Necklaces,14 Karat Yellow Gold Diamond Clover Necklace<br>Diamond Carat Weight: 0.37CT<br>18 Inch Cable Chain Adjustable<br>Colette Colln Shy Creation,Shy Creation,Apparel & Accessories > Jewelry > Necklaces,Necklaces,"Anniversary, Birthday, Category 165, Everyday, For Her, For Mom, Gift, Helios Migrated, New Parents, Pear, Round, Stackable, Wedding",true,Material,14 Karat Gold,,Stone Type,Natural Diamond,,Metal Color,Yellow Gold,,SC55021611,0.0,shopify,0,deny,manual,1540.00,,true,true,,,,,,https://raw.githubusercontent.com/rishs-afk/JoharProductReview/main/shopify_upload/matched_images/SC55021611.JPG,1,Diamond Necklaces,false,Diamond Necklaces,,1420,Shy Creation,,,,,,,,,,g,,425.70,active
sc55021611,,,,,,,,,,,,,,,,,,,,,,,,,,,,,,,,https://raw.githubusercontent.com/rishs-afk/JoharProductReview/main/shopify_upload/matched_images/WEB_ALT_SC55021611_SC55021457.JPG,2,Diamond Necklaces,,,,,,,,,,,,,,,,,,
sc55022477,Diamond Necklaces,14 Karat White Gold Diamond Halo Necklace<br>Diamond Carat Weight: 0.79CT<br>18 Inch Cable Chain Adjustable<br>Kate Colln Shy Creation,Shy Creation,Apparel & Accessories > Jewelry > Necklaces,Necklaces,"Anniversary, Birthday, Category 165, For Her, For Mom, Gift, Halo, Helios Migrated, Round, Statement, Wedding",true,Material,14 Karat Gold,,Stone Type,Natural Diamond,,Metal Color,White Gold,,SC55022477,0.0,shopify,0,deny,manual,3579.00,,true,true,,,,,,https://raw.githubusercontent.com/rishs-afk/JoharProductReview/main/shopify_upload/matched_images/SC55022477.JPG,1,Diamond Necklaces,false,Diamond Necklaces,,1431,Shy Creation,,,,,,,,,,g,,989.00,active
sc55022776,Diamond Necklaces,14 Karat Yellow Gold Cuban Diamond Necklace<br>Dangling Pear Cut Diamonds<br>Diamond Carat Weight: 0.62CT<br>Collette Colln Shy Creation,Shy Creation,Apparel & Accessories > Jewelry > Necklaces,Necklaces,"Anniversary, Birthday, Category 165, For Her, For Mom, Gift, Helios Migrated, Pear, Round, Stackable, Statement, Wedding",true,Material,14 Karat Gold,,Stone Type,Natural Diamond,,Metal Color,Yellow Gold,,SC55022776,0.0,shopify,0,deny,manual,5499.00,,true,true,,,,,,https://raw.githubusercontent.com/rishs-afk/JoharProductReview/main/shopify_upload/matched_images/SC55022776.JPG,1,Diamond Necklaces,false,Diamond Necklaces,,1463,Shy Creation,,,,,,,,,,g,,1548.00,active
sc55022776,,,,,,,,,,,,,,,,,,,,,,,,,,,,,,,,https://raw.githubusercontent.com/rishs-afk/JoharProductReview/main/shopify_upload/matched_images/WEBALT_SC55021878V2Z18%20_SC55022776_SC22007995_SC55021382V2.JPEG,2,Diamond Necklaces,,,,,,,,,,,,,,,,,,
sc55007904-l,Diamond Necklaces,Initial Collection<br>Letter L<br>14 Karat Yellow Gold<br>Diamond Total Carat Weight: 0.03,DIAMOND RING CO,Apparel & Accessories > Jewelry > Necklaces,Necklaces,"Anniversary, Birthday, Category 165, Everyday, For Her, For Mom, Gift, Helios Migrated, Initial, Round, Stackable",true,Material,14 Karat Gold,,Stone Type,Natural Diamond,,Metal Color,Yellow Gold,,SC55007904-l,0.0,shopify,0,deny,manual,595.00,,true,true,,,,,,https://raw.githubusercontent.com/rishs-afk/JoharProductReview/main/shopify_upload/matched_images/SC55007904-L.JPG,1,Diamond Necklaces,false,Diamond Necklaces,,10,Shy Creation,,,,,,,,,,g,,168.99,active
sc55007904-l,,,,,,,,,,,,,,,,,,,,,,,,,,,,,,,,https://raw.githubusercontent.com/rishs-afk/JoharProductReview/main/shopify_upload/matched_images/SC55007904-L_B.JPG,2,Diamond Necklaces,,,,,,,,,,,,,,,,,,
sc55007904-p,Diamond Necklaces,Initial Collection<br>Letter P<br>14 Karat Yellow Gold<br>Diamond Total Carat Weight: 0.04,DIAMOND RING CO,Apparel & Accessories > Jewelry > Necklaces,Necklaces,"Anniversary, Birthday, Category 165, Everyday, For Her, For Mom, Gift, Helios Migrated, Initial, Round, Stackable",true,Material,14 Karat Gold,,Stone Type,Natural Diamond,,Metal Color,Yellow Gold,,SC55007904-P,0.0,shopify,0,deny,manual,595.00,,true,true,,,,,,https://raw.githubusercontent.com/rishs-afk/JoharProductReview/main/shopify_upload/matched_images/SC55007904-P.JPG,1,Diamond Necklaces,false,Diamond Necklaces,,10,Shy Creation,,,,,,,,,,g,,169.85,active
sc55007904-p,,,,,,,,,,,,,,,,,,,,,,,,,,,,,,,,https://raw.githubusercontent.com/rishs-afk/JoharProductReview/main/shopify_upload/matched_images/SC55007904-P_B.JPG,2,Diamond Necklaces,,,,,,,,,,,,,,,,,,
sc55025399,Diamond Necklaces,14 Karat Solid Yellow Gold<br>Diamond Wish Bone Pendant<br>Diamond Total Carat Weight: 0.03,DIAMOND RING CO,Apparel & Accessories > Jewelry > Necklaces,Necklaces,"Anniversary, Birthday, Category 165, Everyday, For Her, For Mom, Gift, Helios Migrated, Round, Stackable",true,Material,14 Karat Gold,,Stone Type,Natural Diamond,,Metal Color,Yellow Gold,,SC55025399,0.0,shopify,0,deny,manual,780.00,,true,true,,,,,,https://raw.githubusercontent.com/rishs-afk/JoharProductReview/main/shopify_upload/matched_images/SC55025399.JPG,1,Diamond Necklaces,false,Diamond Necklaces,,147,Shy Creation,,,,,,,,,,g,,169.85,active
sc55025399,,,,,,,,,,,,,,,,,,,,,,,,,,,,,,,,https://raw.githubusercontent.com/rishs-afk/JoharProductReview/main/shopify_upload/matched_images/WEB_ALT_SC55025399_SC55025402_SC55025324_SC55012458.JPG,2,Diamond Necklaces,,,,,,,,,,,,,,,,,,
sc55025094,Diamond Necklaces,14 Karat Solid Yellow Gold<br>Diamond Bezel Pendant<br>Diamond Total Carat Weight: 0.05,DIAMOND RING CO,Apparel & Accessories > Jewelry > Necklaces,Necklaces,"Anniversary, Birthday, Category 165, Everyday, For Her, For Mom, Gift, Helios Migrated, Round, Stackable",true,Material,14 Karat Gold,,Stone Type,Natural Diamond,,Metal Color,Yellow Gold,,SC55025094,0.0,shopify,0,deny,manual,675.00,,true,true,,,,,,https://raw.githubusercontent.com/rishs-afk/JoharProductReview/main/shopify_upload/matched_images/SC55025094.JPG,1,Diamond Necklaces,false,Diamond Necklaces,,147,Shy Creation,,,,,,,,,,g,,169.85,active
sc55025496rd,Diamond Necklaces,14 Karat Solid Yellow Gold<br>Diamond Crescent Moon Pendant<br>Diamond Total Carat Weight: 0.02,Shy Creation,Apparel & Accessories > Jewelry > Necklaces,Necklaces,"Anniversary, Birthday, Category 165, Everyday, Faith & Milestones, For Her, For Mom, Gift, Helios Migrated, Round, Stackable",true,Material,14 Karat Gold,,Stone Type,Natural Diamond,,Metal Color,Yellow Gold,,SC55025496RD,0.0,shopify,0,deny,manual,725.00,,true,true,,,,,,https://raw.githubusercontent.com/rishs-afk/JoharProductReview/main/shopify_upload/matched_images/SC55025496RD.JPG,1,Diamond Necklaces,false,Diamond Necklaces,,943,Shy Creation,,,,,,,,,,g,,193.50,active
sc55025496rd,,,,,,,,,,,,,,,,,,,,,,,,,,,,,,,,https://raw.githubusercontent.com/rishs-afk/JoharProductReview/main/shopify_upload/matched_images/WEB_ALT_SC55025496RD.JPG,2,Diamond Necklaces,,,,,,,,,,,,,,,,,,
sc55021576,Diamond Necklaces,14 Karat Solid Yellow Gold<br>Diamond Safety Ring Pendant<br>Diamond Total Carat Weight: 0.05,Shy Creation,Apparel & Accessories > Jewelry > Necklaces,Necklaces,"Anniversary, Birthday, Category 165, Everyday, For Her, For Mom, Gift, Helios Migrated, Round, Stackable",true,Material,14 Karat Gold,,Stone Type,Natural Diamond,,Metal Color,Yellow Gold,,SC55021576,0.0,shopify,0,deny,manual,880.00,,true,true,,,,,,https://raw.githubusercontent.com/rishs-afk/JoharProductReview/main/shopify_upload/matched_images/SC55021576.JPG,1,Diamond Necklaces,false,Diamond Necklaces,,1135,Shy Creation,,,,,,,,,,g,,193.50,active
sc55021576,,,,,,,,,,,,,,,,,,,,,,,,,,,,,,,,https://raw.githubusercontent.com/rishs-afk/JoharProductReview/main/shopify_upload/matched_images/WEB_ALT_SC55022038_SC55021576.JPG,2,Diamond Necklaces,,,,,,,,,,,,,,,,,,
sc22003470ac,Diamond Necklaces,14 Karat Solid Yellow Gold<br>Kate Collection<br>Diamond Engravable Pendant<br>Diamond Total Carat Weight: 0.02,Shy Creation,Apparel & Accessories > Jewelry > Necklaces,Necklaces,"Anniversary, Birthday, Category 165, Everyday, For Her, For Mom, Gift, Graduation, Helios Migrated, New Parents, Round, Stackable",true,Material,14 Karat Gold,,Stone Type,Natural Diamond,,Metal Color,Yellow Gold,,SC22003470AC,0.0,shopify,0,deny,manual,795.00,,true,true,,,,,,https://raw.githubusercontent.com/rishs-afk/JoharProductReview/main/shopify_upload/matched_images/SC22003470AC.JPG,1,Diamond Necklaces,false,Diamond Necklaces,,1420,Shy Creation,,,,,,,,,,g,,176.30,active
sc22003470ac,,,,,,,,,,,,,,,,,,,,,,,,,,,,,,,,https://raw.githubusercontent.com/rishs-afk/JoharProductReview/main/shopify_upload/matched_images/WEB_ALT_SC55004912_SC55006110_SC22003470AC_SC55002607.JPG,2,Diamond Necklaces,,,,,,,,,,,,,,,,,,
sc55007904-h,Diamond Necklaces,14 Karat Solid Yellow Gold<br>Initial Diamond Pendant: H<br>Diamond Total Carat Weight: 0.05,Shy Creation,Apparel & Accessories > Jewelry > Necklaces,Necklaces,"Anniversary, Birthday, Category 165, Everyday, For Her, For Mom, Gift, Helios Migrated, Initial, Round, Stackable",true,Material,14 Karat Gold,,Stone Type,Natural Diamond,,Metal Color,Yellow Gold,,SC55007904-H,0.0,shopify,0,deny,manual,595.00,,true,true,,,,,,https://raw.githubusercontent.com/rishs-afk/JoharProductReview/main/shopify_upload/matched_images/SC55007904-H.JPG,1,Diamond Necklaces,false,Diamond Necklaces,,1135,Shy Creation,,,,,,,,,,g,,169.85,active
sc55007904-h,,,,,,,,,,,,,,,,,,,,,,,,,,,,,,,,https://raw.githubusercontent.com/rishs-afk/JoharProductReview/main/shopify_upload/matched_images/SC55007904-H_B.JPG,2,Diamond Necklaces,,,,,,,,,,,,,,,,,,
sc55007904-h,,,,,,,,,,,,,,,,,,,,,,,,,,,,,,,,https://raw.githubusercontent.com/rishs-afk/JoharProductReview/main/shopify_upload/matched_images/WEB_ALT_SC55007904-S_WEB_ALT_SC55007904-H_WEB_ALT_SC55007904-Y.JPG,3,Diamond Necklaces,,,,,,,,,,,,,,,,,,
sc55007904-f,Diamond Necklaces,14 Karat Solid Yellow Gold<br>Initial Diamond Pendant: F<br>Diamond Total Carat Weight: 0.04,Shy Creation,Apparel & Accessories > Jewelry > Necklaces,Necklaces,"Anniversary, Birthday, Category 165, Everyday, For Her, For Mom, Gift, Helios Migrated, Initial, Round, Stackable",true,Material,14 Karat Gold,,Stone Type,Natural Diamond,,Metal Color,Yellow Gold,,SC55007904-F,0.0,shopify,0,deny,manual,595.00,,true,true,,,,,,https://raw.githubusercontent.com/rishs-afk/JoharProductReview/main/shopify_upload/matched_images/SC55007904-F.JPG,1,Diamond Necklaces,false,Diamond Necklaces,,1135,Shy Creation,,,,,,,,,,g,,169.85,active
sc55007904-f,,,,,,,,,,,,,,,,,,,,,,,,,,,,,,,,https://raw.githubusercontent.com/rishs-afk/JoharProductReview/main/shopify_upload/matched_images/SC55007904-F_B.JPG,2,Diamond Necklaces,,,,,,,,,,,,,,,,,,
sc55007903-s,Diamond Necklaces,14 Karat Solid White Gold<br>Initial Diamond Pendant: S<br>Diamond Total Carat Weight: 0.05,Shy Creation,Apparel & Accessories > Jewelry > Necklaces,Necklaces,"Anniversary, Birthday, Category 165, Everyday, For Her, For Mom, Gift, Helios Migrated, Initial, Round, Stackable",true,Material,14 Karat Gold,,Stone Type,Natural Diamond,,Metal Color,White Gold,,SC55007903-S,0.0,shopify,0,deny,manual,595.00,,true,true,,,,,,https://raw.githubusercontent.com/rishs-afk/JoharProductReview/main/shopify_upload/matched_images/SC55007903-S.JPG,1,Diamond Necklaces,false,Diamond Necklaces,,1135,Shy Creation,,,,,,,,,,g,,169.85,active
sc55007903-s,,,,,,,,,,,,,,,,,,,,,,,,,,,,,,,,https://raw.githubusercontent.com/rishs-afk/JoharProductReview/main/shopify_upload/matched_images/SC55007903-S_B.JPG,2,Diamond Necklaces,,,,,,,,,,,,,,,,,,
sc55007903-t,Diamond Necklaces,14 Karat Solid White Gold<br>Initial Diamond Pendant: T<br>Diamond Total Carat Weight: 0.03,Shy Creation,Apparel & Accessories > Jewelry > Necklaces,Necklaces,"Anniversary, Birthday, Category 165, Everyday, For Her, For Mom, Gift, Helios Migrated, Initial, Round, Stackable",true,Material,14 Karat Gold,,Stone Type,Natural Diamond,,Metal Color,White Gold,,SC55007903-T,0.0,shopify,0,deny,manual,595.00,,true,true,,,,,,https://raw.githubusercontent.com/rishs-afk/JoharProductReview/main/shopify_upload/matched_images/SC55007903-T.JPG,1,Diamond Necklaces,false,Diamond Necklaces,,1135,Shy Creation,,,,,,,,,,g,,169.85,active
sc55007903-t,,,,,,,,,,,,,,,,,,,,,,,,,,,,,,,,https://raw.githubusercontent.com/rishs-afk/JoharProductReview/main/shopify_upload/matched_images/SC55007903-T_B.JPG,2,Diamond Necklaces,,,,,,,,,,,,,,,,,,
sc55001526,Diamond Necklaces,14 Karat Solid Yellow Gold<br>5 Point Diamond Pave Star<br>Diamond Total Carat Weight: 0.09,Shy Creation,Apparel & Accessories > Jewelry > Necklaces,Necklaces,"Anniversary, Birthday, Category 165, Everyday, For Her, For Mom, Gift, Helios Migrated, Round, Stackable",true,Material,14 Karat Gold,,Stone Type,Natural Diamond,,Metal Color,Yellow Gold,,SC55001526,0.0,shopify,0,deny,manual,920.00,,true,true,,,,,,https://raw.githubusercontent.com/rishs-afk/JoharProductReview/main/shopify_upload/matched_images/SC55001526.JPG,1,Diamond Necklaces,false,Diamond Necklaces,,451,Shy Creation,,,,,,,,,,g,,230.05,active
sc55027513,Diamond Necklaces,14 Karat Yellow Gold Bar Necklace<br>Diamond Carat Weight: 0.11CT<br>Kate Colln Shy Creation,Shy Creation,Apparel & Accessories > Jewelry > Necklaces,Necklaces,"Anniversary, Birthday, Category 165, Everyday, For Her, For Mom, Gift, Helios Migrated, Round, Stackable",true,Material,14 Karat Gold,,Stone Type,Natural Diamond,,Metal Color,Yellow Gold,,SC55027513,0.0,shopify,0,deny,manual,950.00,,true,true,,,,,,https://raw.githubusercontent.com/rishs-afk/JoharProductReview/main/shopify_upload/matched_images/SC55027513.JPG,1,Diamond Necklaces,false,Diamond Necklaces,,509,Shy Creation,,,,,,,,,,g,,236.50,active
sc55027513,,,,,,,,,,,,,,,,,,,,,,,,,,,,,,,,https://raw.githubusercontent.com/rishs-afk/JoharProductReview/main/shopify_upload/matched_images/WEB_ALT_SC55027460RD_SC55027513.jpg,2,Diamond Necklaces,,,,,,,,,,,,,,,,,,
sc55027522,Diamond Necklaces,14 Karat Yellow Gold Wheel Necklace<br>Diamond Carat Weight: 0.07CT<br>18 Inch Beaded Diamond Cut Chain,Shy Creation,Apparel & Accessories > Jewelry > Necklaces,Necklaces,"Anniversary, Birthday, Category 165, Everyday, For Her, For Mom, Gift, Helios Migrated, Round, Stackable, Statement",true,Material,14 Karat Gold,,Stone Type,Natural Diamond,,Metal Color,Yellow Gold,,SC55027522,0.0,shopify,0,deny,manual,1995.00,,true,true,,,,,,https://raw.githubusercontent.com/rishs-afk/JoharProductReview/main/shopify_upload/matched_images/SC55027522.JPG,1,Diamond Necklaces,false,Diamond Necklaces,,509,Shy Creation,,,,,,,,,,g,,473.00,active
sc55027522,,,,,,,,,,,,,,,,,,,,,,,,,,,,,,,,https://raw.githubusercontent.com/rishs-afk/JoharProductReview/main/shopify_upload/matched_images/WEB_ALT_SC55027525_SC55027522.jpg,2,Diamond Necklaces,,,,,,,,,,,,,,,,,,
sc55027296rd,Diamond Necklaces,14 Karat Yellow Gold Oval Faceted Snake Necklace<br>Diamond Carat Weight: 0.08CT<br>Natural Ruby Carat Weight: 0.02CT<br>18Inch Beaded Diamond Cut Chain,Shy Creation,Apparel & Accessories > Jewelry > Necklaces,Necklaces,"Anniversary, Birthday, Category 165, For Her, For Mom, Gift, Helios Migrated, Round, Stackable, Statement",true,Material,14 Karat Gold,,Stone Type,Natural Diamond,,Metal Color,Yellow Gold,,SC55027296RD,0.0,shopify,0,deny,manual,1995.00,,true,true,,,,,,https://raw.githubusercontent.com/rishs-afk/JoharProductReview/main/shopify_upload/matched_images/SC55027296RD.JPG,1,Diamond Necklaces,false,Diamond Necklaces,,509,Shy Creation,,,,,,,,,,g,,473.00,active
sc55027856rd,Diamond Necklaces,14 Karat Solid Yellow Gold Pendant<br>Style: Mother Of Pearl Rose Flower<br>Diamond Pave Accents<br>Diamond Carat Weight: 0.06CT<br>Mother Of Pearl Carat Weight: 1.74CT,Shy Creation,Apparel & Accessories > Jewelry > Necklaces,Necklaces,"Anniversary, Birthday, Category 165, For Her, For Mom, Gift, Helios Migrated, New Parents, Round, Statement, Wedding",true,Material,14 Karat Gold,,Stone Type,Natural Diamond,,Metal Color,Yellow Gold,,SC55027856RD,0.0,shopify,0,deny,manual,1100.00,,true,true,,,,,,https://raw.githubusercontent.com/rishs-afk/JoharProductReview/main/shopify_upload/matched_images/SC55027856RD.JPG,1,Diamond Necklaces,false,Diamond Necklaces,,509,Shy Creation,,,,,,,,,,g,,298.85,active
sc55027856rd,,,,,,,,,,,,,,,,,,,,,,,,,,,,,,,,https://raw.githubusercontent.com/rishs-afk/JoharProductReview/main/shopify_upload/matched_images/WEB_ALT_SC55027856RD_SC55027920RD.jpg,2,Diamond Necklaces,,,,,,,,,,,,,,,,,,
sc22009094rd,Diamond Necklaces,14 Karat Yellow Gold Bow Necklace<br>Diamond Carat Weight: 0.14CT<br>18 Inch Cable Chain Adjustable<br>Kate Colln Shy Creation,Shy Creation,Apparel & Accessories > Jewelry > Necklaces,Necklaces,"Anniversary, Birthday, Category 165, Everyday, For Her, For Mom, Gift, Helios Migrated, New Parents, Round, Stackable",true,Material,14 Karat Gold,,Stone Type,Natural Diamond,,Metal Color,Yellow Gold,,SC22009094RD,0.0,shopify,0,deny,manual,1550.00,,true,true,,,,,,https://raw.githubusercontent.com/rishs-afk/JoharProductReview/main/shopify_upload/matched_images/SC22009094RD.JPG,1,Diamond Necklaces,false,Diamond Necklaces,,509,Shy Creation,,,,,,,,,,g,,382.70,active
sc22009094rd,,,,,,,,,,,,,,,,,,,,,,,,,,,,,,,,https://raw.githubusercontent.com/rishs-afk/JoharProductReview/main/shopify_upload/matched_images/WEB_ALT_SC22009094RD.JPG,2,Diamond Necklaces,,,,,,,,,,,,,,,,,,
nk1370w45jj,Diamond Necklaces,14 Karat Solid White Gold<br>Diamond Cross Necklace<br>Diamond Carat Weight: 0.13CT<br>S1926896 #168,Gabriel & Co,Apparel & Accessories > Jewelry > Necklaces,Necklaces,"Anniversary, Birthday, Category 165, Everyday, Faith & Milestones, For Her, For Mom, Gift, Helios Migrated, Round, Stackable",true,Material,14 Karat Gold,,Stone Type,Natural Diamond,,Metal Color,White Gold,,NK1370W45JJ,0.0,shopify,0,deny,manual,1000.00,,true,true,,,,,,https://raw.githubusercontent.com/rishs-afk/JoharProductReview/main/shopify_upload/matched_images/NK1370W45JJ-2.jpg,1,Diamond Necklaces,false,Diamond Necklaces,,622,Gabriel & Co.,,,,,,,,,,g,,307.00,active
nk1370w45jj,,,,,,,,,,,,,,,,,,,,,,,,,,,,,,,,https://raw.githubusercontent.com/rishs-afk/JoharProductReview/main/shopify_upload/matched_images/NK1370W45JJ-1.jpg,2,Diamond Necklaces,,,,,,,,,,,,,,,,,,
nk1370w45jj,,,,,,,,,,,,,,,,,,,,,,,,,,,,,,,,https://raw.githubusercontent.com/rishs-afk/JoharProductReview/main/shopify_upload/matched_images/NK1370W45JJ-3.jpg,3,Diamond Necklaces,,,,,,,,,,,,,,,,,,
pt6646y45wm,Diamond Pendants,14 Karat Yellow Gold Oval Star Pendant<br>Mother Of Pearl With Diamonds<br>Diamond Carat Weight: 0.13CT<br>S1925032 #167,Gabriel & Co,Apparel & Accessories > Jewelry > Charms & Pendants,Charms,"Anniversary, Birthday, Category 160, For Her, For Mom, Gift, Helios Migrated, Round, Stackable, Statement",true,Material,14 Karat Gold,,Stone Type,"Natural Diamond, Pearls",,Metal Color,Yellow Gold,,PT6646Y45WM,0.0,shopify,0,deny,manual,2300.00,,true,true,,,,,,https://raw.githubusercontent.com/rishs-afk/JoharProductReview/main/shopify_upload/matched_images/PT6646Y45WM-1.jpg,1,Diamond Pendants,false,Diamond Pendants,,622,Gabriel & Co.,,,,,,,,,,g,,647.00,active
pt6646y45wm,,,,,,,,,,,,,,,,,,,,,,,,,,,,,,,,https://raw.githubusercontent.com/rishs-afk/JoharProductReview/main/shopify_upload/matched_images/PT6646Y45WM-3.jpg,2,Diamond Pendants,,,,,,,,,,,,,,,,,,
pt6646y45wm,,,,,,,,,,,,,,,,,,,,,,,,,,,,,,,,https://raw.githubusercontent.com/rishs-afk/JoharProductReview/main/shopify_upload/matched_images/PT6646Y45WM-2.jpg,3,Diamond Pendants,,,,,,,,,,,,,,,,,,
pt6646y45wm,,,,,,,,,,,,,,,,,,,,,,,,,,,,,,,,https://raw.githubusercontent.com/rishs-afk/JoharProductReview/main/shopify_upload/matched_images/PT6646Y45WM-4.jpg,4,Diamond Pendants,,,,,,,,,,,,,,,,,,
pt6600y45jj,Diamond Pendants,14 Karat Yellow Gold Bujukan Floral Pendant<br>Diamond Carat Weight: 0.23CT<br>S1925031 #153,Gabriel & Co,Apparel & Accessories > Jewelry > Charms & Pendants,Charms,"Anniversary, Birthday, Category 160, For Her, For Mom, Gift, Helios Migrated, Round, Statement",true,Material,14 Karat Gold,,Stone Type,Natural Diamond,,Metal Color,Yellow Gold,,PT6600Y45JJ,0.0,shopify,0,deny,manual,4350.00,,true,true,,,,,,https://raw.githubusercontent.com/rishs-afk/JoharProductReview/main/shopify_upload/matched_images/PT6600Y45JJ-2.jpg,1,Diamond Pendants,false,Diamond Pendants,,625,Gabriel & Co.,,,,,,,,,,g,,1167.00,active
pt6600y45jj,,,,,,,,,,,,,,,,,,,,,,,,,,,,,,,,https://raw.githubusercontent.com/rishs-afk/JoharProductReview/main/shopify_upload/matched_images/PT6600Y45JJ-1.jpg,2,Diamond Pendants,,,,,,,,,,,,,,,,,,
pt6600y45jj,,,,,,,,,,,,,,,,,,,,,,,,,,,,,,,,https://raw.githubusercontent.com/rishs-afk/JoharProductReview/main/shopify_upload/matched_images/PT6600Y45JJ-3.jpg,3,Diamond Pendants,,,,,,,,,,,,,,,,,,
pt6600y45jj,,,,,,,,,,,,,,,,,,,,,,,,,,,,,,,,https://raw.githubusercontent.com/rishs-afk/JoharProductReview/main/shopify_upload/matched_images/PT6600Y45JJ-4.jpg,4,Diamond Pendants,,,,,,,,,,,,,,,,,,
pt6598y45mc,Diamond Pendants,14 Karat Yellow Gold Compass Pendant<br>Mother Of Pearl With Diamonds And Sapphire<br>Diamond Carat Weight: 0.15CT<br>Detachable Bail Hook<br>S1919413 #85,Gabriel & Co,Apparel & Accessories > Jewelry > Charms & Pendants,Charms,"Anniversary, Birthday, Category 160, Everyday, For Her, For Mom, Gift, Helios Migrated, Round, Stackable, Statement",true,Material,14 Karat Gold,,Stone Type,"Natural Diamond, Pearls, Birthstone",,Metal Color,Yellow Gold,,PT6598Y45MC,0.0,shopify,0,deny,manual,2825.00,,true,true,,,,,,https://raw.githubusercontent.com/rishs-afk/JoharProductReview/main/shopify_upload/matched_images/PT6598Y45MC-2.jpg,1,Diamond Pendants,false,Diamond Pendants,,628,Gabriel & Co.,,,,,,,,,,g,,727.00,active
pt6598y45mc,,,,,,,,,,,,,,,,,,,,,,,,,,,,,,,,https://raw.githubusercontent.com/rishs-afk/JoharProductReview/main/shopify_upload/matched_images/PT6598Y45MC-1.jpg,2,Diamond Pendants,,,,,,,,,,,,,,,,,,
pt6598y45mc,,,,,,,,,,,,,,,,,,,,,,,,,,,,,,,,https://raw.githubusercontent.com/rishs-afk/JoharProductReview/main/shopify_upload/matched_images/PT6598Y45MC-3.jpg,3,Diamond Pendants,,,,,,,,,,,,,,,,,,
pt6598y45mc,,,,,,,,,,,,,,,,,,,,,,,,,,,,,,,,https://raw.githubusercontent.com/rishs-afk/JoharProductReview/main/shopify_upload/matched_images/PT6598Y45MC-4.jpg,4,Diamond Pendants,,,,,,,,,,,,,,,,,,
nk7056y45jj,Diamond Necklaces,Diamond Pear Necklace<br>14 Karat Yellow Gold<br>Diamond Total Carat Weight: 0.10<br>S1916128 #84,Gabriel & Co,Apparel & Accessories > Jewelry > Necklaces,Necklaces,"Anniversary, Birthday, Category 165, Everyday, For Her, For Mom, Gift, Helios Migrated, Round, Stackable",true,Material,14 Karat Gold,,Stone Type,Natural Diamond,,Metal Color,Yellow Gold,,NK7056Y45JJ,0.0,shopify,0,deny,manual,975.00,,true,true,,,,,,https://raw.githubusercontent.com/rishs-afk/JoharProductReview/main/shopify_upload/matched_images/NK7056Y45JJ-2.jpg,1,Diamond Necklaces,false,Diamond Necklaces,,628,Gabriel & Co.,,,,,,,,,,g,,284.00,active
nk7056y45jj,,,,,,,,,,,,,,,,,,,,,,,,,,,,,,,,https://raw.githubusercontent.com/rishs-afk/JoharProductReview/main/shopify_upload/matched_images/NK7056Y45JJ-1.jpg,2,Diamond Necklaces,,,,,,,,,,,,,,,,,,
nk7056y45jj,,,,,,,,,,,,,,,,,,,,,,,,,,,,,,,,https://raw.githubusercontent.com/rishs-afk/JoharProductReview/main/shopify_upload/matched_images/NK7056Y45JJ-3.jpg,3,Diamond Necklaces,,,,,,,,,,,,,,,,,,
nk7056y45jj,,,,,,,,,,,,,,,,,,,,,,,,,,,,,,,,https://raw.githubusercontent.com/rishs-afk/JoharProductReview/main/shopify_upload/matched_images/NK7056Y45JJ-4.jpg,4,Diamond Necklaces,,,,,,,,,,,,,,,,,,
nk6617y45jj,Diamond Necklaces,14 Karat Yellow Gold Diamond Bezel Necklace<br>Diamond Carat Weight: 0.25CT<br>S1916188 #79,Gabriel & Co,Apparel & Accessories > Jewelry > Necklaces,Necklaces,"Anniversary, Birthday, Category 165, Everyday, For Her, For Mom, Gift, Helios Migrated, Round, Stackable, Statement",true,Material,14 Karat Gold,,Stone Type,Natural Diamond,,Metal Color,Yellow Gold,,NK6617Y45JJ,0.0,shopify,0,deny,manual,1675.00,,true,true,,,,,,https://raw.githubusercontent.com/rishs-afk/JoharProductReview/main/shopify_upload/matched_images/NK6617Y45JJ-2.jpg,1,Diamond Necklaces,false,Diamond Necklaces,,628,Gabriel & Co.,,,,,,,,,,g,,491.00,active
nk6617y45jj,,,,,,,,,,,,,,,,,,,,,,,,,,,,,,,,https://raw.githubusercontent.com/rishs-afk/JoharProductReview/main/shopify_upload/matched_images/NK6617Y45JJ-1.jpg,2,Diamond Necklaces,,,,,,,,,,,,,,,,,,
nk6617y45jj,,,,,,,,,,,,,,,,,,,,,,,,,,,,,,,,https://raw.githubusercontent.com/rishs-afk/JoharProductReview/main/shopify_upload/matched_images/NK6617Y45JJ-3.jpg,3,Diamond Necklaces,,,,,,,,,,,,,,,,,,
nk7063m45jj,Diamond Necklaces,14 Karat Yellow Ribbed Heart Pendant<br>Diamond Carat Weight: 0.01CT<br>S1922635 #77,Gabriel & Co,Apparel & Accessories > Jewelry > Necklaces,Necklaces,"Anniversary, Birthday, Category 165, Everyday, For Her, For Mom, Gift, Helios Migrated, New Parents, Round, Stackable",true,Material,14 Karat Gold,,Stone Type,Natural Diamond,,Metal Color,Unknown,,NK7063M45JJ,0.0,shopify,0,deny,manual,1250.00,,true,true,,,,,,https://raw.githubusercontent.com/rishs-afk/JoharProductReview/main/shopify_upload/matched_images/NK7063M45JJ-2.jpg,1,Diamond Necklaces,false,Diamond Necklaces,,628,Gabriel & Co.,,,,,,,,,,g,,311.00,active
nk7063m45jj,,,,,,,,,,,,,,,,,,,,,,,,,,,,,,,,https://raw.githubusercontent.com/rishs-afk/JoharProductReview/main/shopify_upload/matched_images/NK7063M45JJ-1.jpg,2,Diamond Necklaces,,,,,,,,,,,,,,,,,,
nk7063m45jj,,,,,,,,,,,,,,,,,,,,,,,,,,,,,,,,https://raw.githubusercontent.com/rishs-afk/JoharProductReview/main/shopify_upload/matched_images/NK7063M45JJ-3.jpg,3,Diamond Necklaces,,,,,,,,,,,,,,,,,,
nk4943y45jj,Diamond Necklaces,14 Karat Yellow Gold Diamond Pave Bar Necklace<br>Diamond Carat Weight: 0.19CT<br>S1916384 #76,Gabriel & Co,Apparel & Accessories > Jewelry > Necklaces,Necklaces,"Anniversary, Birthday, Category 165, Everyday, For Her, For Mom, Gift, Helios Migrated, Round, Stackable",true,Material,14 Karat Gold,,Stone Type,Natural Diamond,,Metal Color,Yellow Gold,,NK4943Y45JJ,0.0,shopify,0,deny,manual,1375.00,,true,true,,,,,,https://raw.githubusercontent.com/rishs-afk/JoharProductReview/main/shopify_upload/matched_images/NK4943Y45JJ-2.jpg,1,Diamond Necklaces,false,Diamond Necklaces,,628,Gabriel & Co.,,,,,,,,,,g,,444.00,active
nk4943y45jj,,,,,,,,,,,,,,,,,,,,,,,,,,,,,,,,https://raw.githubusercontent.com/rishs-afk/JoharProductReview/main/shopify_upload/matched_images/NK4943Y45JJ-1.jpg,2,Diamond Necklaces,,,,,,,,,,,,,,,,,,
nk4943y45jj,,,,,,,,,,,,,,,,,,,,,,,,,,,,,,,,https://raw.githubusercontent.com/rishs-afk/JoharProductReview/main/shopify_upload/matched_images/NK4943Y45JJ-3.jpg,3,Diamond Necklaces,,,,,,,,,,,,,,,,,,
nk7512m45jj,Diamond Necklaces,<p>14KYG 0.25CT NK 21916270 #73</p>,Gabriel & Co,Apparel & Accessories > Jewelry > Necklaces,Necklaces,"Anniversary, Birthday, Category 165, Everyday, For Her, For Mom, Gift, Helios Migrated, Round, Stackable, Statement",true,Material,14 Karat Gold,,Stone Type,Natural Diamond,,Metal Color,Yellow Gold,,NK7512M45JJ,0.0,shopify,0,deny,manual,1900.00,,true,true,,,,,,https://raw.githubusercontent.com/rishs-afk/JoharProductReview/main/shopify_upload/matched_images/NK7512M45JJ-2.jpg,1,Diamond Necklaces,false,Diamond Necklaces,,628,Gabriel & Co.,,,,,,,,,,g,,617.00,active
nk7512m45jj,,,,,,,,,,,,,,,,,,,,,,,,,,,,,,,,https://raw.githubusercontent.com/rishs-afk/JoharProductReview/main/shopify_upload/matched_images/NK7512M45JJ-1.jpg,2,Diamond Necklaces,,,,,,,,,,,,,,,,,,
nk7512m45jj,,,,,,,,,,,,,,,,,,,,,,,,,,,,,,,,https://raw.githubusercontent.com/rishs-afk/JoharProductReview/main/shopify_upload/matched_images/NK7512M45JJ-3.jpg,3,Diamond Necklaces,,,,,,,,,,,,,,,,,,
nk7522m45jj,Diamond Necklaces,14 Karat Solid Yellow Gold Necklace<br>Past Present Future Style Drop<br>Diamond Carat Weight: 0.25<br>S1909424 #26,Gabriel & Co,Apparel & Accessories > Jewelry > Necklaces,Necklaces,"Anniversary, Birthday, Category 165, Drop/Dangle, Everyday, For Her, For Mom, Gift, Helios Migrated, New Parents, Round, Statement, Three Stone, Wedding",true,Material,14 Karat Gold,,Stone Type,Natural Diamond,,Metal Color,Yellow Gold,,NK7522M45JJ,0.0,shopify,0,deny,manual,2325.00,,true,true,,,,,,https://raw.githubusercontent.com/rishs-afk/JoharProductReview/main/shopify_upload/matched_images/NK7522M45JJ-2.jpg,1,Diamond Necklaces,false,Diamond Necklaces,,629,Gabriel & Co.,,,,,,,,,,g,,708.00,active
nk7522m45jj,,,,,,,,,,,,,,,,,,,,,,,,,,,,,,,,https://raw.githubusercontent.com/rishs-afk/JoharProductReview/main/shopify_upload/matched_images/NK7522M45JJ-1.jpg,2,Diamond Necklaces,,,,,,,,,,,,,,,,,,
nk7522m45jj,,,,,,,,,,,,,,,,,,,,,,,,,,,,,,,,https://raw.githubusercontent.com/rishs-afk/JoharProductReview/main/shopify_upload/matched_images/NK7522M45JJ-3.jpg,3,Diamond Necklaces,,,,,,,,,,,,,,,,,,
pt6645y45lp,Diamond Necklaces,14 Karat Yellow Gold Lapis Star Pendant<br>Diamond Carat Weight: 0.02CT<br>Detachable Bail Hook<br>S1919520 #21,Gabriel & Co,Apparel & Accessories > Jewelry > Necklaces,Charms,"Anniversary, Birthday, Category 165, Everyday, For Her, For Mom, Gift, Helios Migrated, Round, Stackable, Statement",true,Material,14 Karat Gold,,Stone Type,"Natural Diamond, Birthstone",,Metal Color,Yellow Gold,,PT6645Y45LP,0.0,shopify,0,deny,manual,1450.00,,true,true,,,,,,https://raw.githubusercontent.com/rishs-afk/JoharProductReview/main/shopify_upload/matched_images/PT6645Y45LP-1.jpg,1,Diamond Necklaces,false,Diamond Necklaces,,629,Gabriel & Co.,,,,,,,,,,g,,369.00,active
pt6645y45lp,,,,,,,,,,,,,,,,,,,,,,,,,,,,,,,,https://raw.githubusercontent.com/rishs-afk/JoharProductReview/main/shopify_upload/matched_images/PT6645Y45LP-2.jpg,2,Diamond Necklaces,,,,,,,,,,,,,,,,,,
pt6645y45lp,,,,,,,,,,,,,,,,,,,,,,,,,,,,,,,,https://raw.githubusercontent.com/rishs-afk/JoharProductReview/main/shopify_upload/matched_images/PT6645Y45LP-3.jpg,3,Diamond Necklaces,,,,,,,,,,,,,,,,,,
pt6645y45lp,,,,,,,,,,,,,,,,,,,,,,,,,,,,,,,,https://raw.githubusercontent.com/rishs-afk/JoharProductReview/main/shopify_upload/matched_images/PT6645Y45LP-4.jpg,4,Diamond Necklaces,,,,,,,,,,,,,,,,,,
pt6640y45mc,Diamond Pendants,14 Karat Yellow Gold Compass Pendant<br>Mother Of Pearl With Diamonds And Sapphire<br>Diamond Carat Weight: 0.07CT<br>S1919429 #9,Gabriel & Co,Apparel & Accessories > Jewelry > Charms & Pendants,Charms,"Anniversary, Birthday, Category 160, Everyday, For Her, For Mom, Gift, Helios Migrated, Round, Stackable, Statement",true,Material,14 Karat Gold,,Stone Type,"Natural Diamond, Birthstone, Pearls",,Metal Color,Yellow Gold,,PT6640Y45MC,0.0,shopify,0,deny,manual,1750.00,,true,true,,,,,,https://raw.githubusercontent.com/rishs-afk/JoharProductReview/main/shopify_upload/matched_images/PT6640Y45MC-1.jpg,1,Diamond Pendants,false,Diamond Pendants,,629,Gabriel & Co.,,,,,,,,,,g,,449.00,active
pt6640y45mc,,,,,,,,,,,,,,,,,,,,,,,,,,,,,,,,https://raw.githubusercontent.com/rishs-afk/JoharProductReview/main/shopify_upload/matched_images/PT6640Y45MC-2.jpg,2,Diamond Pendants,,,,,,,,,,,,,,,,,,
pt6640y45mc,,,,,,,,,,,,,,,,,,,,,,,,,,,,,,,,https://raw.githubusercontent.com/rishs-afk/JoharProductReview/main/shopify_upload/matched_images/PT6640Y45MC-3.jpg,3,Diamond Pendants,,,,,,,,,,,,,,,,,,
pt6640y45mc,,,,,,,,,,,,,,,,,,,,,,,,,,,,,,,,https://raw.githubusercontent.com/rishs-afk/JoharProductReview/main/shopify_upload/matched_images/PT6640Y45MC-4.jpg,4,Diamond Pendants,,,,,,,,,,,,,,,,,,
sc55019421,Diamond Necklaces,14 Karat Yellow Gold Diamond Clover Necklace<br>Diamond Carat Weight: 0.41CT<br>18 Inch Cable Chain Adjustable<br>Adele Colln Shy Creation,Shy Creation,Apparel & Accessories > Jewelry > Necklaces,Necklaces,"Anniversary, Birthday, Category 165, Everyday, For Her, For Mom, Gift, Helios Migrated, Round, Stackable, Statement, Wedding",true,Material,14 Karat Gold,,Stone Type,Natural Diamond,,Metal Color,Yellow Gold,,SC55019421,0.0,shopify,0,deny,manual,1495.00,,true,true,,,,,,https://raw.githubusercontent.com/rishs-afk/JoharProductReview/main/shopify_upload/matched_images/SC55019421.JPG,1,Diamond Necklaces,false,Diamond Necklaces,,1464,Shy Creation,,,,,,,,,,g,,464.40,active
sc55019421,,,,,,,,,,,,,,,,,,,,,,,,,,,,,,,,https://raw.githubusercontent.com/rishs-afk/JoharProductReview/main/shopify_upload/matched_images/SC55019421_C.JPG,2,Diamond Necklaces,,,,,,,,,,,,,,,,,,
sc55019421,,,,,,,,,,,,,,,,,,,,,,,,,,,,,,,,https://raw.githubusercontent.com/rishs-afk/JoharProductReview/main/shopify_upload/matched_images/SC55019421_B.JPG,3,Diamond Necklaces,,,,,,,,,,,,,,,,,,
sc55022128,Diamond Necklaces,14 Karat Solid Yellow Gold<br>Kate Collection<br>Diamond Elephant Pendant<br>Diamond Total Carat Weight: 0.09,Shy Creation,Apparel & Accessories > Jewelry > Necklaces,Necklaces,"Anniversary, Birthday, Category 165, Everyday, For Her, For Mom, Gift, Helios Migrated, Round, Stackable",true,Material,14 Karat Gold,,Stone Type,Natural Diamond,,Metal Color,Yellow Gold,,SC55022128,0.0,shopify,0,deny,manual,795.00,,true,true,,,,,,https://raw.githubusercontent.com/rishs-afk/JoharProductReview/main/shopify_upload/matched_images/SC55022128.JPG,1,Diamond Necklaces,false,Diamond Necklaces,,1465,Shy Creation,,,,,,,,,,g,,210.70,active
sc55009547,Diamond Necklaces,14 Karat Solid Yellow Gold<br>Kate Collection<br>Diamond Anchor Pendant<br>Diamond Total Carat Weight: 0.07,Shy Creation,Apparel & Accessories > Jewelry > Necklaces,Necklaces,"Anniversary, Birthday, Category 165, Everyday, Faith & Milestones, For Her, For Mom, Gift, Helios Migrated, Round, Stackable",true,Material,14 Karat Gold,,Stone Type,Natural Diamond,,Metal Color,Yellow Gold,,SC55009547,0.0,shopify,0,deny,manual,780.00,,true,true,,,,,,https://raw.githubusercontent.com/rishs-afk/JoharProductReview/main/shopify_upload/matched_images/SC55009547.JPG,1,Diamond Necklaces,false,Diamond Necklaces,,1465,Shy Creation,,,,,,,,,,g,,180.60,active
sc55021409,Diamond Necklaces,14 Karat Solid Yellow Gold Diamond Station Necklace<br>Diamond Carat Weight: 0.09CT<br>Kate Colln Shy Creation,Shy Creation,Apparel & Accessories > Jewelry > Necklaces,Necklaces,"Anniversary, Birthday, Category 165, Everyday, For Her, For Mom, Gift, Helios Migrated, Round, Stackable",true,Material,14 Karat Gold,,Stone Type,Natural Diamond,,Metal Color,Yellow Gold,,SC55021409,0.0,shopify,0,deny,manual,1295.00,,true,true,,,,,,https://raw.githubusercontent.com/rishs-afk/JoharProductReview/main/shopify_upload/matched_images/SC55021409.JPG,1,Diamond Necklaces,false,Diamond Necklaces,,1466,Shy Creation,,,,,,,,,,g,,279.50,active
sc55021409,,,,,,,,,,,,,,,,,,,,,,,,,,,,,,,,https://raw.githubusercontent.com/rishs-afk/JoharProductReview/main/shopify_upload/matched_images/WEB%20ALT%20SC55021406%20SC55021403%20SC55021409.JPG,2,Diamond Necklaces,,,,,,,,,,,,,,,,,,
sc55020500,Diamond Earrings,<p>14KYG 0.57CT DIA PEAR J-STUD EARRING</p>,DIAMOND RING CO,Apparel & Accessories > Jewelry > Earrings,Earrings,"Anniversary, Birthday, Category 150, For Her, For Mom, Gift, Helios Migrated, Pear, Round, Statement, Stud",true,Material,14 Karat Gold,,Stone Type,Natural Diamond,,Metal Color,Yellow Gold,,SC55020500,0.0,shopify,0,deny,manual,1975.00,,true,true,,,,,,https://raw.githubusercontent.com/rishs-afk/JoharProductReview/main/shopify_upload/matched_images/SC55020500.JPG,1,Diamond Earrings,false,Diamond Earrings,,6,Shy Creation,,,,,,,,,,g,,640.70,active
sc55025031,Diamond Earrings,14 Karat Yellow Gold Diamond Chain Earrings<br>Diamond Carat Weight: 0.29<br>Friction Backs<br>Kate Colln Shy Creation,DIAMOND RING CO,Apparel & Accessories > Jewelry > Earrings,Earrings,"Anniversary, Birthday, Category 150, Everyday, For Her, For Mom, Gift, Helios Migrated, Round, Stackable, Stud",true,Material,14 Karat Gold,,Stone Type,Natural Diamond,,Metal Color,Yellow Gold,,SC55025031,0.0,shopify,0,deny,manual,1100.00,,true,true,,,,,,https://raw.githubusercontent.com/rishs-afk/JoharProductReview/main/shopify_upload/matched_images/SC55025031.JPG,1,Diamond Earrings,false,Diamond Earrings,,10,Shy Creation,,,,,,,,,,g,,339.70,active
sc22009269,Diamond Earrings,Diamond Circle Of Life Earrings<br>14 Karat Yellow Gold<br>Diamond Total Carat Weight: 0.06,DIAMOND RING CO,Apparel & Accessories > Jewelry > Earrings,Earrings,"Anniversary, Birthday, Category 150, Everyday, For Her, For Mom, Gift, Helios Migrated, Round, Stud",true,Material,14 Karat Gold,,Stone Type,Natural Diamond,,Metal Color,Yellow Gold,,SC22009269,0.0,shopify,0,deny,manual,810.00,,true,true,,,,,,https://raw.githubusercontent.com/rishs-afk/JoharProductReview/main/shopify_upload/matched_images/SC22009269.JPG,1,Diamond Earrings,false,Diamond Earrings,,10,Shy Creation,,,,,,,,,,g,,193.50,active
sc22009269,,,,,,,,,,,,,,,,,,,,,,,,,,,,,,,,https://raw.githubusercontent.com/rishs-afk/JoharProductReview/main/shopify_upload/matched_images/WEB_ALT_SC22009269.JPG,2,Diamond Earrings,,,,,,,,,,,,,,,,,,
sc55006310,Diamond Earrings,14 Karat Solid Yellow Gold Ins And Out Diamond Hoops<br>Diamond Carat Weight: 1.06CT<br>1 Inch Wide<br>Press Lock Backs,Shy Creation,Apparel & Accessories > Jewelry > Earrings,Earrings,"Anniversary, Birthday, Category 150, For Her, For Mom, Gift, Helios Migrated, Hoop, Round, Stackable, Statement",true,Material,14 Karat Gold,,Stone Type,Natural Diamond,,Metal Color,Yellow Gold,,SC55006310,0.0,shopify,0,deny,manual,3700.00,,true,true,,,,,,https://raw.githubusercontent.com/rishs-afk/JoharProductReview/main/shopify_upload/matched_images/SC55006310.JPG,1,Diamond Earrings,false,Diamond Earrings,,11,Shy Creation,,,,,,,,,,g,,1152.40,active
eg15629y4jws,Colored Stone Earrings,Lusso Collection<br>J Hoop Earring<br>14 Karat Yellow Gold<br>White Sapphire Total Carat Weight: 0.12Ct<br>S2292934 #53,Gabriel & Co,Apparel & Accessories > Jewelry > Earrings,Earrings,"Anniversary, Birthday, Category 210, Everyday, For Her, For Mom, Gift, Helios Migrated, Hoop, Round, Stackable",true,Material,14 Karat Gold,,Stone Type,Birthstone,,Metal Color,"Two-Tone, Yellow Gold",,EG15629Y4JWS,0.0,shopify,0,deny,manual,700.00,,true,true,,,,,,https://raw.githubusercontent.com/rishs-afk/JoharProductReview/main/shopify_upload/matched_images/EG15629Y4JWS-2.jpg,1,Colored Stone Earrings,false,Colored Stone Earrings,,26,Gabriel & Co.,,,,,,,,,,g,,225.00,active
eg15629y4jws,,,,,,,,,,,,,,,,,,,,,,,,,,,,,,,,https://raw.githubusercontent.com/rishs-afk/JoharProductReview/main/shopify_upload/matched_images/EG15629Y4JWS-1.jpg,2,Colored Stone Earrings,,,,,,,,,,,,,,,,,,
eg15629y4jws,,,,,,,,,,,,,,,,,,,,,,,,,,,,,,,,https://raw.githubusercontent.com/rishs-afk/JoharProductReview/main/shopify_upload/matched_images/EG15629Y4JWS-3.jpg,3,Colored Stone Earrings,,,,,,,,,,,,,,,,,,
eg15577w45jj,Diamond Earrings,14 Karat Solid White Gold<br>Graduating Ear Climber Drop Earrings<br>Lusso Collection<br>Diamond Total Carat Weight: 0.49<br>S2070499 #50,Gabriel & Co,Apparel & Accessories > Jewelry > Earrings,Earrings,"Anniversary, Birthday, Category 150, Drop/Dangle, For Her, For Mom, Gift, Helios Migrated, Round, Statement, Wedding",true,Material,14 Karat Gold,,Stone Type,Natural Diamond,,Metal Color,White Gold,,EG15577W45JJ,0.0,shopify,0,deny,manual,3100.00,,true,true,,,,,,https://raw.githubusercontent.com/rishs-afk/JoharProductReview/main/shopify_upload/matched_images/EG15577W45JJ-2.jpg,1,Diamond Earrings,false,Diamond Earrings,,146,Gabriel & Co.,,,,,,,,,,g,,1136.00,active
eg15577w45jj,,,,,,,,,,,,,,,,,,,,,,,,,,,,,,,,https://raw.githubusercontent.com/rishs-afk/JoharProductReview/main/shopify_upload/matched_images/EG15577W45JJ-1.jpg,2,Diamond Earrings,,,,,,,,,,,,,,,,,,
eg15577w45jj,,,,,,,,,,,,,,,,,,,,,,,,,,,,,,,,https://raw.githubusercontent.com/rishs-afk/JoharProductReview/main/shopify_upload/matched_images/EG15577W45JJ-3.jpg,3,Diamond Earrings,,,,,,,,,,,,,,,,,,
eg15550m45jj,Diamond Earrings,14 Karat Solid Yellow &amp; White Gold<br>Diamond Spike Bypass Hoop Earrings<br>Diamond Total Carat Weight: 0.38<br>S2219593 #23,Gabriel & Co,Apparel & Accessories > Jewelry > Earrings,Earrings,"Anniversary, Birthday, Category 150, For Her, For Mom, Gift, Helios Migrated, Hoop, Round, Statement, Wedding",true,Material,14 Karat Gold,,Stone Type,Natural Diamond,,Metal Color,"Two-Tone, White Gold",,EG15550M45JJ,0.0,shopify,0,deny,manual,3150.00,,true,true,,,,,,https://raw.githubusercontent.com/rishs-afk/JoharProductReview/main/shopify_upload/matched_images/EG15550M45JJ-2.jpg,1,Diamond Earrings,false,Diamond Earrings,,147,Gabriel & Co.,,,,,,,,,,g,,1090.00,active
eg15550m45jj,,,,,,,,,,,,,,,,,,,,,,,,,,,,,,,,https://raw.githubusercontent.com/rishs-afk/JoharProductReview/main/shopify_upload/matched_images/EG15550M45JJ-1.jpg,2,Diamond Earrings,,,,,,,,,,,,,,,,,,
eg15550m45jj,,,,,,,,,,,,,,,,,,,,,,,,,,,,,,,,https://raw.githubusercontent.com/rishs-afk/JoharProductReview/main/shopify_upload/matched_images/EG15550M45JJ-3.jpg,3,Diamond Earrings,,,,,,,,,,,,,,,,,,
sc55028225,Diamond Earrings,14 Karat Solid White Gold Earrings<br>Diamond Curve Stud<br>Diamond Total Carat Weight: 0.14,Shy Creation,Apparel & Accessories > Jewelry > Earrings,Earrings,"Anniversary, Birthday, Category 150, Everyday, For Her, For Mom, Gift, Helios Migrated, Round, Stackable, Stud",true,Material,14 Karat Gold,,Stone Type,Natural Diamond,,Metal Color,White Gold,,SC55028225,0.0,shopify,0,deny,manual,750.00,,true,true,,,,,,https://raw.githubusercontent.com/rishs-afk/JoharProductReview/main/shopify_upload/matched_images/SC55028225.JPG,1,Diamond Earrings,false,Diamond Earrings,,161,Shy Creation,,,,,,,,,,g,,275.20,active
sc55010098,Diamond Earrings,14 Karat Solid Yellow Gold Earring<br>Diamond Threader<br>Diamond Total Carat Weight: 0.04CT,Shy Creation,Apparel & Accessories > Jewelry > Earrings,Earrings,"Anniversary, Birthday, Category 150, Drop/Dangle, Everyday, For Her, For Mom, Gift, Helios Migrated, Round, Stackable",true,Material,14 Karat Gold,,Stone Type,Natural Diamond,,Metal Color,Yellow Gold,,SC55010098,0.0,shopify,0,deny,manual,395.00,,true,true,,,,,,https://raw.githubusercontent.com/rishs-afk/JoharProductReview/main/shopify_upload/matched_images/SC55010098.JPG,1,Diamond Earrings,false,Diamond Earrings,,161,Shy Creation,,,,,,,,,,g,,139.75,active
sc55010098,,,,,,,,,,,,,,,,,,,,,,,,,,,,,,,,https://raw.githubusercontent.com/rishs-afk/JoharProductReview/main/shopify_upload/matched_images/SC55010098_B.JPG,2,Diamond Earrings,,,,,,,,,,,,,,,,,,
sc55007622,Diamond Earrings,14 Karat Solid Yellow Gold Earrings<br>Lightning Bolt Studs<br>Diamond Total Carat Weight: 0.07,Shy Creation,Apparel & Accessories > Jewelry > Earrings,Earrings,"Anniversary, Birthday, Category 150, Everyday, For Her, For Mom, Gift, Helios Migrated, Round, Stackable, Stud",true,Material,14 Karat Gold,,Stone Type,Natural Diamond,,Metal Color,Yellow Gold,,SC55007622,0.0,shopify,0,deny,manual,550.00,,true,true,,,,,,https://raw.githubusercontent.com/rishs-afk/JoharProductReview/main/shopify_upload/matched_images/SC55007622.JPG,1,Diamond Earrings,false,Diamond Earrings,,161,Shy Creation,,,,,,,,,,g,,193.50,active
sc22004026v3,Diamond Earrings,Kate Collection<br>14 Karat Solid Yellow Gold<br>Diamond Mini Huggie Earrings<br>Diamond Total Carat Weight: 0.04,Shy Creation,Apparel & Accessories > Jewelry > Earrings,Earrings,"Anniversary, Birthday, Category 150, Everyday, For Her, For Mom, Gift, Helios Migrated, Hoop, Round, Stackable",true,Material,14 Karat Gold,,Stone Type,Natural Diamond,,Metal Color,Yellow Gold,,SC22004026V3,0.0,shopify,0,deny,manual,425.00,,true,true,,,,,,https://raw.githubusercontent.com/rishs-afk/JoharProductReview/main/shopify_upload/matched_images/SC22004026V3.JPG,1,Diamond Earrings,false,Diamond Earrings,,173,Shy Creation,,,,,,,,,,g,,148.35,active
sc22004026v3,,,,,,,,,,,,,,,,,,,,,,,,,,,,,,,,https://raw.githubusercontent.com/rishs-afk/JoharProductReview/main/shopify_upload/matched_images/SC22004026V3B.JPG,2,Diamond Earrings,,,,,,,,,,,,,,,,,,
sc22004026v3,,,,,,,,,,,,,,,,,,,,,,,,,,,,,,,,https://raw.githubusercontent.com/rishs-afk/JoharProductReview/main/shopify_upload/matched_images/WEB_ALT_SC55006225_SC55009803_SC22004026V3.JPG,3,Diamond Earrings,,,,,,,,,,,,,,,,,,
sc55001138,Diamond Earrings,Kate Collection<br>14 Karat Solid White Gold<br>Round Diamond Studs<br>Diamond Total Carat Weight: 0.07,Shy Creation,Apparel & Accessories > Jewelry > Earrings,Earrings,"Anniversary, Birthday, Category 150, Everyday, For Her, For Mom, Gift, Helios Migrated, Round, Stackable, Stud",true,Material,14 Karat Gold,,Stone Type,Natural Diamond,,Metal Color,White Gold,,SC55001138,0.0,shopify,0,deny,manual,495.00,,true,true,,,,,,https://raw.githubusercontent.com/rishs-afk/JoharProductReview/main/shopify_upload/matched_images/SC55001138.JPG,1,Diamond Earrings,false,Diamond Earrings,,173,Shy Creation,,,,,,,,,,g,,169.85,active
sc55001138,,,,,,,,,,,,,,,,,,,,,,,,,,,,,,,,https://raw.githubusercontent.com/rishs-afk/JoharProductReview/main/shopify_upload/matched_images/SC55001138B.JPG,2,Diamond Earrings,,,,,,,,,,,,,,,,,,
sc55001138,,,,,,,,,,,,,,,,,,,,,,,,,,,,,,,,https://raw.githubusercontent.com/rishs-afk/JoharProductReview/main/shopify_upload/matched_images/SC55001138C.JPG,3,Diamond Earrings,,,,,,,,,,,,,,,,,,
sc55002266,Diamond Earrings,14 Karat Solid White Gold<br>Heart Shaped Diamond Studs<br>Diamond Total Carat Weight: 0.05,Shy Creation,Apparel & Accessories > Jewelry > Earrings,Earrings,"Anniversary, Birthday, Category 150, Everyday, For Her, For Mom, Gift, Helios Migrated, Round, Stackable, Stud",true,Material,14 Karat Gold,,Stone Type,Natural Diamond,,Metal Color,White Gold,,SC55002266,0.0,shopify,0,deny,manual,490.00,,true,true,,,,,,https://raw.githubusercontent.com/rishs-afk/JoharProductReview/main/shopify_upload/matched_images/SC55002266.JPG,1,Diamond Earrings,false,Diamond Earrings,,173,Shy Creation,,,,,,,,,,g,,167.70,active
sc55026177go,Precious Metal (No Stones) Earrings,Kate Collection<br>Diamond Cut Chain Earrings<br>14 Karat Yellow Gold,Shy Creation,Apparel & Accessories > Jewelry > Earrings,Earrings,"Anniversary, Birthday, Category 425, Drop/Dangle, Everyday, For Her, For Mom, Gift, Helios Migrated, Hoop, Stackable",true,Material,14 Karat Gold,,Metal Color,Yellow Gold,,,,,SC55026177GO,0.0,shopify,0,deny,manual,790.00,,true,true,,,,,,https://raw.githubusercontent.com/rishs-afk/JoharProductReview/main/shopify_upload/matched_images/SC55026177GO.JPG,1,Precious Metal (No Stones) Earrings,false,Precious Metal (No Stones) Earrings,,499,Shy Creation,,,,,,,,,,g,,156.95,active
sc55026177go,,,,,,,,,,,,,,,,,,,,,,,,,,,,,,,,https://raw.githubusercontent.com/rishs-afk/JoharProductReview/main/shopify_upload/matched_images/WEB_ALT_SC55026177GO.JPG,2,Precious Metal (No Stones) Earrings,,,,,,,,,,,,,,,,,,
sc22009938,Diamond Earrings,14 Karat Yellow Gold Domed Pave Hoops<br>Diamond Carat Weight: 0.95CT<br>Kate Colln Shy Creation,Shy Creation,Apparel & Accessories > Jewelry > Earrings,Earrings,"Anniversary, Birthday, Category 150, For Her, For Mom, Gift, Helios Migrated, Hoop, Round, Statement",true,Material,14 Karat Gold,,Stone Type,Natural Diamond,,Metal Color,Yellow Gold,,SC22009938,0.0,shopify,0,deny,manual,3990.00,,true,true,,,,,,https://raw.githubusercontent.com/rishs-afk/JoharProductReview/main/shopify_upload/matched_images/SC22009938.JPG,1,Diamond Earrings,false,Diamond Earrings,,509,Shy Creation,,,,,,,,,,g,,1285.70,active
sc22009938,,,,,,,,,,,,,,,,,,,,,,,,,,,,,,,,https://raw.githubusercontent.com/rishs-afk/JoharProductReview/main/shopify_upload/matched_images/WEB_ALT_SC22009938_5.JPG,2,Diamond Earrings,,,,,,,,,,,,,,,,,,
sc22009711v2,Diamond Earrings,Diamond Oval Layer Earrings<br>14 Karat Yellow Gold<br>Diamond Total Carat Weight: 0.96,Shy Creation,Apparel & Accessories > Jewelry > Earrings,Earrings,"Anniversary, Birthday, Category 150, For Her, For Mom, Gift, Helios Migrated, Round, Statement, Stud, Wedding",true,Material,14 Karat Gold,,Stone Type,Natural Diamond,,Metal Color,Yellow Gold,,SC22009711V2,0.0,shopify,0,deny,manual,5150.00,,true,true,,,,,,https://raw.githubusercontent.com/rishs-afk/JoharProductReview/main/shopify_upload/matched_images/SC22009711V2.JPG,1,Diamond Earrings,false,Diamond Earrings,,509,Shy Creation,,,,,,,,,,g,,1462.00,active
sc22009711v2,,,,,,,,,,,,,,,,,,,,,,,,,,,,,,,,https://raw.githubusercontent.com/rishs-afk/JoharProductReview/main/shopify_upload/matched_images/WEB_ALT_SC22009711V2.JPG,2,Diamond Earrings,,,,,,,,,,,,,,,,,,
sc55027831,Diamond Earrings,14 Karat White &amp; Yellow Gold Pave Earrings<br>Diamond Carat Weight: 0.61CT<br>Kate Colln Shy Creation,Shy Creation,Apparel & Accessories > Jewelry > Earrings,Earrings,"Anniversary, Birthday, Category 150, For Her, For Mom, Gift, Helios Migrated, Round, Stackable, Stud",true,Material,14 Karat Gold,,Stone Type,Natural Diamond,,Metal Color,"Two-Tone, Yellow Gold",,SC55027831,0.0,shopify,0,deny,manual,2330.00,,true,true,,,,,,https://raw.githubusercontent.com/rishs-afk/JoharProductReview/main/shopify_upload/matched_images/SC55027831.JPG,1,Diamond Earrings,false,Diamond Earrings,,509,Shy Creation,,,,,,,,,,g,,726.70,active
sc55027831,,,,,,,,,,,,,,,,,,,,,,,,,,,,,,,,https://raw.githubusercontent.com/rishs-afk/JoharProductReview/main/shopify_upload/matched_images/WEB_ALT_SC55027831_SC55027721.jpg,2,Diamond Earrings,,,,,,,,,,,,,,,,,,
eg15345m45jj,Diamond Earrings,14 Karat Yellow Gold Radiant Fan Stud Earrings<br>Diamond Carat Weight: 0.22CT<br>S1976336 #238,Gabriel & Co,Apparel & Accessories > Jewelry > Earrings,Earrings,"Anniversary, Birthday, Category 150, For Her, For Mom, Gift, Helios Migrated, Round, Statement, Stud, Wedding",true,Material,14 Karat Gold,,Stone Type,Natural Diamond,,Metal Color,Yellow Gold,,EG15345M45JJ,0.0,shopify,0,deny,manual,2800.00,,true,true,,,,,,https://raw.githubusercontent.com/rishs-afk/JoharProductReview/main/shopify_upload/matched_images/EG15345M45JJ-3.jpg,1,Diamond Earrings,false,Diamond Earrings,,509,Gabriel & Co.,,,,,,,,,,g,,807.00,active
eg15345m45jj,,,,,,,,,,,,,,,,,,,,,,,,,,,,,,,,https://raw.githubusercontent.com/rishs-afk/JoharProductReview/main/shopify_upload/matched_images/EG15345M45JJ-1.jpg,2,Diamond Earrings,,,,,,,,,,,,,,,,,,
eg15345m45jj,,,,,,,,,,,,,,,,,,,,,,,,,,,,,,,,https://raw.githubusercontent.com/rishs-afk/JoharProductReview/main/shopify_upload/matched_images/EG15345M45JJ-2.jpg,3,Diamond Earrings,,,,,,,,,,,,,,,,,,
eg15345m45jj,,,,,,,,,,,,,,,,,,,,,,,,,,,,,,,,https://raw.githubusercontent.com/rishs-afk/JoharProductReview/main/shopify_upload/matched_images/EG15345M45JJ-4.jpg,4,Diamond Earrings,,,,,,,,,,,,,,,,,,
eg15320y4jjj,Precious Metal (No Stones) Earrings,<p>14KG RIPPLE HOOP S1925042 #194</p>,Gabriel & Co,Apparel & Accessories > Jewelry > Earrings,Earrings,"Anniversary, Birthday, Category 425, Everyday, For Her, Gift, Helios Migrated, Hoop, Statement",true,Material,14 Karat Gold,,Metal Color,Unknown,,,,,EG15320Y4JJJ,0.0,shopify,0,deny,manual,2700.00,,true,true,,,,,,https://raw.githubusercontent.com/rishs-afk/JoharProductReview/main/shopify_upload/matched_images/EG15320Y4JJJ-3.jpg,1,Precious Metal (No Stones) Earrings,false,Precious Metal (No Stones) Earrings,,622,Gabriel & Co.,,,,,,,,,,g,,681.00,active
eg15320y4jjj,,,,,,,,,,,,,,,,,,,,,,,,,,,,,,,,https://raw.githubusercontent.com/rishs-afk/JoharProductReview/main/shopify_upload/matched_images/EG15320Y4JJJ-1.jpg,2,Precious Metal (No Stones) Earrings,,,,,,,,,,,,,,,,,,
eg15320y4jjj,,,,,,,,,,,,,,,,,,,,,,,,,,,,,,,,https://raw.githubusercontent.com/rishs-afk/JoharProductReview/main/shopify_upload/matched_images/EG15320Y4JJJ-4.jpg,3,Precious Metal (No Stones) Earrings,,,,,,,,,,,,,,,,,,
eg15320y4jjj,,,,,,,,,,,,,,,,,,,,,,,,,,,,,,,,https://raw.githubusercontent.com/rishs-afk/JoharProductReview/main/shopify_upload/matched_images/EG15320Y4JJJ-2.jpg,4,Precious Metal (No Stones) Earrings,,,,,,,,,,,,,,,,,,
ec1021y4jbt,Colored Stone Earrings,14 Karat Solid Yellow Gold Charm<br>Style: Aquamarine Pear Droplet Earring Charm<br>S1924976 #140,Gabriel & Co,Apparel & Accessories > Jewelry > Earrings,"Earrings, Charms","Anniversary, Birthday, Category 210, Drop/Dangle, For Her, For Mom, Gift, Helios Migrated, Pear, Round, Statement",true,Material,14 Karat Gold,,Stone Type,Birthstone,,Metal Color,Yellow Gold,,EC1021Y4JBT,0.0,shopify,0,deny,manual,345.00,,true,true,,,,,,https://raw.githubusercontent.com/rishs-afk/JoharProductReview/main/shopify_upload/matched_images/EC1021Y4JBT-1.jpg,1,Colored Stone Earrings,false,Colored Stone Earrings,,626,Gabriel & Co.,,,,,,,,,,g,,101.00,active
ec1021y4jbt,,,,,,,,,,,,,,,,,,,,,,,,,,,,,,,,https://raw.githubusercontent.com/rishs-afk/JoharProductReview/main/shopify_upload/matched_images/EC1021Y4JBT-3.jpg,2,Colored Stone Earrings,,,,,,,,,,,,,,,,,,
ec1021y4jbt,,,,,,,,,,,,,,,,,,,,,,,,,,,,,,,,https://raw.githubusercontent.com/rishs-afk/JoharProductReview/main/shopify_upload/matched_images/EC1021Y4JBT-4.jpg,3,Colored Stone Earrings,,,,,,,,,,,,,,,,,,
ec1021y4jbt,,,,,,,,,,,,,,,,,,,,,,,,,,,,,,,,https://raw.githubusercontent.com/rishs-afk/JoharProductReview/main/shopify_upload/matched_images/EC1021Y4JBT-2.jpg,4,Colored Stone Earrings,,,,,,,,,,,,,,,,,,
ec1021y4jbt,,,,,,,,,,,,,,,,,,,,,,,,,,,,,,,,https://raw.githubusercontent.com/rishs-afk/JoharProductReview/main/shopify_upload/matched_images/EC1021Y4JBT-5.jpg,5,Colored Stone Earrings,,,,,,,,,,,,,,,,,,
eg14286y4jjj,Precious Metal (No Stones) Earrings,Heart Studs<br>14 Karat Yellow Gold<br>S1924981 #138,Gabriel & Co,Apparel & Accessories > Jewelry > Earrings,Earrings,"Anniversary, Birthday, Category 425, Everyday, For Her, Gift, Helios Migrated, Stackable, Stud",true,Material,14 Karat Gold,,Metal Color,Yellow Gold,,,,,EG14286Y4JJJ,0.0,shopify,0,deny,manual,550.00,,true,true,,,,,,https://raw.githubusercontent.com/rishs-afk/JoharProductReview/main/shopify_upload/matched_images/EG14286Y4JJJ-1.jpg,1,Precious Metal (No Stones) Earrings,false,Precious Metal (No Stones) Earrings,,626,Gabriel & Co.,,,,,,,,,,g,,155.00,active
eg14286y4jjj,,,,,,,,,,,,,,,,,,,,,,,,,,,,,,,,https://raw.githubusercontent.com/rishs-afk/JoharProductReview/main/shopify_upload/matched_images/EG14286Y4JJJ-2.jpg,2,Precious Metal (No Stones) Earrings,,,,,,,,,,,,,,,,,,
eg15226y45jj,Diamond Earrings,14 Karat Solid Yellow Gold Diamond J Studs<br>Diamond Carat Weight: 0.23CT<br>S1925006 #137,Gabriel & Co,Apparel & Accessories > Jewelry > Earrings,Earrings,"Anniversary, Birthday, Category 150, For Her, For Mom, Gift, Helios Migrated, Round, Statement, Stud/Hoop, Wedding",true,Material,14 Karat Gold,,Stone Type,Natural Diamond,,Metal Color,Yellow Gold,,EG15226Y45JJ,0.0,shopify,0,deny,manual,3350.00,,true,true,,,,,,https://raw.githubusercontent.com/rishs-afk/JoharProductReview/main/shopify_upload/matched_images/EG15226Y45JJ-1.jpg,1,Diamond Earrings,false,Diamond Earrings,,626,Gabriel & Co.,,,,,,,,,,g,,884.00,active
eg15226y45jj,,,,,,,,,,,,,,,,,,,,,,,,,,,,,,,,https://raw.githubusercontent.com/rishs-afk/JoharProductReview/main/shopify_upload/matched_images/EG15226Y45JJ-2.jpg,2,Diamond Earrings,,,,,,,,,,,,,,,,,,
eg15226y45jj,,,,,,,,,,,,,,,,,,,,,,,,,,,,,,,,https://raw.githubusercontent.com/rishs-afk/JoharProductReview/main/shopify_upload/matched_images/EG15226Y45JJ-3.jpg,3,Diamond Earrings,,,,,,,,,,,,,,,,,,
eg14617y45jj,Diamond Earrings,14Kyg 0.19Ct Eg S1910197 #97<br>Pear Diamond Earrings<br>14 Karat Yellow Gold<br>Diamond Total Carat Weight: 0.19<br>S1910197 #97,Gabriel & Co,Apparel & Accessories > Jewelry > Earrings,Earrings,"Anniversary, Birthday, Category 150, Everyday, For Her, For Mom, Gift, Helios Migrated, Round, Stackable, Stud",true,Material,14 Karat Gold,,Stone Type,Natural Diamond,,Metal Color,Yellow Gold,,EG14617Y45JJ,0.0,shopify,0,deny,manual,1075.00,,true,true,,,,,,https://raw.githubusercontent.com/rishs-afk/JoharProductReview/main/shopify_upload/matched_images/EG14617Y45JJ-1.jpg,1,Diamond Earrings,false,Diamond Earrings,,628,Gabriel & Co.,,,,,,,,,,g,,323.00,active
eg14617y45jj,,,,,,,,,,,,,,,,,,,,,,,,,,,,,,,,https://raw.githubusercontent.com/rishs-afk/JoharProductReview/main/shopify_upload/matched_images/EG14617Y45JJ-2.jpg,2,Diamond Earrings,,,,,,,,,,,,,,,,,,
eg14409y45jj,Diamond Earrings,Diamond Dangle Earrings<br>14 Karat Yellow Gold<br>Diamond Total Carat Weight: 0.04<br>S1910165 #63,Gabriel & Co,Apparel & Accessories > Jewelry > Earrings,Earrings,"Anniversary, Birthday, Category 150, Drop/Dangle, For Her, For Mom, Gift, Helios Migrated, Round, Statement, Wedding",true,Material,14 Karat Gold,,Stone Type,Natural Diamond,,Metal Color,Yellow Gold,,EG14409Y45JJ,0.0,shopify,0,deny,manual,825.00,,true,true,,,,,,https://raw.githubusercontent.com/rishs-afk/JoharProductReview/main/shopify_upload/matched_images/EG14409Y45JJ-1.jpg,1,Diamond Earrings,false,Diamond Earrings,,628,Gabriel & Co.,,,,,,,,,,g,,198.00,active
eg14409y45jj,,,,,,,,,,,,,,,,,,,,,,,,,,,,,,,,https://raw.githubusercontent.com/rishs-afk/JoharProductReview/main/shopify_upload/matched_images/EG14409Y45JJ-2.jpg,2,Diamond Earrings,,,,,,,,,,,,,,,,,,
eg14080m45jj,Diamond Earrings,Gaby Collection<br>Diamond Stud Earrings<br>14 Karat Yellow Gold<br>Diamond Total Carat Weight: 0.06<br>S1916069 #61,Gabriel & Co,Apparel & Accessories > Jewelry > Earrings,Earrings,"Anniversary, Birthday, Category 150, Everyday, For Her, For Mom, Gift, Helios Migrated, Round, Stackable, Stud",true,Material,14 Karat Gold,,Stone Type,Natural Diamond,,Metal Color,Yellow Gold,,EG14080M45JJ,0.0,shopify,0,deny,manual,575.00,,true,true,,,,,,https://raw.githubusercontent.com/rishs-afk/JoharProductReview/main/shopify_upload/matched_images/EG14080M45JJ-1.jpg,1,Diamond Earrings,false,Diamond Earrings,,628,Gabriel & Co.,,,,,,,,,,g,,182.00,active
eg14080m45jj,,,,,,,,,,,,,,,,,,,,,,,,,,,,,,,,https://raw.githubusercontent.com/rishs-afk/JoharProductReview/main/shopify_upload/matched_images/EG14080M45JJ-2.jpg,2,Diamond Earrings,,,,,,,,,,,,,,,,,,
eg13945w45jj,Diamond Earrings,14 Karat White Gold Diamond Droplet Earrings<br>Diamond Carat Weight: 0.33CT<br>S1919611 #74,Gabriel & Co,Apparel & Accessories > Jewelry > Earrings,Earrings,"Anniversary, Birthday, Category 150, Drop/Dangle, For Her, For Mom, Gift, Helios Migrated, Round, Statement, Wedding",true,Material,14 Karat Gold,,Stone Type,Natural Diamond,,Metal Color,White Gold,,EG13945W45JJ,0.0,shopify,0,deny,manual,1725.00,,true,true,,,,,,https://raw.githubusercontent.com/rishs-afk/JoharProductReview/main/shopify_upload/matched_images/EG13945W45JJ-1.jpg,1,Diamond Earrings,false,Diamond Earrings,,628,Gabriel & Co.,,,,,,,,,,g,,574.00,active
eg13945w45jj,,,,,,,,,,,,,,,,,,,,,,,,,,,,,,,,https://raw.githubusercontent.com/rishs-afk/JoharProductReview/main/shopify_upload/matched_images/EG13945W45JJ-2.jpg,2,Diamond Earrings,,,,,,,,,,,,,,,,,,
eg12966w45jj,Diamond Earrings,14 Karat White Gold Diamond Pave Earrings<br>Diamond Carat Weight: 0.14CT<br>S1919631 #67,Gabriel & Co,Apparel & Accessories > Jewelry > Earrings,Earrings,"Anniversary, Birthday, Category 150, Everyday, For Her, For Mom, Gift, Helios Migrated, Round, Stackable, Stud",true,Material,14 Karat Gold,,Stone Type,Natural Diamond,,Metal Color,White Gold,,EG12966W45JJ,0.0,shopify,0,deny,manual,975.00,,true,true,,,,,,https://raw.githubusercontent.com/rishs-afk/JoharProductReview/main/shopify_upload/matched_images/EG12966W45JJ-3.jpg,1,Diamond Earrings,false,Diamond Earrings,,628,Gabriel & Co.,,,,,,,,,,g,,305.00,active
eg12966w45jj,,,,,,,,,,,,,,,,,,,,,,,,,,,,,,,,https://raw.githubusercontent.com/rishs-afk/JoharProductReview/main/shopify_upload/matched_images/EG12966W45JJ-1.jpg,2,Diamond Earrings,,,,,,,,,,,,,,,,,,
eg12966w45jj,,,,,,,,,,,,,,,,,,,,,,,,,,,,,,,,https://raw.githubusercontent.com/rishs-afk/JoharProductReview/main/shopify_upload/matched_images/EG12966W45JJ-2.jpg,3,Diamond Earrings,,,,,,,,,,,,,,,,,,
sc22009166rd,Diamond Earrings,Kate Collection<br>14 Karat Solid Yellow Gold<br>Diamond Mini Huggie Earrings<br>Diamond Total Carat Weight: 0.04,Shy Creation,Apparel & Accessories > Jewelry > Earrings,Earrings,"Anniversary, Birthday, Category 150, Everyday, For Her, For Mom, Gift, Helios Migrated, Hoop, Round, Stackable",true,Material,14 Karat Gold,,Stone Type,Natural Diamond,,Metal Color,Yellow Gold,,SC22009166RD,0.0,shopify,0,deny,manual,650.00,,true,true,,,,,,https://raw.githubusercontent.com/rishs-afk/JoharProductReview/main/shopify_upload/matched_images/SC22009166RD.JPG,1,Diamond Earrings,false,Diamond Earrings,,943,Shy Creation,,,,,,,,,,g,,146.20,active
sc22009166rd,,,,,,,,,,,,,,,,,,,,,,,,,,,,,,,,https://raw.githubusercontent.com/rishs-afk/JoharProductReview/main/shopify_upload/matched_images/WEB_ALT_SC22009190RD_SC22009166RD.JPG,2,Diamond Earrings,,,,,,,,,,,,,,,,,,
sc22009296rd,Diamond Earrings,14 Karat Yellow Gold Dome Huggies<br>Diamond Carat Weight: 0.08CT<br>Kate Colln Shy Creation,Shy Creation,Apparel & Accessories > Jewelry > Earrings,Earrings,"Anniversary, Birthday, Category 150, Everyday, For Her, For Mom, Gift, Helios Migrated, Hoop, Round, Stackable",true,Material,14 Karat Gold,,Stone Type,Natural Diamond,,Metal Color,Yellow Gold,,SC22009296RD,0.0,shopify,0,deny,manual,1540.00,,true,true,,,,,,https://raw.githubusercontent.com/rishs-afk/JoharProductReview/main/shopify_upload/matched_images/SC22009296RD.JPG,1,Diamond Earrings,false,Diamond Earrings,,943,Shy Creation,,,,,,,,,,g,,326.80,active
sc22009296rd,,,,,,,,,,,,,,,,,,,,,,,,,,,,,,,,https://raw.githubusercontent.com/rishs-afk/JoharProductReview/main/shopify_upload/matched_images/WEB_ALT_SC22009296RD.JPG,2,Diamond Earrings,,,,,,,,,,,,,,,,,,
sc22009423d0-75,Diamond Earrings,14 Karat Solid Yellow Gold<br>Diamond Croissant Style Hoops<br>Diamond Carat Weight: 0.54<br>Hoop Width: 0.75 Inch<br>Kate Colln Shy Creation,Shy Creation,Apparel & Accessories > Jewelry > Earrings,Earrings,"Anniversary, Birthday, Category 150, For Her, For Mom, Gift, Helios Migrated, Hoop, Round, Statement, Wedding",true,Material,14 Karat Gold,,Stone Type,Natural Diamond,,Metal Color,Yellow Gold,,SC22009423D0.75,0.0,shopify,0,deny,manual,5480.00,,true,true,,,,,,https://raw.githubusercontent.com/rishs-afk/JoharProductReview/main/shopify_upload/matched_images/SC22009423D0.75.JPG,1,Diamond Earrings,false,Diamond Earrings,,943,Shy Creation,,,,,,,,,,g,,1285.70,active
sc22009423d0-75,,,,,,,,,,,,,,,,,,,,,,,,,,,,,,,,https://raw.githubusercontent.com/rishs-afk/JoharProductReview/main/shopify_upload/matched_images/WEB_ALT_SC22009423D0.75.JPG,2,Diamond Earrings,,,,,,,,,,,,,,,,,,
sc55025194,Diamond Earrings,14 Karat Yellow Gold Dangling Pearl Huggies<br>Diamond Carat Weight: 0.05CT<br>Cultured Fresh Water Pearl Dangle,Shy Creation,Apparel & Accessories > Jewelry > Earrings,Earrings,"Anniversary, Birthday, Category 150, Drop/Dangle, For Her, For Mom, Gift, Helios Migrated, Round",true,Material,14 Karat Gold,,Stone Type,"Natural Diamond, Pearls",,Metal Color,Yellow Gold,,SC55025194,0.0,shopify,0,deny,manual,890.00,,true,true,,,,,,https://raw.githubusercontent.com/rishs-afk/JoharProductReview/main/shopify_upload/matched_images/SC55025194.JPG,1,Diamond Earrings,false,Diamond Earrings,,943,Shy Creation,,,,,,,,,,g,,212.85,active
sc55025194,,,,,,,,,,,,,,,,,,,,,,,,,,,,,,,,https://raw.githubusercontent.com/rishs-afk/JoharProductReview/main/shopify_upload/matched_images/WEB_ALT_SC55025194.JPG,2,Diamond Earrings,,,,,,,,,,,,,,,,,,
sc55010751,Diamond Earrings,14 Karat Yellow Gold Diamond Dangle Earrings<br>Diamond Carat Weight: 0.27CT<br>Tassel Dangle Cable Chain,Shy Creation,Apparel & Accessories > Jewelry > Earrings,Earrings,"Anniversary, Birthday, Category 150, Drop/Dangle, For Her, For Mom, Gift, Helios Migrated, Round, Statement, Wedding",true,Material,14 Karat Gold,,Stone Type,Natural Diamond,,Metal Color,Yellow Gold,,SC55010751,0.0,shopify,0,deny,manual,1340.00,,true,true,,,,,,https://raw.githubusercontent.com/rishs-afk/JoharProductReview/main/shopify_upload/matched_images/SC55010751.JPG,1,Diamond Earrings,false,Diamond Earrings,,1056,Shy Creation,,,,,,,,,,g,,731.00,active
sc55022842,Diamond Earrings,14 Karat Yellow Gold Star Huggie Earrings<br>Diamond Carat Weight: 0.10CT<br>Kate Colln Shy Creation,Shy Creation,Apparel & Accessories > Jewelry > Earrings,Earrings,"Anniversary, Birthday, Category 150, For Her, For Mom, Gift, Helios Migrated, Hoop, Round, Stackable",true,Material,14 Karat Gold,,Stone Type,Natural Diamond,,Metal Color,Yellow Gold,,SC55022842,0.0,shopify,0,deny,manual,1120.00,,true,true,,,,,,https://raw.githubusercontent.com/rishs-afk/JoharProductReview/main/shopify_upload/matched_images/SC55022842.JPG,1,Diamond Earrings,false,Diamond Earrings,,1131,Shy Creation,,,,,,,,,,g,,266.60,active
sc55022842,,,,,,,,,,,,,,,,,,,,,,,,,,,,,,,,https://raw.githubusercontent.com/rishs-afk/JoharProductReview/main/shopify_upload/matched_images/WEB_ALT_SC55022842_SC55023013.JPG,2,Diamond Earrings,,,,,,,,,,,,,,,,,,
sc22007667,Diamond Earrings,14 Karat Solid Rose Gold<br>Round Diamond Bezel Huggie<br>Diamond Total Carat Weight: 0.06,Shy Creation,Apparel & Accessories > Jewelry > Earrings,Earrings,"Anniversary, Birthday, Category 150, Everyday, For Her, For Mom, Gift, Helios Migrated, Hoop, Round, Stackable",true,Material,14 Karat Gold,,Stone Type,Natural Diamond,,Metal Color,Rose Gold,,SC22007667,0.0,shopify,0,deny,manual,730.00,,true,true,,,,,,https://raw.githubusercontent.com/rishs-afk/JoharProductReview/main/shopify_upload/matched_images/SC22007667.JPG,1,Diamond Earrings,false,Diamond Earrings,,1134,Shy Creation,,,,,,,,,,g,,169.85,active
sc22008280,Diamond Earrings,14 Karat Yellow Gold Snkae Huggie Earrings<br>Diamond Carat Weight: 0.11CT<br>Green Emeralds Carat Weight: 0.07CT<br>Kate Colln Shy Creation,Shy Creation,Apparel & Accessories > Jewelry > Earrings,Earrings,"Anniversary, Birthday, Category 150, Everyday, For Her, For Mom, Gift, Helios Migrated, Hoop, Round",true,Material,14 Karat Gold,,Stone Type,"Natural Diamond, Birthstone",,Metal Color,Yellow Gold,,SC22008280,0.0,shopify,0,deny,manual,795.00,,true,true,,,,,,https://raw.githubusercontent.com/rishs-afk/JoharProductReview/main/shopify_upload/matched_images/SC22008280_B.JPG,1,Diamond Earrings,false,Diamond Earrings,,1134,Shy Creation,,,,,,,,,,g,,249.40,active
sc22008280,,,,,,,,,,,,,,,,,,,,,,,,,,,,,,,,https://raw.githubusercontent.com/rishs-afk/JoharProductReview/main/shopify_upload/matched_images/SC22008280.JPG,2,Diamond Earrings,,,,,,,,,,,,,,,,,,
sc55012060,Diamond Earrings,Diamond Double Stud Chain Earrings<br>14 Karat Yellow Gold<br>Diamond Total Carat Weight: 0.09,Shy Creation,Apparel & Accessories > Jewelry > Earrings,Earrings,"Anniversary, Birthday, Category 150, Drop/Dangle, For Her, For Mom, Gift, Helios Migrated, Round",true,Material,14 Karat Gold,,Stone Type,Natural Diamond,,Metal Color,Yellow Gold,,SC55012060,0.0,shopify,0,deny,manual,795.00,,true,true,,,,,,https://raw.githubusercontent.com/rishs-afk/JoharProductReview/main/shopify_upload/matched_images/SC55012060.JPG,1,Diamond Earrings,false,Diamond Earrings,,1134,Shy Creation,,,,,,,,,,g,,212.85,active
sc55012060,,,,,,,,,,,,,,,,,,,,,,,,,,,,,,,,https://raw.githubusercontent.com/rishs-afk/JoharProductReview/main/shopify_upload/matched_images/WEB_ALT_SC55012060.JPG,2,Diamond Earrings,,,,,,,,,,,,,,,,,,
sc22007645,Diamond Earrings,14 Karat Solid Yellow Gold<br>Diamond Solitaire Bezel Earrings<br>Diamond Total Carat Weight: 0.14,Shy Creation,Apparel & Accessories > Jewelry > Earrings,Earrings,"Anniversary, Birthday, Category 150, Everyday, For Her, For Mom, Gift, Helios Migrated, Hoop, Round, Stackable",true,Material,14 Karat Gold,,Stone Type,Natural Diamond,,Metal Color,Yellow Gold,,SC22007645,0.0,shopify,0,deny,manual,795.00,,true,true,,,,,,https://raw.githubusercontent.com/rishs-afk/JoharProductReview/main/shopify_upload/matched_images/SC22007645.JPG,1,Diamond Earrings,false,Diamond Earrings,,1134,Shy Creation,,,,,,,,,,g,,212.85,active
sc22008728d0-70,Diamond Earrings,14 Karat Solid Yellow Gold Hoop<br>Style: Beaded Gold With Diamond Pave<br>Diamond Carat Weight: 0.56CT<br>Kate Colln Shy Creation,Shy Creation,Apparel & Accessories > Jewelry > Earrings,Earrings,"Anniversary, Birthday, Category 150, For Her, For Mom, Gift, Helios Migrated, Hoop, Round, Statement",true,Material,14 Karat Gold,,Stone Type,Natural Diamond,,Metal Color,Yellow Gold,,SC22008728D0.70,0.0,shopify,0,deny,manual,2360.00,,true,true,,,,,,https://raw.githubusercontent.com/rishs-afk/JoharProductReview/main/shopify_upload/matched_images/SC22008728D0.70.JPG,1,Diamond Earrings,false,Diamond Earrings,,1134,Shy Creation,,,,,,,,,,g,,640.70,active
sc22008728d0-70,,,,,,,,,,,,,,,,,,,,,,,,,,,,,,,,https://raw.githubusercontent.com/rishs-afk/JoharProductReview/main/shopify_upload/matched_images/WEB_ALT_SC22008728D0.70_SC22008707D0.70.JPG,2,Diamond Earrings,,,,,,,,,,,,,,,,,,
sc55009013,Diamond Earrings,14 Karat Yellow Gold Diamond Pave Huggies<br>Diamond Carat Weight: 0.17CT<br>Kate Colln Shy Creation,Shy Creation,Apparel & Accessories > Jewelry > Earrings,Earrings,"Anniversary, Birthday, Category 150, Everyday, For Her, For Mom, Gift, Helios Migrated, Hoop, Round, Stackable",true,Material,14 Karat Gold,,Stone Type,Natural Diamond,,Metal Color,Yellow Gold,,SC55009013,0.0,shopify,0,deny,manual,995.00,,true,true,,,,,,https://raw.githubusercontent.com/rishs-afk/JoharProductReview/main/shopify_upload/matched_images/SC55009013.JPG,1,Diamond Earrings,false,Diamond Earrings,,1134,Shy Creation,,,,,,,,,,g,,279.50,active
sc55004582,Diamond Earrings,14 Karat Yellow Gold Pave Hoop Earrings<br>Diamond Carat Weight: 0.21CT<br>0.60 Inch Wide Hoops,Shy Creation,Apparel & Accessories > Jewelry > Earrings,Earrings,"Anniversary, Birthday, Category 150, Everyday, For Her, For Mom, Gift, Helios Migrated, Hoop, Round, Stackable",true,Material,14 Karat Gold,,Stone Type,Natural Diamond,,Metal Color,Yellow Gold,,SC55004582,0.0,shopify,0,deny,manual,995.00,,true,true,,,,,,https://raw.githubusercontent.com/rishs-afk/JoharProductReview/main/shopify_upload/matched_images/SC55004582B.JPG,1,Diamond Earrings,false,Diamond Earrings,,1248,Shy Creation,,,,,,,,,,g,,322.50,active
sc55004582,,,,,,,,,,,,,,,,,,,,,,,,,,,,,,,,https://raw.githubusercontent.com/rishs-afk/JoharProductReview/main/shopify_upload/matched_images/SC55004582.JPG,2,Diamond Earrings,,,,,,,,,,,,,,,,,,
sc55004582,,,,,,,,,,,,,,,,,,,,,,,,,,,,,,,,https://raw.githubusercontent.com/rishs-afk/JoharProductReview/main/shopify_upload/matched_images/WEB_ALT_SC55004582.JPG,3,Diamond Earrings,,,,,,,,,,,,,,,,,,
sc55023239h0-65-2,Diamond Earrings,KATE COLLN<br>14KYG 0.18CT HOOP,Shy Creation,Apparel & Accessories > Jewelry > Earrings,Earrings,"Anniversary, Birthday, Category 150, Everyday, For Her, For Mom, Gift, Helios Migrated, Hoop, Round, Stackable",true,Material,14 Karat Gold,,Stone Type,Natural Diamond,,Metal Color,Yellow Gold,,SC55023239H0.65-2,0.0,shopify,0,deny,manual,1200.00,,true,true,,,,,,https://raw.githubusercontent.com/rishs-afk/JoharProductReview/main/shopify_upload/matched_images/SC55023239H0.65.JPG,1,Diamond Earrings,false,Diamond Earrings,,1248,Shy Creation,,,,,,,,,,g,,341.85,active
sc55023239h0-65-2,,,,,,,,,,,,,,,,,,,,,,,,,,,,,,,,https://raw.githubusercontent.com/rishs-afk/JoharProductReview/main/shopify_upload/matched_images/WEB_ALT_SC55023239H0.65.JPG,2,Diamond Earrings,,,,,,,,,,,,,,,,,,
sc55023239h0-65-2,,,,,,,,,,,,,,,,,,,,,,,,,,,,,,,,https://raw.githubusercontent.com/rishs-afk/JoharProductReview/main/shopify_upload/matched_images/WEB_ALT_SC55023323_SC55023191_SC55023239H0.65.JPG,3,Diamond Earrings,,,,,,,,,,,,,,,,,,
sc55023239h0-65,Diamond Earrings,Kate Collection<br>Diamond Huggie Fashion Earring<br>14 Karat Yellow Gold<br>Diamond Total Carat Weight: 0.12,Shy Creation,Apparel & Accessories > Jewelry > Earrings,Earrings,"Anniversary, Birthday, Category 150, Everyday, For Her, For Mom, Gift, Helios Migrated, Hoop, Round, Stackable",true,Material,14 Karat Gold,,Stone Type,Natural Diamond,,Metal Color,Yellow Gold,,SC55023239H0.65,0.0,shopify,0,deny,manual,750.00,,true,true,,,,,,https://raw.githubusercontent.com/rishs-afk/JoharProductReview/main/shopify_upload/matched_images/SC55023239H0.65.JPG,1,Diamond Earrings,false,Diamond Earrings,,1248,Shy Creation,,,,,,,,,,g,,245.10,active
sc55023239h0-65,,,,,,,,,,,,,,,,,,,,,,,,,,,,,,,,https://raw.githubusercontent.com/rishs-afk/JoharProductReview/main/shopify_upload/matched_images/WEB_ALT_SC55023239H0.65.JPG,2,Diamond Earrings,,,,,,,,,,,,,,,,,,
sc55023239h0-65,,,,,,,,,,,,,,,,,,,,,,,,,,,,,,,,https://raw.githubusercontent.com/rishs-afk/JoharProductReview/main/shopify_upload/matched_images/WEB_ALT_SC55023323_SC55023191_SC55023239H0.65.JPG,3,Diamond Earrings,,,,,,,,,,,,,,,,,,
sc55024413,Diamond Earrings,Kate Collection<br>Diamond Oval Earrings<br>14 Karat White And Yellow Gold<br>Diamond Total Carat Weight: 0.29,Shy Creation,Apparel & Accessories > Jewelry > Earrings,Earrings,"Anniversary, Birthday, Category 150, For Her, For Mom, Gift, Helios Migrated, Round, Stackable, Stud",true,Material,14 Karat Gold,,Stone Type,Natural Diamond,,Metal Color,"Two-Tone, Yellow Gold",,SC55024413,0.0,shopify,0,deny,manual,1430.00,,true,true,,,,,,https://raw.githubusercontent.com/rishs-afk/JoharProductReview/main/shopify_upload/matched_images/SC55024413.JPG,1,Diamond Earrings,false,Diamond Earrings,,1248,Shy Creation,,,,,,,,,,g,,427.85,active
sc55023323,Diamond Earrings,14 Karat Yellow Gold Baguette Hoops<br>Diamond Carat Weight: 0.23CT<br>Kate Colln Shy Creation,Shy Creation,Apparel & Accessories > Jewelry > Earrings,Earrings,"Anniversary, Birthday, Category 150, Emerald, Everyday, For Her, For Mom, Gift, Helios Migrated, Hoop, Stackable",true,Material,14 Karat Gold,,Stone Type,Natural Diamond,,Metal Color,Yellow Gold,,SC55023323,0.0,shopify,0,deny,manual,1000.00,,true,true,,,,,,https://raw.githubusercontent.com/rishs-afk/JoharProductReview/main/shopify_upload/matched_images/SC55023323.JPG,1,Diamond Earrings,false,Diamond Earrings,,1249,Shy Creation,,,,,,,,,,g,,279.50,active
sc55023323,,,,,,,,,,,,,,,,,,,,,,,,,,,,,,,,https://raw.githubusercontent.com/rishs-afk/JoharProductReview/main/shopify_upload/matched_images/WEB_ALT_SC55023323_SC55023191_SC55023239H0.65.JPG,2,Diamond Earrings,,,,,,,,,,,,,,,,,,
sc55021570,Diamond Earrings,14 Karat Solid Yellow Gold<br>Kate Collection<br>Diamond Bezel Cross Stud Earring<br>Diamond Total Carat Weight: 0.11,Shy Creation,Apparel & Accessories > Jewelry > Earrings,Earrings,"Anniversary, Birthday, Category 150, Everyday, Faith & Milestones, For Her, For Mom, Gift, Helios Migrated, Round, Stud",true,Material,14 Karat Gold,,Stone Type,Natural Diamond,,Metal Color,Yellow Gold,,SC55021570,0.0,shopify,0,deny,manual,770.00,,true,true,,,,,,https://raw.githubusercontent.com/rishs-afk/JoharProductReview/main/shopify_upload/matched_images/SC55021570.JPG,1,Diamond Earrings,false,Diamond Earrings,,1432,Shy Creation,,,,,,,,,,g,,167.70,active
sc55021570,,,,,,,,,,,,,,,,,,,,,,,,,,,,,,,,https://raw.githubusercontent.com/rishs-afk/JoharProductReview/main/shopify_upload/matched_images/WEB_ALT_SC55021570.JPG,2,Diamond Earrings,,,,,,,,,,,,,,,,,,
sc22007640,Diamond Earrings,14 Karat Solid Rose Gold<br>Kate Collection<br>Diamond Solitaire Hamsa Earring Stud<br>Diamond Total Carat Weight: 0.06,Shy Creation,Apparel & Accessories > Jewelry > Earrings,Earrings,"Anniversary, Birthday, Category 150, Everyday, For Her, For Mom, Gift, Helios Migrated, Round, Solitaire, Stackable, Stud",true,Material,14 Karat Gold,,Stone Type,Natural Diamond,,Metal Color,Rose Gold,,SC22007640,0.0,shopify,0,deny,manual,720.00,,true,true,,,,,,https://raw.githubusercontent.com/rishs-afk/JoharProductReview/main/shopify_upload/matched_images/SC22007640.JPG,1,Diamond Earrings,false,Diamond Earrings,,1432,Shy Creation,,,,,,,,,,g,,154.80,active
sc55021769,Diamond Earrings,14 Karat Yellow Gold 'X' Stud Earrings<br>Diamond Carat Weight: 0.15CT<br>Kate Colln Shy Creation,Shy Creation,Apparel & Accessories > Jewelry > Earrings,Earrings,"Anniversary, Birthday, Category 150, For Her, For Mom, Gift, Helios Migrated, Round, Statement, Stud",true,Material,14 Karat Gold,,Stone Type,Natural Diamond,,Metal Color,Yellow Gold,,SC55021769,0.0,shopify,0,deny,manual,1060.00,,true,true,,,,,,https://raw.githubusercontent.com/rishs-afk/JoharProductReview/main/shopify_upload/matched_images/SC55021769.JPG,1,Diamond Earrings,false,Diamond Earrings,,1432,Shy Creation,,,,,,,,,,g,,249.40,active
sc55021769,,,,,,,,,,,,,,,,,,,,,,,,,,,,,,,,https://raw.githubusercontent.com/rishs-afk/JoharProductReview/main/shopify_upload/matched_images/WEB_ALT_SC55021769.JPG,2,Diamond Earrings,,,,,,,,,,,,,,,,,,
sc55008915,Diamond Earrings,14 Karat White Gold 'X' Stud Earrings<br>Baguette And Round Diamonds<br>Diamond Carat Weight: 0.27CT<br>Kate Colln Shy Creation,Shy Creation,Apparel & Accessories > Jewelry > Earrings,Earrings,"Anniversary, Birthday, Category 150, Emerald, Everyday, For Her, For Mom, Gift, Helios Migrated, Round, Stackable, Stud",true,Material,14 Karat Gold,,Stone Type,Natural Diamond,,Metal Color,White Gold,,SC55008915,0.0,shopify,0,deny,manual,960.00,,true,true,,,,,,https://raw.githubusercontent.com/rishs-afk/JoharProductReview/main/shopify_upload/matched_images/SC55008915.JPG,1,Diamond Earrings,false,Diamond Earrings,,1432,Shy Creation,,,,,,,,,,g,,249.40,active
sc55001383,Diamond Earrings,14 Karat Solid Yellow Gold<br>Kate Collection<br>Arrow Diamond Stud Earring<br>Diamond Total Carat Weight: 0.05,Shy Creation,Apparel & Accessories > Jewelry > Earrings,Earrings,"Anniversary, Birthday, Category 150, Everyday, For Her, For Mom, Gift, Helios Migrated, Round, Stackable, Stud",true,Material,14 Karat Gold,,Stone Type,Natural Diamond,,Metal Color,Yellow Gold,,SC55001383,0.0,shopify,0,deny,manual,570.00,,true,true,,,,,,https://raw.githubusercontent.com/rishs-afk/JoharProductReview/main/shopify_upload/matched_images/SC55001383.JPG,1,Diamond Earrings,false,Diamond Earrings,,1432,Shy Creation,,,,,,,,,,g,,129.00,active
sc55020452,Diamond Earrings,Kate Collection<br>Diamond French Pave X Studs<br>14 Karat Yellow Gold<br>Diamond Total Carat Weight: 0.21,Shy Creation,Apparel & Accessories > Jewelry > Earrings,Earrings,"Anniversary, Birthday, Category 150, Everyday, For Her, For Mom, Gift, Helios Migrated, Round, Stackable, Statement, Stud",true,Material,14 Karat Gold,,Stone Type,Natural Diamond,,Metal Color,Yellow Gold,,SC55020452,0.0,shopify,0,deny,manual,1510.00,,true,true,,,,,,https://raw.githubusercontent.com/rishs-afk/JoharProductReview/main/shopify_upload/matched_images/SC55020452.JPG,1,Diamond Earrings,false,Diamond Earrings,,1432,Shy Creation,,,,,,,,,,g,,352.60,active
sc55005960v2,Diamond Earrings,14 Karat White Gold Double Huggie Hoops<br>Diamond Carat Weight: 0.12<br>Kate Colln Shy Creation,Shy Creation,Apparel & Accessories > Jewelry > Earrings,Earrings,"Anniversary, Birthday, Category 150, Everyday, For Her, For Mom, Gift, Helios Migrated, Hoop, Round, Stackable",true,Material,14 Karat Gold,,Stone Type,Natural Diamond,,Metal Color,White Gold,,SC55005960V2,0.0,shopify,0,deny,manual,995.00,,true,true,,,,,,https://raw.githubusercontent.com/rishs-afk/JoharProductReview/main/shopify_upload/matched_images/SC55005960V2.JPG,1,Diamond Earrings,false,Diamond Earrings,,1432,Shy Creation,,,,,,,,,,g,,318.20,active
sc55005960v2,,,,,,,,,,,,,,,,,,,,,,,,,,,,,,,,https://raw.githubusercontent.com/rishs-afk/JoharProductReview/main/shopify_upload/matched_images/WEB_ALT_SC55005960V2.JPG,2,Diamond Earrings,,,,,,,,,,,,,,,,,,
sc22004732,Diamond Earrings,Bella Collection<br>Diamond French Pave Oval Stud<br>14 Karat White Gold<br>Diamond Total Carat Weight: 0.99,Shy Creation,Apparel & Accessories > Jewelry > Earrings,Earrings,"Anniversary, Birthday, Category 150, For Her, For Mom, Gift, Helios Migrated, Round, Statement, Stud",true,Material,14 Karat Gold,,Stone Type,Natural Diamond,,Metal Color,White Gold,,SC22004732,0.0,shopify,0,deny,manual,2800.00,,true,true,,,,,,https://raw.githubusercontent.com/rishs-afk/JoharProductReview/main/shopify_upload/matched_images/SC22004732.JPG,1,Diamond Earrings,false,Diamond Earrings,,1432,Shy Creation,,,,,,,,,,g,,739.60,active
sc22007663,Diamond Earrings,14 Karat Solid Yellow Gold<br>Colette Collection<br>3 Solitaire Diamond Huggie<br>Diamond Total Carat Weight: 0.06,Shy Creation,Apparel & Accessories > Jewelry > Earrings,Earrings,"Anniversary, Birthday, Category 150, Everyday, For Her, For Mom, Gift, Helios Migrated, Hoops, Round, Stackable",true,Material,14 Karat Gold,,Stone Type,Natural Diamond,,Metal Color,Yellow Gold,,SC22007663,0.0,shopify,0,deny,manual,660.00,,true,true,,,,,,https://raw.githubusercontent.com/rishs-afk/JoharProductReview/main/shopify_upload/matched_images/SC22007663.JPG,1,Diamond Earrings,false,Diamond Earrings,,1467,Shy Creation,,,,,,,,,,g,,146.20,active
er16569r10y4jjj,Diamond Semi-Mount Rings,14 Karat Yellow Gold Semi Mount<br>Center Stone Carat Weight: 2.5CT<br>Band Thickness 1.7mm<br>S1924989 #234,Gabriel & Co,Apparel & Accessories > Jewelry > Rings > Engagement Rings,,"Category 140, Contemporary, Cushion, For Her, For Mom, Helios Migrated, Princess, Round, Semi Mount, Solitaire, Wedding",true,Material,14 Karat Gold,,Metal Color,Yellow Gold,,,,,ER16569R10Y4JJJ,0.0,shopify,0,deny,manual,1675.00,,true,true,,,,,,https://raw.githubusercontent.com/rishs-afk/JoharProductReview/main/shopify_upload/matched_images/ER16569R10Y4JJJ-4.jpg,1,Diamond Semi-Mount Rings,false,Diamond Semi-Mount Rings,,621,Gabriel & Co.,,,,,,,,,,g,,420.00,active
er16569r10y4jjj,,,,,,,,,,,,,,,,,,,,,,,,,,,,,,,,https://raw.githubusercontent.com/rishs-afk/JoharProductReview/main/shopify_upload/matched_images/ER16569R10Y4JJJ-1.jpg,2,Diamond Semi-Mount Rings,,,,,,,,,,,,,,,,,,
er16569r10y4jjj,,,,,,,,,,,,,,,,,,,,,,,,,,,,,,,,https://raw.githubusercontent.com/rishs-afk/JoharProductReview/main/shopify_upload/matched_images/ER16569R10Y4JJJ-3.jpg,3,Diamond Semi-Mount Rings,,,,,,,,,,,,,,,,,,
er16569r10y4jjj,,,,,,,,,,,,,,,,,,,,,,,,,,,,,,,,https://raw.githubusercontent.com/rishs-afk/JoharProductReview/main/shopify_upload/matched_images/ER16569R10Y4JJJ-2.jpg,4,Diamond Semi-Mount Rings,,,,,,,,,,,,,,,,,,
er16569r10y4jjj,,,,,,,,,,,,,,,,,,,,,,,,,,,,,,,,https://raw.githubusercontent.com/rishs-afk/JoharProductReview/main/shopify_upload/matched_images/ER16569R10Y4JJJ-5.jpg,5,Diamond Semi-Mount Rings,,,,,,,,,,,,,,,,,,
er16475o6y44jj,Diamond Semi-Mount Rings,14 Karat Yellow Gold Three Stone Semi Mount<br>Diamond Carat Weight: 0.29CT<br>Center Stone Carat Weight: 1.50CT<br>S1925014 #233,Gabriel & Co,Apparel & Accessories > Jewelry > Rings > Engagement Rings,,"Category 140, For Her, For Mom, Helios Migrated, Oval, Semi Mount, Solitaire, Three Stone, Vintage, Wedding",true,Material,14 Karat Gold,,Stone Type,Natural Diamond,,Metal Color,Yellow Gold,,ER16475O6Y44JJ,0.0,shopify,0,deny,manual,3050.00,,true,true,,,,,,https://raw.githubusercontent.com/rishs-afk/JoharProductReview/main/shopify_upload/matched_images/ER16475O6Y44JJ-5.jpg,1,Diamond Semi-Mount Rings,false,Diamond Semi-Mount Rings,,621,Gabriel & Co.,,,,,,,,,,g,,840.00,active
er16475o6y44jj,,,,,,,,,,,,,,,,,,,,,,,,,,,,,,,,https://raw.githubusercontent.com/rishs-afk/JoharProductReview/main/shopify_upload/matched_images/ER16475O6Y44JJ-1.jpg,2,Diamond Semi-Mount Rings,,,,,,,,,,,,,,,,,,
er16475o6y44jj,,,,,,,,,,,,,,,,,,,,,,,,,,,,,,,,https://raw.githubusercontent.com/rishs-afk/JoharProductReview/main/shopify_upload/matched_images/ER16475O6Y44JJ-4.jpg,3,Diamond Semi-Mount Rings,,,,,,,,,,,,,,,,,,
er16475o6y44jj,,,,,,,,,,,,,,,,,,,,,,,,,,,,,,,,https://raw.githubusercontent.com/rishs-afk/JoharProductReview/main/shopify_upload/matched_images/ER16475O6Y44JJ-2.jpg,4,Diamond Semi-Mount Rings,,,,,,,,,,,,,,,,,,
er16475o6y44jj,,,,,,,,,,,,,,,,,,,,,,,,,,,,,,,,https://raw.githubusercontent.com/rishs-afk/JoharProductReview/main/shopify_upload/matched_images/ER16475O6Y44JJ-3.jpg,5,Diamond Semi-Mount Rings,,,,,,,,,,,,,,,,,,
er16475o6y44jj,,,,,,,,,,,,,,,,,,,,,,,,,,,,,,,,https://raw.githubusercontent.com/rishs-afk/JoharProductReview/main/shopify_upload/matched_images/ER16475O6Y44JJ-6.jpg,6,Diamond Semi-Mount Rings,,,,,,,,,,,,,,,,,,
er16192o6w44jj,Diamond Semi-Mount Rings,14 Karat White Gold Diamond Semi Mount<br>Diamond Carat Weight: 0.40CT<br>Center Stone Carat Weight: 1.5CT<br>S1925026 #232,Gabriel & Co,Apparel & Accessories > Jewelry > Rings > Engagement Rings,,"Category 140, For Her, For Mom, Helios Migrated, Oval, Semi Mount, Solitaire, Three Stone, Vintage, Wedding",true,Material,14 Karat Gold,,Stone Type,Natural Diamond,,Metal Color,White Gold,,ER16192O6W44JJ,0.0,shopify,0,deny,manual,3750.00,,true,true,,,,,,https://raw.githubusercontent.com/rishs-afk/JoharProductReview/main/shopify_upload/matched_images/ER16192O6W44JJ-5.jpg,1,Diamond Semi-Mount Rings,false,Diamond Semi-Mount Rings,,621,Gabriel & Co.,,,,,,,,,,g,,1222.00,active
er16192o6w44jj,,,,,,,,,,,,,,,,,,,,,,,,,,,,,,,,https://raw.githubusercontent.com/rishs-afk/JoharProductReview/main/shopify_upload/matched_images/ER16192O6W44JJ-2.jpg,2,Diamond Semi-Mount Rings,,,,,,,,,,,,,,,,,,
er16192o6w44jj,,,,,,,,,,,,,,,,,,,,,,,,,,,,,,,,https://raw.githubusercontent.com/rishs-afk/JoharProductReview/main/shopify_upload/matched_images/ER16192O6W44JJ-1.jpg,3,Diamond Semi-Mount Rings,,,,,,,,,,,,,,,,,,
er16192o6w44jj,,,,,,,,,,,,,,,,,,,,,,,,,,,,,,,,https://raw.githubusercontent.com/rishs-afk/JoharProductReview/main/shopify_upload/matched_images/ER16192O6W44JJ-3.jpg,4,Diamond Semi-Mount Rings,,,,,,,,,,,,,,,,,,
er16192o6w44jj,,,,,,,,,,,,,,,,,,,,,,,,,,,,,,,,https://raw.githubusercontent.com/rishs-afk/JoharProductReview/main/shopify_upload/matched_images/ER16192O6W44JJ-4.jpg,5,Diamond Semi-Mount Rings,,,,,,,,,,,,,,,,,,
er16135r4w44jj,Diamond Semi-Mount Rings,14 Karat White Gold Three Stone Semi Mount<br>Diamond Carat Weight: 0.60CT<br>Center Stone Carat Weight: 1CT<br>S1925010 #231,Gabriel & Co,Apparel & Accessories > Jewelry > Rings > Engagement Rings,,"Category 140, For Her, For Mom, Helios Migrated, Round, Semi Mount, Solitaire, Three Stone, Vintage, Wedding",true,Material,14 Karat Gold,,Stone Type,Natural Diamond,,Metal Color,White Gold,,ER16135R4W44JJ,0.0,shopify,0,deny,manual,6200.00,,true,true,,,,,,https://raw.githubusercontent.com/rishs-afk/JoharProductReview/main/shopify_upload/matched_images/ER16135R4W44JJ-5.jpg,1,Diamond Semi-Mount Rings,false,Diamond Semi-Mount Rings,,621,Gabriel & Co.,,,,,,,,,,g,,2230.00,active
er16135r4w44jj,,,,,,,,,,,,,,,,,,,,,,,,,,,,,,,,https://raw.githubusercontent.com/rishs-afk/JoharProductReview/main/shopify_upload/matched_images/ER16135R4W44JJ-1.jpg,2,Diamond Semi-Mount Rings,,,,,,,,,,,,,,,,,,
er16135r4w44jj,,,,,,,,,,,,,,,,,,,,,,,,,,,,,,,,https://raw.githubusercontent.com/rishs-afk/JoharProductReview/main/shopify_upload/matched_images/ER16135R4W44JJ-3.jpg,3,Diamond Semi-Mount Rings,,,,,,,,,,,,,,,,,,
er16135r4w44jj,,,,,,,,,,,,,,,,,,,,,,,,,,,,,,,,https://raw.githubusercontent.com/rishs-afk/JoharProductReview/main/shopify_upload/matched_images/ER16135R4W44JJ-2.jpg,4,Diamond Semi-Mount Rings,,,,,,,,,,,,,,,,,,
er16135r4w44jj,,,,,,,,,,,,,,,,,,,,,,,,,,,,,,,,https://raw.githubusercontent.com/rishs-afk/JoharProductReview/main/shopify_upload/matched_images/ER16135R4W44JJ-4.jpg,5,Diamond Semi-Mount Rings,,,,,,,,,,,,,,,,,,
er16135r4w44jj,,,,,,,,,,,,,,,,,,,,,,,,,,,,,,,,https://raw.githubusercontent.com/rishs-afk/JoharProductReview/main/shopify_upload/matched_images/ER16135R4W44JJ-6.jpg,6,Diamond Semi-Mount Rings,,,,,,,,,,,,,,,,,,
er16476o8m44jj,Diamond Semi-Mount Rings,East To West Peekaboo Hidden Halo<br>Semi Mount<br>14 Karat Yellow Gold<br>Diamond Total Carat Weight: 0.11<br>Center Stone Carat Weight: 2.00<br>S1925013 #230,Gabriel & Co,Apparel & Accessories > Jewelry > Rings > Engagement Rings,,"Category 140, Contemporary, For Her, For Mom, Halo, Helios Migrated, Oval, Semi Mount, Solitaire, Wedding",true,Material,14 Karat Gold,,Stone Type,Natural Diamond,,Metal Color,Yellow Gold,,ER16476O8M44JJ,0.0,shopify,0,deny,manual,2325.00,,true,true,,,,,,https://raw.githubusercontent.com/rishs-afk/JoharProductReview/main/shopify_upload/matched_images/ER16476O8M44JJ-5.jpg,1,Diamond Semi-Mount Rings,false,Diamond Semi-Mount Rings,,621,Gabriel & Co.,,,,,,,,,,g,,569.00,active
er16476o8m44jj,,,,,,,,,,,,,,,,,,,,,,,,,,,,,,,,https://raw.githubusercontent.com/rishs-afk/JoharProductReview/main/shopify_upload/matched_images/ER16476O8M44JJ-1.jpg,2,Diamond Semi-Mount Rings,,,,,,,,,,,,,,,,,,
er16476o8m44jj,,,,,,,,,,,,,,,,,,,,,,,,,,,,,,,,https://raw.githubusercontent.com/rishs-afk/JoharProductReview/main/shopify_upload/matched_images/ER16476O8M44JJ-3.jpg,3,Diamond Semi-Mount Rings,,,,,,,,,,,,,,,,,,
er16476o8m44jj,,,,,,,,,,,,,,,,,,,,,,,,,,,,,,,,https://raw.githubusercontent.com/rishs-afk/JoharProductReview/main/shopify_upload/matched_images/ER16476O8M44JJ-2.jpg,4,Diamond Semi-Mount Rings,,,,,,,,,,,,,,,,,,
er16476o8m44jj,,,,,,,,,,,,,,,,,,,,,,,,,,,,,,,,https://raw.githubusercontent.com/rishs-afk/JoharProductReview/main/shopify_upload/matched_images/ER16476O8M44JJ-4.jpg,5,Diamond Semi-Mount Rings,,,,,,,,,,,,,,,,,,
er16476o8m44jj,,,,,,,,,,,,,,,,,,,,,,,,,,,,,,,,https://raw.githubusercontent.com/rishs-afk/JoharProductReview/main/shopify_upload/matched_images/ER16476O8M44JJ-6.jpg,6,Diamond Semi-Mount Rings,,,,,,,,,,,,,,,,,,
er16465o6w44jj,Diamond Semi-Mount Rings,14 Karat White Gold Three Stone Semi Mount<br>Diamond Carat Weight: 0.83CT<br>Center Stone Carat Weight: 1.5CT<br>S1924960 #229,Gabriel & Co,Apparel & Accessories > Jewelry > Rings > Engagement Rings,,"Category 140, Contemporary, For Her, For Mom, Helios Migrated, Oval, Semi Mount, Solitaire, Three Stone, Wedding",true,Material,14 Karat Gold,,Stone Type,Natural Diamond,,Metal Color,White Gold,,ER16465O6W44JJ,0.0,shopify,0,deny,manual,7300.00,,true,true,,,,,,https://raw.githubusercontent.com/rishs-afk/JoharProductReview/main/shopify_upload/matched_images/ER16465O6W44JJ-5.jpg,1,Diamond Semi-Mount Rings,false,Diamond Semi-Mount Rings,,621,Gabriel & Co.,,,,,,,,,,g,,3145.00,active
er16465o6w44jj,,,,,,,,,,,,,,,,,,,,,,,,,,,,,,,,https://raw.githubusercontent.com/rishs-afk/JoharProductReview/main/shopify_upload/matched_images/ER16465O6W44JJ-3.jpg,2,Diamond Semi-Mount Rings,,,,,,,,,,,,,,,,,,
er16465o6w44jj,,,,,,,,,,,,,,,,,,,,,,,,,,,,,,,,https://raw.githubusercontent.com/rishs-afk/JoharProductReview/main/shopify_upload/matched_images/ER16465O6W44JJ-2.jpg,3,Diamond Semi-Mount Rings,,,,,,,,,,,,,,,,,,
er16465o6w44jj,,,,,,,,,,,,,,,,,,,,,,,,,,,,,,,,https://raw.githubusercontent.com/rishs-afk/JoharProductReview/main/shopify_upload/matched_images/ER16465O6W44JJ-1.jpg,4,Diamond Semi-Mount Rings,,,,,,,,,,,,,,,,,,
er16465o6w44jj,,,,,,,,,,,,,,,,,,,,,,,,,,,,,,,,https://raw.githubusercontent.com/rishs-afk/JoharProductReview/main/shopify_upload/matched_images/ER16465O6W44JJ-4.jpg,5,Diamond Semi-Mount Rings,,,,,,,,,,,,,,,,,,
er16465o6w44jj,,,,,,,,,,,,,,,,,,,,,,,,,,,,,,,,https://raw.githubusercontent.com/rishs-afk/JoharProductReview/main/shopify_upload/matched_images/ER16465O6W44JJ-6.jpg,6,Diamond Semi-Mount Rings,,,,,,,,,,,,,,,,,,
er16431r6y44jj,Diamond Semi-Mount Rings,14 Karat Yellow Gold Semi Mount<br>Diamond Carat Weight: 0.11Ct<br>Center Stone Carat Weight: 1.50<br>S1901354 #225,Gabriel & Co,Apparel & Accessories > Jewelry > Rings > Engagement Rings,,"Category 140, For Her, For Mom, Helios Migrated, Round, Semi Mount, Side Stone, Side Stones, Vintage, Wedding",true,Material,14 Karat Gold,,Stone Type,Natural Diamond,,Metal Color,Yellow Gold,,ER16431R6Y44JJ,0.0,shopify,0,deny,manual,1650.00,,true,true,,,,,,https://raw.githubusercontent.com/rishs-afk/JoharProductReview/main/shopify_upload/matched_images/ER16431R6Y44JJ-5.jpg,1,Diamond Semi-Mount Rings,false,Diamond Semi-Mount Rings,,621,Gabriel & Co.,,,,,,,,,,g,,444.00,active
er16431r6y44jj,,,,,,,,,,,,,,,,,,,,,,,,,,,,,,,,https://raw.githubusercontent.com/rishs-afk/JoharProductReview/main/shopify_upload/matched_images/ER16431R6Y44JJ-1.jpg,2,Diamond Semi-Mount Rings,,,,,,,,,,,,,,,,,,
er16431r6y44jj,,,,,,,,,,,,,,,,,,,,,,,,,,,,,,,,https://raw.githubusercontent.com/rishs-afk/JoharProductReview/main/shopify_upload/matched_images/ER16431R6Y44JJ-4.jpg,3,Diamond Semi-Mount Rings,,,,,,,,,,,,,,,,,,
er16431r6y44jj,,,,,,,,,,,,,,,,,,,,,,,,,,,,,,,,https://raw.githubusercontent.com/rishs-afk/JoharProductReview/main/shopify_upload/matched_images/ER16431R6Y44JJ-3.jpg,4,Diamond Semi-Mount Rings,,,,,,,,,,,,,,,,,,
er16431r6y44jj,,,,,,,,,,,,,,,,,,,,,,,,,,,,,,,,https://raw.githubusercontent.com/rishs-afk/JoharProductReview/main/shopify_upload/matched_images/ER16431R6Y44JJ-2.jpg,5,Diamond Semi-Mount Rings,,,,,,,,,,,,,,,,,,
er16431r6y44jj,,,,,,,,,,,,,,,,,,,,,,,,,,,,,,,,https://raw.githubusercontent.com/rishs-afk/JoharProductReview/main/shopify_upload/matched_images/ER16431R6Y44JJ-6.jpg,6,Diamond Semi-Mount Rings,,,,,,,,,,,,,,,,,,
er15960o6m4jjj,Diamond Semi-Mount Rings,14 Karat Yellow Gold Semi Mount<br>Band Thickness 1.6mm<br>Center Stone Carat Weight: 1.5CT<br>S1924965 #223,Gabriel & Co,Apparel & Accessories > Jewelry > Rings > Engagement Rings,,"Category 140, For Her, For Mom, Helios Migrated, Oval, Semi Mount, Solitaire, Wedding",true,Material,14 Karat Gold,,Metal Color,Yellow Gold,,,,,ER15960O6M4JJJ,0.0,shopify,0,deny,manual,1425.00,,true,true,,,,,,https://raw.githubusercontent.com/rishs-afk/JoharProductReview/main/shopify_upload/matched_images/ER15960O6M4JJJ-5.jpg,1,Diamond Semi-Mount Rings,false,Diamond Semi-Mount Rings,,621,Gabriel & Co.,,,,,,,,,,g,,319.00,active
er15960o6m4jjj,,,,,,,,,,,,,,,,,,,,,,,,,,,,,,,,https://raw.githubusercontent.com/rishs-afk/JoharProductReview/main/shopify_upload/matched_images/ER15960O6M4JJJ-1.jpg,2,Diamond Semi-Mount Rings,,,,,,,,,,,,,,,,,,
er15960o6m4jjj,,,,,,,,,,,,,,,,,,,,,,,,,,,,,,,,https://raw.githubusercontent.com/rishs-afk/JoharProductReview/main/shopify_upload/matched_images/ER15960O6M4JJJ-3.jpg,3,Diamond Semi-Mount Rings,,,,,,,,,,,,,,,,,,
er15960o6m4jjj,,,,,,,,,,,,,,,,,,,,,,,,,,,,,,,,https://raw.githubusercontent.com/rishs-afk/JoharProductReview/main/shopify_upload/matched_images/ER15960O6M4JJJ-2.jpg,4,Diamond Semi-Mount Rings,,,,,,,,,,,,,,,,,,
er15960o6m4jjj,,,,,,,,,,,,,,,,,,,,,,,,,,,,,,,,https://raw.githubusercontent.com/rishs-afk/JoharProductReview/main/shopify_upload/matched_images/ER15960O6M4JJJ-4.jpg,5,Diamond Semi-Mount Rings,,,,,,,,,,,,,,,,,,
er15960o6m4jjj,,,,,,,,,,,,,,,,,,,,,,,,,,,,,,,,https://raw.githubusercontent.com/rishs-afk/JoharProductReview/main/shopify_upload/matched_images/ER15960O6M4JJJ-6.jpg,6,Diamond Semi-Mount Rings,,,,,,,,,,,,,,,,,,
er16570o8w44jj,Diamond Semi-Mount Rings,<p>14KG .20CT 2CTC OV S1920776 #212</p>,Gabriel & Co,Apparel & Accessories > Jewelry > Rings > Engagement Rings,,"Category 140, Contemporary, For Her, For Mom, Helios Migrated, Oval, Semi Mount, Side Stone, Side Stones, Wedding",true,Material,14 Karat Gold,,Stone Type,Natural Diamond,,Metal Color,Unknown,,ER16570O8W44JJ,0.0,shopify,0,deny,manual,2050.00,,true,true,,,,,,https://raw.githubusercontent.com/rishs-afk/JoharProductReview/main/shopify_upload/matched_images/ER16570O8W44JJ-4.jpg,1,Diamond Semi-Mount Rings,false,Diamond Semi-Mount Rings,,621,Gabriel & Co.,,,,,,,,,,g,,590.00,active
er16570o8w44jj,,,,,,,,,,,,,,,,,,,,,,,,,,,,,,,,https://raw.githubusercontent.com/rishs-afk/JoharProductReview/main/shopify_upload/matched_images/ER16570O8W44JJ-2.jpg,2,Diamond Semi-Mount Rings,,,,,,,,,,,,,,,,,,
er16570o8w44jj,,,,,,,,,,,,,,,,,,,,,,,,,,,,,,,,https://raw.githubusercontent.com/rishs-afk/JoharProductReview/main/shopify_upload/matched_images/ER16570O8W44JJ-1.jpg,3,Diamond Semi-Mount Rings,,,,,,,,,,,,,,,,,,
er16570o8w44jj,,,,,,,,,,,,,,,,,,,,,,,,,,,,,,,,https://raw.githubusercontent.com/rishs-afk/JoharProductReview/main/shopify_upload/matched_images/ER16570O8W44JJ-3.jpg,4,Diamond Semi-Mount Rings,,,,,,,,,,,,,,,,,,
er16570o8w44jj,,,,,,,,,,,,,,,,,,,,,,,,,,,,,,,,https://raw.githubusercontent.com/rishs-afk/JoharProductReview/main/shopify_upload/matched_images/ER16570O8W44JJ-5.jpg,5,Diamond Semi-Mount Rings,,,,,,,,,,,,,,,,,,
er16567e12w44jj,Diamond Semi-Mount Rings,14 Karat White Gold Diamond Hidden Halo Semi Mount<br>Diamond Carat Weight: 0.12CT<br>Center Stone Carat Weight: 3CT<br>S1870558 #211,Gabriel & Co,Apparel & Accessories > Jewelry > Rings > Engagement Rings,,"Category 140, Contemporary, Emerald, For Her, For Mom, Halo, Helios Migrated, Radiant, Semi Mount, Solitaire, Wedding",true,Material,14 Karat Gold,,Stone Type,Natural Diamond,,Metal Color,White Gold,,ER16567E12W44JJ,0.0,shopify,0,deny,manual,2475.00,,true,true,,,,,,https://raw.githubusercontent.com/rishs-afk/JoharProductReview/main/shopify_upload/matched_images/ER16567E12W44JJ-4.jpg,1,Diamond Semi-Mount Rings,false,Diamond Semi-Mount Rings,,621,Gabriel & Co.,,,,,,,,,,g,,706.00,active
er16567e12w44jj,,,,,,,,,,,,,,,,,,,,,,,,,,,,,,,,https://raw.githubusercontent.com/rishs-afk/JoharProductReview/main/shopify_upload/matched_images/ER16567E12W44JJ-2.jpg,2,Diamond Semi-Mount Rings,,,,,,,,,,,,,,,,,,
er16567e12w44jj,,,,,,,,,,,,,,,,,,,,,,,,,,,,,,,,https://raw.githubusercontent.com/rishs-afk/JoharProductReview/main/shopify_upload/matched_images/ER16567E12W44JJ-3.jpg,3,Diamond Semi-Mount Rings,,,,,,,,,,,,,,,,,,
er16567e12w44jj,,,,,,,,,,,,,,,,,,,,,,,,,,,,,,,,https://raw.githubusercontent.com/rishs-afk/JoharProductReview/main/shopify_upload/matched_images/ER16567E12W44JJ-1.jpg,4,Diamond Semi-Mount Rings,,,,,,,,,,,,,,,,,,
er16566o8w44jj,Diamond Semi-Mount Rings,<p>14KG .30CT SM 2CTC OV S1870548 #209</p>,Gabriel & Co,Apparel & Accessories > Jewelry > Rings > Engagement Rings,,"Category 140, Contemporary, For Her, For Mom, Halo, Helios Migrated, Oval, Semi Mount, Side Stone, Side Stones, Wedding",true,Material,14 Karat Gold,,Stone Type,Natural Diamond,,Metal Color,Unknown,,ER16566O8W44JJ,0.0,shopify,0,deny,manual,2550.00,,true,true,,,,,,https://raw.githubusercontent.com/rishs-afk/JoharProductReview/main/shopify_upload/matched_images/ER16566O8W44JJ-4.jpg,1,Diamond Semi-Mount Rings,false,Diamond Semi-Mount Rings,,621,Gabriel & Co.,,,,,,,,,,g,,779.00,active
er16566o8w44jj,,,,,,,,,,,,,,,,,,,,,,,,,,,,,,,,https://raw.githubusercontent.com/rishs-afk/JoharProductReview/main/shopify_upload/matched_images/ER16566O8W44JJ-2.jpg,2,Diamond Semi-Mount Rings,,,,,,,,,,,,,,,,,,
er16566o8w44jj,,,,,,,,,,,,,,,,,,,,,,,,,,,,,,,,https://raw.githubusercontent.com/rishs-afk/JoharProductReview/main/shopify_upload/matched_images/ER16566O8W44JJ-3.jpg,3,Diamond Semi-Mount Rings,,,,,,,,,,,,,,,,,,
er16566o8w44jj,,,,,,,,,,,,,,,,,,,,,,,,,,,,,,,,https://raw.githubusercontent.com/rishs-afk/JoharProductReview/main/shopify_upload/matched_images/ER16566O8W44JJ-1.jpg,4,Diamond Semi-Mount Rings,,,,,,,,,,,,,,,,,,
er16565r10w44jj,Diamond Semi-Mount Rings,<p>14KG .10CT 2.5CTC RD S1924990 #199</p>,Gabriel & Co,Apparel & Accessories > Jewelry > Rings > Engagement Rings,,"Category 140, Contemporary, For Her, For Mom, Halo, Helios Migrated, Round, Semi Mount, Solitaire, Wedding",true,Material,14 Karat Gold,,Stone Type,Natural Diamond,,Metal Color,Unknown,,ER16565R10W44JJ,0.0,shopify,0,deny,manual,2000.00,,true,true,,,,,,https://raw.githubusercontent.com/rishs-afk/JoharProductReview/main/shopify_upload/matched_images/ER16565R10W44JJ-4.jpg,1,Diamond Semi-Mount Rings,false,Diamond Semi-Mount Rings,,622,Gabriel & Co.,,,,,,,,,,g,,560.00,active
er16565r10w44jj,,,,,,,,,,,,,,,,,,,,,,,,,,,,,,,,https://raw.githubusercontent.com/rishs-afk/JoharProductReview/main/shopify_upload/matched_images/ER16565R10W44JJ-3.jpg,2,Diamond Semi-Mount Rings,,,,,,,,,,,,,,,,,,
er16565r10w44jj,,,,,,,,,,,,,,,,,,,,,,,,,,,,,,,,https://raw.githubusercontent.com/rishs-afk/JoharProductReview/main/shopify_upload/matched_images/ER16565R10W44JJ-2.jpg,3,Diamond Semi-Mount Rings,,,,,,,,,,,,,,,,,,
er16565r10w44jj,,,,,,,,,,,,,,,,,,,,,,,,,,,,,,,,https://raw.githubusercontent.com/rishs-afk/JoharProductReview/main/shopify_upload/matched_images/ER16565R10W44JJ-1.jpg,4,Diamond Semi-Mount Rings,,,,,,,,,,,,,,,,,,
er16566r10w44jj,Diamond Semi-Mount Rings,<p>14KG .30CT 2.5CTC RD S1924994 #198</p>,Gabriel & Co,Apparel & Accessories > Jewelry > Rings > Engagement Rings,,"Category 140, Contemporary, For Her, For Mom, Halo, Helios Migrated, Round, Semi Mount, Side Stone, Side Stones, Wedding",true,Material,14 Karat Gold,,Stone Type,Natural Diamond,,Metal Color,Unknown,,ER16566R10W44JJ,0.0,shopify,0,deny,manual,2700.00,,true,true,,,,,,https://raw.githubusercontent.com/rishs-afk/JoharProductReview/main/shopify_upload/matched_images/ER16566R10W44JJ-4.jpg,1,Diamond Semi-Mount Rings,false,Diamond Semi-Mount Rings,,622,Gabriel & Co.,,,,,,,,,,g,,823.00,active
er16566r10w44jj,,,,,,,,,,,,,,,,,,,,,,,,,,,,,,,,https://raw.githubusercontent.com/rishs-afk/JoharProductReview/main/shopify_upload/matched_images/ER16566R10W44JJ-2.jpg,2,Diamond Semi-Mount Rings,,,,,,,,,,,,,,,,,,
er16566r10w44jj,,,,,,,,,,,,,,,,,,,,,,,,,,,,,,,,https://raw.githubusercontent.com/rishs-afk/JoharProductReview/main/shopify_upload/matched_images/ER16566R10W44JJ-3.jpg,3,Diamond Semi-Mount Rings,,,,,,,,,,,,,,,,,,
er16566r10w44jj,,,,,,,,,,,,,,,,,,,,,,,,,,,,,,,,https://raw.githubusercontent.com/rishs-afk/JoharProductReview/main/shopify_upload/matched_images/ER16566R10W44JJ-1.jpg,4,Diamond Semi-Mount Rings,,,,,,,,,,,,,,,,,,
er16570r10y44jj,Diamond Semi-Mount Rings,Diamond French Pave Semi Mount<br>14 Karat Yellow Gold<br>Diamond Total Carat Weight: 0.20<br>Center Stone Carat Weight: 2.50<br>S1924993 #197,Gabriel & Co,Apparel & Accessories > Jewelry > Rings > Engagement Rings,,"Category 140, Contemporary, For Her, For Mom, Helios Migrated, Round, Semi Mount, Side Stone, Side Stones, Wedding",true,Material,14 Karat Gold,,Stone Type,Natural Diamond,,Metal Color,Yellow Gold,,ER16570R10Y44JJ,0.0,shopify,0,deny,manual,2075.00,,true,true,,,,,,https://raw.githubusercontent.com/rishs-afk/JoharProductReview/main/shopify_upload/matched_images/ER16570R10Y44JJ-4.jpg,1,Diamond Semi-Mount Rings,false,Diamond Semi-Mount Rings,,622,Gabriel & Co.,,,,,,,,,,g,,600.00,active
er16570r10y44jj,,,,,,,,,,,,,,,,,,,,,,,,,,,,,,,,https://raw.githubusercontent.com/rishs-afk/JoharProductReview/main/shopify_upload/matched_images/ER16570R10Y44JJ-1.jpg,2,Diamond Semi-Mount Rings,,,,,,,,,,,,,,,,,,
er16570r10y44jj,,,,,,,,,,,,,,,,,,,,,,,,,,,,,,,,https://raw.githubusercontent.com/rishs-afk/JoharProductReview/main/shopify_upload/matched_images/ER16570R10Y44JJ-3.jpg,3,Diamond Semi-Mount Rings,,,,,,,,,,,,,,,,,,
er16570r10y44jj,,,,,,,,,,,,,,,,,,,,,,,,,,,,,,,,https://raw.githubusercontent.com/rishs-afk/JoharProductReview/main/shopify_upload/matched_images/ER16570R10Y44JJ-2.jpg,4,Diamond Semi-Mount Rings,,,,,,,,,,,,,,,,,,
er16570r10y44jj,,,,,,,,,,,,,,,,,,,,,,,,,,,,,,,,https://raw.githubusercontent.com/rishs-afk/JoharProductReview/main/shopify_upload/matched_images/ER16570R10Y44JJ-5.jpg,5,Diamond Semi-Mount Rings,,,,,,,,,,,,,,,,,,
er16432r6y43jj,Diamond Semi-Mount Rings,14 Karat Yellow Gold Semi Mount<br>Diamond Carat Weight: 0.15CT<br>Center Stone Carat Weight: 1.5CT<br>S1924962 #190,Gabriel & Co,Apparel & Accessories > Jewelry > Rings > Engagement Rings,,"Category 140, Cushion, For Her, For Mom, Helios Migrated, Round, Semi Mount, Side Stone, Side Stones, Vintage, Wedding",true,Material,14 Karat Gold,,Stone Type,Natural Diamond,,Metal Color,Yellow Gold,,ER16432R6Y43JJ,0.0,shopify,0,deny,manual,1850.00,,true,true,,,,,,https://raw.githubusercontent.com/rishs-afk/JoharProductReview/main/shopify_upload/matched_images/ER16432R6Y43JJ-5.jpg,1,Diamond Semi-Mount Rings,false,Diamond Semi-Mount Rings,,622,Gabriel & Co.,,,,,,,,,,g,,524.00,active
er16432r6y43jj,,,,,,,,,,,,,,,,,,,,,,,,,,,,,,,,https://raw.githubusercontent.com/rishs-afk/JoharProductReview/main/shopify_upload/matched_images/ER16432R6Y43JJ-1.jpg,2,Diamond Semi-Mount Rings,,,,,,,,,,,,,,,,,,
er16432r6y43jj,,,,,,,,,,,,,,,,,,,,,,,,,,,,,,,,https://raw.githubusercontent.com/rishs-afk/JoharProductReview/main/shopify_upload/matched_images/ER16432R6Y43JJ-4.jpg,3,Diamond Semi-Mount Rings,,,,,,,,,,,,,,,,,,
er16432r6y43jj,,,,,,,,,,,,,,,,,,,,,,,,,,,,,,,,https://raw.githubusercontent.com/rishs-afk/JoharProductReview/main/shopify_upload/matched_images/ER16432R6Y43JJ-3.jpg,4,Diamond Semi-Mount Rings,,,,,,,,,,,,,,,,,,
er16432r6y43jj,,,,,,,,,,,,,,,,,,,,,,,,,,,,,,,,https://raw.githubusercontent.com/rishs-afk/JoharProductReview/main/shopify_upload/matched_images/ER16432R6Y43JJ-2.jpg,5,Diamond Semi-Mount Rings,,,,,,,,,,,,,,,,,,
er16432r6y43jj,,,,,,,,,,,,,,,,,,,,,,,,,,,,,,,,https://raw.githubusercontent.com/rishs-afk/JoharProductReview/main/shopify_upload/matched_images/ER16432R6Y43JJ-6.jpg,6,Diamond Semi-Mount Rings,,,,,,,,,,,,,,,,,,
er15618o6w4jjj,Diamond Semi-Mount Rings,East To West Semi Mount<br>14 Karat Yellow Gold<br>Diamond Total Carat Weight Center: 1.50<br>S19242966 #189,Gabriel & Co,Apparel & Accessories > Jewelry > Rings > Engagement Rings,,"Category 140, Contemporary, For Her, For Mom, Helios Migrated, Oval, Semi Mount, Solitaire, Wedding",true,Material,14 Karat Gold,,Metal Color,Yellow Gold,,,,,ER15618O6W4JJJ,0.0,shopify,0,deny,manual,1800.00,,true,true,,,,,,https://raw.githubusercontent.com/rishs-afk/JoharProductReview/main/shopify_upload/matched_images/ER15618O6W4JJJ-5.jpg,1,Diamond Semi-Mount Rings,false,Diamond Semi-Mount Rings,,622,Gabriel & Co.,,,,,,,,,,g,,421.00,active
er15618o6w4jjj,,,,,,,,,,,,,,,,,,,,,,,,,,,,,,,,https://raw.githubusercontent.com/rishs-afk/JoharProductReview/main/shopify_upload/matched_images/ER15618O6W4JJJ-1.jpg,2,Diamond Semi-Mount Rings,,,,,,,,,,,,,,,,,,
er15618o6w4jjj,,,,,,,,,,,,,,,,,,,,,,,,,,,,,,,,https://raw.githubusercontent.com/rishs-afk/JoharProductReview/main/shopify_upload/matched_images/ER15618O6W4JJJ-3.jpg,3,Diamond Semi-Mount Rings,,,,,,,,,,,,,,,,,,
er15618o6w4jjj,,,,,,,,,,,,,,,,,,,,,,,,,,,,,,,,https://raw.githubusercontent.com/rishs-afk/JoharProductReview/main/shopify_upload/matched_images/ER15618O6W4JJJ-2.jpg,4,Diamond Semi-Mount Rings,,,,,,,,,,,,,,,,,,
er15618o6w4jjj,,,,,,,,,,,,,,,,,,,,,,,,,,,,,,,,https://raw.githubusercontent.com/rishs-afk/JoharProductReview/main/shopify_upload/matched_images/ER15618O6W4JJJ-4.jpg,5,Diamond Semi-Mount Rings,,,,,,,,,,,,,,,,,,
er15618o6w4jjj,,,,,,,,,,,,,,,,,,,,,,,,,,,,,,,,https://raw.githubusercontent.com/rishs-afk/JoharProductReview/main/shopify_upload/matched_images/ER15618O6W4JJJ-6.jpg,6,Diamond Semi-Mount Rings,,,,,,,,,,,,,,,,,,
er16508o8w43jj,Diamond Semi-Mount Rings,14 Karat White Gold Three Stone Semi Mount<br>Diamond Carat Weight: 0.32CT<br>Center Stone Carat Weight: 2CT<br>S1924998 #188,Gabriel & Co,Apparel & Accessories > Jewelry > Rings > Engagement Rings,,"Category 140, For Her, For Mom, Helios Migrated, Oval, Semi Mount, Three Stone, Wedding",true,Material,14 Karat Gold,,Stone Type,Natural Diamond,,Metal Color,White Gold,,ER16508O8W43JJ,0.0,shopify,0,deny,manual,5100.00,,true,true,,,,,,https://raw.githubusercontent.com/rishs-afk/JoharProductReview/main/shopify_upload/matched_images/ER16508O8W43JJ-5.jpg,1,Diamond Semi-Mount Rings,false,Diamond Semi-Mount Rings,,622,Gabriel & Co.,,,,,,,,,,g,,1779.00,active
er16508o8w43jj,,,,,,,,,,,,,,,,,,,,,,,,,,,,,,,,https://raw.githubusercontent.com/rishs-afk/JoharProductReview/main/shopify_upload/matched_images/ER16508O8W43JJ-2.jpg,2,Diamond Semi-Mount Rings,,,,,,,,,,,,,,,,,,
er16508o8w43jj,,,,,,,,,,,,,,,,,,,,,,,,,,,,,,,,https://raw.githubusercontent.com/rishs-afk/JoharProductReview/main/shopify_upload/matched_images/ER16508O8W43JJ-3.jpg,3,Diamond Semi-Mount Rings,,,,,,,,,,,,,,,,,,
er16508o8w43jj,,,,,,,,,,,,,,,,,,,,,,,,,,,,,,,,https://raw.githubusercontent.com/rishs-afk/JoharProductReview/main/shopify_upload/matched_images/ER16508O8W43JJ-1.jpg,4,Diamond Semi-Mount Rings,,,,,,,,,,,,,,,,,,
er16508o8w43jj,,,,,,,,,,,,,,,,,,,,,,,,,,,,,,,,https://raw.githubusercontent.com/rishs-afk/JoharProductReview/main/shopify_upload/matched_images/ER16508O8W43JJ-4.jpg,5,Diamond Semi-Mount Rings,,,,,,,,,,,,,,,,,,
er16508o8w43jj,,,,,,,,,,,,,,,,,,,,,,,,,,,,,,,,https://raw.githubusercontent.com/rishs-afk/JoharProductReview/main/shopify_upload/matched_images/ER16508O8W43JJ-6.jpg,6,Diamond Semi-Mount Rings,,,,,,,,,,,,,,,,,,
er16530r6w44jj,Diamond Semi-Mount Rings,14 Karat White Gold Diamond Hidden Halo Semi Mount<br>Diamond Carat Weight: 0.16CT<br>Center Stone Carat Weight: 1.5CT<br>S1924986 #187,Gabriel & Co,Apparel & Accessories > Jewelry > Rings > Engagement Rings,,"Category 140, Cushion, For Her, For Mom, Helios Migrated, Round, Semi Mount, Side Stone, Side Stones, Vintage, Wedding",true,Material,14 Karat Gold,,Stone Type,Natural Diamond,,Metal Color,White Gold,,ER16530R6W44JJ,0.0,shopify,0,deny,manual,2000.00,,true,true,,,,,,https://raw.githubusercontent.com/rishs-afk/JoharProductReview/main/shopify_upload/matched_images/ER16530R6W44JJ-5.jpg,1,Diamond Semi-Mount Rings,false,Diamond Semi-Mount Rings,,622,Gabriel & Co.,,,,,,,,,,g,,528.00,active
er16530r6w44jj,,,,,,,,,,,,,,,,,,,,,,,,,,,,,,,,https://raw.githubusercontent.com/rishs-afk/JoharProductReview/main/shopify_upload/matched_images/ER16530R6W44JJ-1.jpg,2,Diamond Semi-Mount Rings,,,,,,,,,,,,,,,,,,
er16530r6w44jj,,,,,,,,,,,,,,,,,,,,,,,,,,,,,,,,https://raw.githubusercontent.com/rishs-afk/JoharProductReview/main/shopify_upload/matched_images/ER16530R6W44JJ-2.jpg,3,Diamond Semi-Mount Rings,,,,,,,,,,,,,,,,,,
er16530r6w44jj,,,,,,,,,,,,,,,,,,,,,,,,,,,,,,,,https://raw.githubusercontent.com/rishs-afk/JoharProductReview/main/shopify_upload/matched_images/ER16530R6W44JJ-4.jpg,4,Diamond Semi-Mount Rings,,,,,,,,,,,,,,,,,,
er16530r6w44jj,,,,,,,,,,,,,,,,,,,,,,,,,,,,,,,,https://raw.githubusercontent.com/rishs-afk/JoharProductReview/main/shopify_upload/matched_images/ER16530R6W44JJ-3.jpg,5,Diamond Semi-Mount Rings,,,,,,,,,,,,,,,,,,
er16530r6w44jj,,,,,,,,,,,,,,,,,,,,,,,,,,,,,,,,https://raw.githubusercontent.com/rishs-afk/JoharProductReview/main/shopify_upload/matched_images/ER16530R6W44JJ-6.jpg,6,Diamond Semi-Mount Rings,,,,,,,,,,,,,,,,,,
er16526e8y4jjj,Diamond Semi-Mount Rings,14 Karat Yellow Gold Bezel Set Semi Mount<br>Center Stone Carat Weiht: 2CT<br>Band Thickness 2mm<br>S1924961 #186,Gabriel & Co,Apparel & Accessories > Jewelry > Rings > Engagement Rings,,"Category 140, Contemporary, Emerald, For Her, For Mom, Helios Migrated, Radiant, Semi Mount, Solitaire, Vintage, Wedding",true,Material,14 Karat Gold,,Metal Color,Yellow Gold,,,,,ER16526E8Y4JJJ,0.0,shopify,0,deny,manual,1950.00,,true,true,,,,,,https://raw.githubusercontent.com/rishs-afk/JoharProductReview/main/shopify_upload/matched_images/ER16526E8Y4JJJ-5.jpg,1,Diamond Semi-Mount Rings,false,Diamond Semi-Mount Rings,,622,Gabriel & Co.,,,,,,,,,,g,,395.00,active
er16526e8y4jjj,,,,,,,,,,,,,,,,,,,,,,,,,,,,,,,,https://raw.githubusercontent.com/rishs-afk/JoharProductReview/main/shopify_upload/matched_images/ER16526E8Y4JJJ-3.jpg,2,Diamond Semi-Mount Rings,,,,,,,,,,,,,,,,,,
er16526e8y4jjj,,,,,,,,,,,,,,,,,,,,,,,,,,,,,,,,https://raw.githubusercontent.com/rishs-afk/JoharProductReview/main/shopify_upload/matched_images/ER16526E8Y4JJJ-2.jpg,3,Diamond Semi-Mount Rings,,,,,,,,,,,,,,,,,,
er16526e8y4jjj,,,,,,,,,,,,,,,,,,,,,,,,,,,,,,,,https://raw.githubusercontent.com/rishs-afk/JoharProductReview/main/shopify_upload/matched_images/ER16526E8Y4JJJ-4.jpg,4,Diamond Semi-Mount Rings,,,,,,,,,,,,,,,,,,
er16526e8y4jjj,,,,,,,,,,,,,,,,,,,,,,,,,,,,,,,,https://raw.githubusercontent.com/rishs-afk/JoharProductReview/main/shopify_upload/matched_images/ER16526E8Y4JJJ-1.jpg,5,Diamond Semi-Mount Rings,,,,,,,,,,,,,,,,,,
er16526e8y4jjj,,,,,,,,,,,,,,,,,,,,,,,,,,,,,,,,https://raw.githubusercontent.com/rishs-afk/JoharProductReview/main/shopify_upload/matched_images/ER16526E8Y4JJJ-6.jpg,6,Diamond Semi-Mount Rings,,,,,,,,,,,,,,,,,,
er16528r8y44jj,Diamond Semi-Mount Rings,14 Karat Yellow Gold Three Stone Bezel Semi Mount<br>Diamond Carat Weight: 0.50CT<br>Center Stone Carat Weight: 2CT<br>S1924982 #178,Gabriel & Co,Apparel & Accessories > Jewelry > Rings > Engagement Rings,,"Category 140, Contemporary, For Her, For Mom, Helios Migrated, Round, Semi Mount, Three Stone, Vintage, Wedding",true,Material,14 Karat Gold,,Stone Type,Natural Diamond,,Metal Color,Yellow Gold,,ER16528R8Y44JJ,0.0,shopify,0,deny,manual,4199.00,,true,true,,,,,,https://raw.githubusercontent.com/rishs-afk/JoharProductReview/main/shopify_upload/matched_images/ER16528R8Y44JJ-5.jpg,1,Diamond Semi-Mount Rings,false,Diamond Semi-Mount Rings,,622,Gabriel & Co.,,,,,,,,,,g,,1285.00,active
er16528r8y44jj,,,,,,,,,,,,,,,,,,,,,,,,,,,,,,,,https://raw.githubusercontent.com/rishs-afk/JoharProductReview/main/shopify_upload/matched_images/ER16528R8Y44JJ-3.jpg,2,Diamond Semi-Mount Rings,,,,,,,,,,,,,,,,,,
er16528r8y44jj,,,,,,,,,,,,,,,,,,,,,,,,,,,,,,,,https://raw.githubusercontent.com/rishs-afk/JoharProductReview/main/shopify_upload/matched_images/ER16528R8Y44JJ-4.jpg,3,Diamond Semi-Mount Rings,,,,,,,,,,,,,,,,,,
er16528r8y44jj,,,,,,,,,,,,,,,,,,,,,,,,,,,,,,,,https://raw.githubusercontent.com/rishs-afk/JoharProductReview/main/shopify_upload/matched_images/ER16528R8Y44JJ-1.jpg,4,Diamond Semi-Mount Rings,,,,,,,,,,,,,,,,,,
er16528r8y44jj,,,,,,,,,,,,,,,,,,,,,,,,,,,,,,,,https://raw.githubusercontent.com/rishs-afk/JoharProductReview/main/shopify_upload/matched_images/ER16528R8Y44JJ-2.jpg,5,Diamond Semi-Mount Rings,,,,,,,,,,,,,,,,,,
er16528r8y44jj,,,,,,,,,,,,,,,,,,,,,,,,,,,,,,,,https://raw.githubusercontent.com/rishs-afk/JoharProductReview/main/shopify_upload/matched_images/ER16528R8Y44JJ-6.jpg,6,Diamond Semi-Mount Rings,,,,,,,,,,,,,,,,,,
er16512r8w44jj,Diamond Semi-Mount Rings,Diamond Hidden Halo Semi Mount<br>14 Karat White Gold<br>Diamond Total Carat Weight: 0.10<br>Center Stone Carat Weight: 2.00<br>S1924997 #177,Gabriel & Co,Apparel & Accessories > Jewelry > Rings > Engagement Rings,,"Category 140, Contemporary, For Her, For Mom, Halo, Helios Migrated, Round, Semi Mount, Solitaire, Wedding",true,Material,14 Karat Gold,,Stone Type,Natural Diamond,,Metal Color,White Gold,,ER16512R8W44JJ,0.0,shopify,0,deny,manual,1875.00,,true,true,,,,,,https://raw.githubusercontent.com/rishs-afk/JoharProductReview/main/shopify_upload/matched_images/ER16512R8W44JJ-5.jpg,1,Diamond Semi-Mount Rings,false,Diamond Semi-Mount Rings,,622,Gabriel & Co.,,,,,,,,,,g,,427.00,active
er16512r8w44jj,,,,,,,,,,,,,,,,,,,,,,,,,,,,,,,,https://raw.githubusercontent.com/rishs-afk/JoharProductReview/main/shopify_upload/matched_images/ER16512R8W44JJ-1.jpg,2,Diamond Semi-Mount Rings,,,,,,,,,,,,,,,,,,
er16512r8w44jj,,,,,,,,,,,,,,,,,,,,,,,,,,,,,,,,https://raw.githubusercontent.com/rishs-afk/JoharProductReview/main/shopify_upload/matched_images/ER16512R8W44JJ-3.jpg,3,Diamond Semi-Mount Rings,,,,,,,,,,,,,,,,,,
er16512r8w44jj,,,,,,,,,,,,,,,,,,,,,,,,,,,,,,,,https://raw.githubusercontent.com/rishs-afk/JoharProductReview/main/shopify_upload/matched_images/ER16512R8W44JJ-4.jpg,4,Diamond Semi-Mount Rings,,,,,,,,,,,,,,,,,,
er16512r8w44jj,,,,,,,,,,,,,,,,,,,,,,,,,,,,,,,,https://raw.githubusercontent.com/rishs-afk/JoharProductReview/main/shopify_upload/matched_images/ER16512R8W44JJ-2.jpg,5,Diamond Semi-Mount Rings,,,,,,,,,,,,,,,,,,
er16512r8w44jj,,,,,,,,,,,,,,,,,,,,,,,,,,,,,,,,https://raw.githubusercontent.com/rishs-afk/JoharProductReview/main/shopify_upload/matched_images/ER16512R8W44JJ-6.jpg,6,Diamond Semi-Mount Rings,,,,,,,,,,,,,,,,,,
er11832r8m4jjj,Diamond Semi-Mount Rings,14 Karat White Yellow Gold Semi Mount<br>Center Stone Carat Weight: 2CT<br>S1926905 #174,Gabriel & Co,Apparel & Accessories > Jewelry > Rings > Engagement Rings,,"Category 140, Contemporary, Cushion, For Her, For Mom, Helios Migrated, Princess, Round, Semi Mount, Solitaire, Wedding",true,Material,14 Karat Gold,,Metal Color,"Two-Tone, Yellow Gold",,,,,ER11832R8M4JJJ,0.0,shopify,0,deny,manual,1800.00,,true,true,,,,,,https://raw.githubusercontent.com/rishs-afk/JoharProductReview/main/shopify_upload/matched_images/ER11832R8M4JJJ-5.jpg,1,Diamond Semi-Mount Rings,false,Diamond Semi-Mount Rings,,622,Gabriel & Co.,,,,,,,,,,g,,422.00,active
er11832r8m4jjj,,,,,,,,,,,,,,,,,,,,,,,,,,,,,,,,https://raw.githubusercontent.com/rishs-afk/JoharProductReview/main/shopify_upload/matched_images/ER11832R8M4JJJ-1.jpg,2,Diamond Semi-Mount Rings,,,,,,,,,,,,,,,,,,
er11832r8m4jjj,,,,,,,,,,,,,,,,,,,,,,,,,,,,,,,,https://raw.githubusercontent.com/rishs-afk/JoharProductReview/main/shopify_upload/matched_images/ER11832R8M4JJJ-3.jpg,3,Diamond Semi-Mount Rings,,,,,,,,,,,,,,,,,,
er11832r8m4jjj,,,,,,,,,,,,,,,,,,,,,,,,,,,,,,,,https://raw.githubusercontent.com/rishs-afk/JoharProductReview/main/shopify_upload/matched_images/ER11832R8M4JJJ-2.jpg,4,Diamond Semi-Mount Rings,,,,,,,,,,,,,,,,,,
er11832r8m4jjj,,,,,,,,,,,,,,,,,,,,,,,,,,,,,,,,https://raw.githubusercontent.com/rishs-afk/JoharProductReview/main/shopify_upload/matched_images/ER11832R8M4JJJ-4.jpg,5,Diamond Semi-Mount Rings,,,,,,,,,,,,,,,,,,
er11832r8m4jjj,,,,,,,,,,,,,,,,,,,,,,,,,,,,,,,,https://raw.githubusercontent.com/rishs-afk/JoharProductReview/main/shopify_upload/matched_images/ER11832R8M4JJJ-6.jpg,6,Diamond Semi-Mount Rings,,,,,,,,,,,,,,,,,,
er14893r8w44jj,Diamond Semi-Mount Rings,14 Karat White Gold French Pave Semi Mount<br>Diamond Carat Weight: 1.03CT<br>Canter Stone Carat Weight: 2CT<br>S1926902 #173,Gabriel & Co,Apparel & Accessories > Jewelry > Rings > Engagement Rings,,"Category 140, Contemporary, For Her, For Mom, Helios Migrated, Round, Semi Mount, Side Stone, Side Stones, Wedding",true,Material,14 Karat Gold,,Stone Type,Natural Diamond,,Metal Color,White Gold,,ER14893R8W44JJ,0.0,shopify,0,deny,manual,5299.00,,true,true,,,,,,https://raw.githubusercontent.com/rishs-afk/JoharProductReview/main/shopify_upload/matched_images/ER14893R8W44JJ-5.jpg,1,Diamond Semi-Mount Rings,false,Diamond Semi-Mount Rings,,622,Gabriel & Co.,,,,,,,,,,g,,1806.00,active
er14893r8w44jj,,,,,,,,,,,,,,,,,,,,,,,,,,,,,,,,https://raw.githubusercontent.com/rishs-afk/JoharProductReview/main/shopify_upload/matched_images/ER14893R8W44JJ-1.jpg,2,Diamond Semi-Mount Rings,,,,,,,,,,,,,,,,,,
er14893r8w44jj,,,,,,,,,,,,,,,,,,,,,,,,,,,,,,,,https://raw.githubusercontent.com/rishs-afk/JoharProductReview/main/shopify_upload/matched_images/ER14893R8W44JJ-3.jpg,3,Diamond Semi-Mount Rings,,,,,,,,,,,,,,,,,,
er14893r8w44jj,,,,,,,,,,,,,,,,,,,,,,,,,,,,,,,,https://raw.githubusercontent.com/rishs-afk/JoharProductReview/main/shopify_upload/matched_images/ER14893R8W44JJ-2.jpg,4,Diamond Semi-Mount Rings,,,,,,,,,,,,,,,,,,
er14893r8w44jj,,,,,,,,,,,,,,,,,,,,,,,,,,,,,,,,https://raw.githubusercontent.com/rishs-afk/JoharProductReview/main/shopify_upload/matched_images/ER14893R8W44JJ-4.jpg,5,Diamond Semi-Mount Rings,,,,,,,,,,,,,,,,,,
er14893r8w44jj,,,,,,,,,,,,,,,,,,,,,,,,,,,,,,,,https://raw.githubusercontent.com/rishs-afk/JoharProductReview/main/shopify_upload/matched_images/ER14893R8W44JJ-6.jpg,6,Diamond Semi-Mount Rings,,,,,,,,,,,,,,,,,,
er16402r6w44jj,Diamond Semi-Mount Rings,14 Karat White Gold Three Stone Semi Mount<br>Diamond Carat Weight: 0.21CT<br>Center Stone Carat Weight: 1.5<br>S1925009 #172,Gabriel & Co,Apparel & Accessories > Jewelry > Rings > Engagement Rings,,"Category 140, Contemporary, For Her, For Mom, Helios Migrated, Round, Semi Mount, Three Stone, Wedding",true,Material,14 Karat Gold,,Stone Type,Natural Diamond,,Metal Color,White Gold,,ER16402R6W44JJ,0.0,shopify,0,deny,manual,2675.00,,true,true,,,,,,https://raw.githubusercontent.com/rishs-afk/JoharProductReview/main/shopify_upload/matched_images/ER16402R6W44JJ-5.jpg,1,Diamond Semi-Mount Rings,false,Diamond Semi-Mount Rings,,622,Gabriel & Co.,,,,,,,,,,g,,835.00,active
er16402r6w44jj,,,,,,,,,,,,,,,,,,,,,,,,,,,,,,,,https://raw.githubusercontent.com/rishs-afk/JoharProductReview/main/shopify_upload/matched_images/ER16402R6W44JJ-1.jpg,2,Diamond Semi-Mount Rings,,,,,,,,,,,,,,,,,,
er16402r6w44jj,,,,,,,,,,,,,,,,,,,,,,,,,,,,,,,,https://raw.githubusercontent.com/rishs-afk/JoharProductReview/main/shopify_upload/matched_images/ER16402R6W44JJ-2.jpg,3,Diamond Semi-Mount Rings,,,,,,,,,,,,,,,,,,
er16402r6w44jj,,,,,,,,,,,,,,,,,,,,,,,,,,,,,,,,https://raw.githubusercontent.com/rishs-afk/JoharProductReview/main/shopify_upload/matched_images/ER16402R6W44JJ-3.jpg,4,Diamond Semi-Mount Rings,,,,,,,,,,,,,,,,,,
er16402r6w44jj,,,,,,,,,,,,,,,,,,,,,,,,,,,,,,,,https://raw.githubusercontent.com/rishs-afk/JoharProductReview/main/shopify_upload/matched_images/ER16402R6W44JJ-4.jpg,5,Diamond Semi-Mount Rings,,,,,,,,,,,,,,,,,,
er16402r6w44jj,,,,,,,,,,,,,,,,,,,,,,,,,,,,,,,,https://raw.githubusercontent.com/rishs-afk/JoharProductReview/main/shopify_upload/matched_images/ER16402R6W44JJ-6.jpg,6,Diamond Semi-Mount Rings,,,,,,,,,,,,,,,,,,
er16567r12w44jj,Diamond Semi-Mount Rings,<p>14KWG 0.10CT SM 3CTC RD S1913874 #148</p>,Gabriel & Co,Apparel & Accessories > Jewelry > Rings > Engagement Rings,,"Category 140, Contemporary, For Her, For Mom, Halo, Helios Migrated, Round, Semi Mount, Solitaire, Wedding",true,Material,14 Karat Gold,,Stone Type,Natural Diamond,,Metal Color,White Gold,,ER16567R12W44JJ,0.0,shopify,0,deny,manual,2450.00,,true,true,,,,,,https://raw.githubusercontent.com/rishs-afk/JoharProductReview/main/shopify_upload/matched_images/ER16567R12W44JJ-4.jpg,1,Diamond Semi-Mount Rings,false,Diamond Semi-Mount Rings,,625,Gabriel & Co.,,,,,,,,,,g,,639.00,active
er16567r12w44jj,,,,,,,,,,,,,,,,,,,,,,,,,,,,,,,,https://raw.githubusercontent.com/rishs-afk/JoharProductReview/main/shopify_upload/matched_images/ER16567R12W44JJ-2.jpg,2,Diamond Semi-Mount Rings,,,,,,,,,,,,,,,,,,
er16567r12w44jj,,,,,,,,,,,,,,,,,,,,,,,,,,,,,,,,https://raw.githubusercontent.com/rishs-afk/JoharProductReview/main/shopify_upload/matched_images/ER16567R12W44JJ-3.jpg,3,Diamond Semi-Mount Rings,,,,,,,,,,,,,,,,,,
er16567r12w44jj,,,,,,,,,,,,,,,,,,,,,,,,,,,,,,,,https://raw.githubusercontent.com/rishs-afk/JoharProductReview/main/shopify_upload/matched_images/ER16567R12W44JJ-1.jpg,4,Diamond Semi-Mount Rings,,,,,,,,,,,,,,,,,,
er16565o8w44jj,Diamond Semi-Mount Rings,14 Karat White Gold Hidden Halo Semi Mount<br>Diamond Carat Weight: 0.11CT<br>Center Stone Carat Weight: 2CT<br>S1913865 #147,Gabriel & Co,Apparel & Accessories > Jewelry > Rings > Engagement Rings,,"Category 140, Contemporary, For Her, For Mom, Halo, Helios Migrated, Oval, Semi Mount, Solitaire, Wedding",true,Material,14 Karat Gold,,Stone Type,Natural Diamond,,Metal Color,White Gold,,ER16565O8W44JJ,0.0,shopify,0,deny,manual,2000.00,,true,true,,,,,,https://raw.githubusercontent.com/rishs-afk/JoharProductReview/main/shopify_upload/matched_images/ER16565O8W44JJ-4.jpg,1,Diamond Semi-Mount Rings,false,Diamond Semi-Mount Rings,,625,Gabriel & Co.,,,,,,,,,,g,,544.00,active
er16565o8w44jj,,,,,,,,,,,,,,,,,,,,,,,,,,,,,,,,https://raw.githubusercontent.com/rishs-afk/JoharProductReview/main/shopify_upload/matched_images/ER16565O8W44JJ-2.jpg,2,Diamond Semi-Mount Rings,,,,,,,,,,,,,,,,,,
er16565o8w44jj,,,,,,,,,,,,,,,,,,,,,,,,,,,,,,,,https://raw.githubusercontent.com/rishs-afk/JoharProductReview/main/shopify_upload/matched_images/ER16565O8W44JJ-3.jpg,3,Diamond Semi-Mount Rings,,,,,,,,,,,,,,,,,,
er16565o8w44jj,,,,,,,,,,,,,,,,,,,,,,,,,,,,,,,,https://raw.githubusercontent.com/rishs-afk/JoharProductReview/main/shopify_upload/matched_images/ER16565O8W44JJ-1.jpg,4,Diamond Semi-Mount Rings,,,,,,,,,,,,,,,,,,
er16565o10w44jj,Diamond Semi-Mount Rings,<p>14KWG 0.13CT SM 2.5CTC OV S1924991 #145</p>,Gabriel & Co,Apparel & Accessories > Jewelry > Rings > Engagement Rings,,"Category 140, Contemporary, For Her, For Mom, Halo, Helios Migrated, Oval, Semi Mount, Solitaire, Wedding",true,Material,14 Karat Gold,,Stone Type,Natural Diamond,,Metal Color,White Gold,,ER16565O10W44JJ,0.0,shopify,0,deny,manual,2125.00,,true,true,,,,,,https://raw.githubusercontent.com/rishs-afk/JoharProductReview/main/shopify_upload/matched_images/ER16565O10W44JJ-4.jpg,1,Diamond Semi-Mount Rings,false,Diamond Semi-Mount Rings,,625,Gabriel & Co.,,,,,,,,,,g,,586.00,active
er16565o10w44jj,,,,,,,,,,,,,,,,,,,,,,,,,,,,,,,,https://raw.githubusercontent.com/rishs-afk/JoharProductReview/main/shopify_upload/matched_images/ER16565O10W44JJ-2.jpg,2,Diamond Semi-Mount Rings,,,,,,,,,,,,,,,,,,
er16565o10w44jj,,,,,,,,,,,,,,,,,,,,,,,,,,,,,,,,https://raw.githubusercontent.com/rishs-afk/JoharProductReview/main/shopify_upload/matched_images/ER16565O10W44JJ-3.jpg,3,Diamond Semi-Mount Rings,,,,,,,,,,,,,,,,,,
er16565o10w44jj,,,,,,,,,,,,,,,,,,,,,,,,,,,,,,,,https://raw.githubusercontent.com/rishs-afk/JoharProductReview/main/shopify_upload/matched_images/ER16565O10W44JJ-1.jpg,4,Diamond Semi-Mount Rings,,,,,,,,,,,,,,,,,,
er16481e6w43jj,Diamond Semi-Mount Rings,East To West Emerald Cut Semi Mount<br>14 Karat White Gold<br>Diamond Total Carat Weight: 0.32<br>Center Stone Carat Weight: 1.50<br>S1924985 #143,Gabriel & Co,Apparel & Accessories > Jewelry > Rings > Engagement Rings,,"Category 140, Contemporary, Emerald, For Her, For Mom, Helios Migrated, Radiant, Semi Mount, Three Stone, Wedding",true,Material,14 Karat Gold,,Stone Type,Natural Diamond,,Metal Color,White Gold,,ER16481E6W43JJ,0.0,shopify,0,deny,manual,4500.00,,true,true,,,,,,https://raw.githubusercontent.com/rishs-afk/JoharProductReview/main/shopify_upload/matched_images/ER16481E6W43JJ-5.jpg,1,Diamond Semi-Mount Rings,false,Diamond Semi-Mount Rings,,625,Gabriel & Co.,,,,,,,,,,g,,1413.00,active
er16481e6w43jj,,,,,,,,,,,,,,,,,,,,,,,,,,,,,,,,https://raw.githubusercontent.com/rishs-afk/JoharProductReview/main/shopify_upload/matched_images/ER16481E6W43JJ-1.jpg,2,Diamond Semi-Mount Rings,,,,,,,,,,,,,,,,,,
er16481e6w43jj,,,,,,,,,,,,,,,,,,,,,,,,,,,,,,,,https://raw.githubusercontent.com/rishs-afk/JoharProductReview/main/shopify_upload/matched_images/ER16481E6W43JJ-3.jpg,3,Diamond Semi-Mount Rings,,,,,,,,,,,,,,,,,,
er16481e6w43jj,,,,,,,,,,,,,,,,,,,,,,,,,,,,,,,,https://raw.githubusercontent.com/rishs-afk/JoharProductReview/main/shopify_upload/matched_images/ER16481E6W43JJ-2.jpg,4,Diamond Semi-Mount Rings,,,,,,,,,,,,,,,,,,
er16481e6w43jj,,,,,,,,,,,,,,,,,,,,,,,,,,,,,,,,https://raw.githubusercontent.com/rishs-afk/JoharProductReview/main/shopify_upload/matched_images/ER16481E6W43JJ-4.jpg,5,Diamond Semi-Mount Rings,,,,,,,,,,,,,,,,,,
er16481e6w43jj,,,,,,,,,,,,,,,,,,,,,,,,,,,,,,,,https://raw.githubusercontent.com/rishs-afk/JoharProductReview/main/shopify_upload/matched_images/ER16481E6W43JJ-6.jpg,6,Diamond Semi-Mount Rings,,,,,,,,,,,,,,,,,,
er15972p8m44jj,Diamond Semi-Mount Rings,Diamond Hidden Halo Semi Mount<br>14 Karat Yellow Gold<br>Diamond Total Carat Weight: 0.05<br>S1925055 #141,Gabriel & Co,Apparel & Accessories > Jewelry > Rings > Engagement Rings,,"Category 140, Contemporary, For Her, For Mom, Helios Migrated, Pear, Semi Mount, Solitaire, Wedding",true,Material,14 Karat Gold,,Stone Type,Natural Diamond,,Metal Color,Yellow Gold,,ER15972P8M44JJ,0.0,shopify,0,deny,manual,1925.00,,true,true,,,,,,https://raw.githubusercontent.com/rishs-afk/JoharProductReview/main/shopify_upload/matched_images/ER15972P8M44JJ-5.jpg,1,Diamond Semi-Mount Rings,false,Diamond Semi-Mount Rings,,625,Gabriel & Co.,,,,,,,,,,g,,506.00,active
er15972p8m44jj,,,,,,,,,,,,,,,,,,,,,,,,,,,,,,,,https://raw.githubusercontent.com/rishs-afk/JoharProductReview/main/shopify_upload/matched_images/ER15972P8M44JJ-1.jpg,2,Diamond Semi-Mount Rings,,,,,,,,,,,,,,,,,,
er15972p8m44jj,,,,,,,,,,,,,,,,,,,,,,,,,,,,,,,,https://raw.githubusercontent.com/rishs-afk/JoharProductReview/main/shopify_upload/matched_images/ER15972P8M44JJ-4.jpg,3,Diamond Semi-Mount Rings,,,,,,,,,,,,,,,,,,
er15972p8m44jj,,,,,,,,,,,,,,,,,,,,,,,,,,,,,,,,https://raw.githubusercontent.com/rishs-afk/JoharProductReview/main/shopify_upload/matched_images/ER15972P8M44JJ-2.jpg,4,Diamond Semi-Mount Rings,,,,,,,,,,,,,,,,,,
er15972p8m44jj,,,,,,,,,,,,,,,,,,,,,,,,,,,,,,,,https://raw.githubusercontent.com/rishs-afk/JoharProductReview/main/shopify_upload/matched_images/ER15972P8M44JJ-3.jpg,5,Diamond Semi-Mount Rings,,,,,,,,,,,,,,,,,,
er15972p8m44jj,,,,,,,,,,,,,,,,,,,,,,,,,,,,,,,,https://raw.githubusercontent.com/rishs-afk/JoharProductReview/main/shopify_upload/matched_images/ER15972P8M44JJ-6.jpg,6,Diamond Semi-Mount Rings,,,,,,,,,,,,,,,,,,
er16569r8y4jjj,Diamond Semi-Mount Rings,14 Karat Yellow Gold Semi Mount<br>Center Stone Carat Weight: 2.00<br>S1920774 #133,Gabriel & Co,Apparel & Accessories > Jewelry > Rings > Engagement Rings,,"Category 140, Contemporary, Cushion, For Her, For Mom, Helios Migrated, Princess, Round, Semi Mount, Solitaire, Wedding",true,Material,14 Karat Gold,,Stone Type,Natural Diamond,,Metal Color,Yellow Gold,,ER16569R8Y4JJJ,0.0,shopify,0,deny,manual,1600.00,,true,true,,,,,,https://raw.githubusercontent.com/rishs-afk/JoharProductReview/main/shopify_upload/matched_images/ER16569R8Y4JJJ-4.jpg,1,Diamond Semi-Mount Rings,false,Diamond Semi-Mount Rings,,626,Gabriel & Co.,,,,,,,,,,g,,395.00,active
er16569r8y4jjj,,,,,,,,,,,,,,,,,,,,,,,,,,,,,,,,https://raw.githubusercontent.com/rishs-afk/JoharProductReview/main/shopify_upload/matched_images/ER16569R8Y4JJJ-1.jpg,2,Diamond Semi-Mount Rings,,,,,,,,,,,,,,,,,,
er16569r8y4jjj,,,,,,,,,,,,,,,,,,,,,,,,,,,,,,,,https://raw.githubusercontent.com/rishs-afk/JoharProductReview/main/shopify_upload/matched_images/ER16569R8Y4JJJ-3.jpg,3,Diamond Semi-Mount Rings,,,,,,,,,,,,,,,,,,
er16569r8y4jjj,,,,,,,,,,,,,,,,,,,,,,,,,,,,,,,,https://raw.githubusercontent.com/rishs-afk/JoharProductReview/main/shopify_upload/matched_images/ER16569R8Y4JJJ-2.jpg,4,Diamond Semi-Mount Rings,,,,,,,,,,,,,,,,,,
er16569r8y4jjj,,,,,,,,,,,,,,,,,,,,,,,,,,,,,,,,https://raw.githubusercontent.com/rishs-afk/JoharProductReview/main/shopify_upload/matched_images/ER16569R8Y4JJJ-5.jpg,5,Diamond Semi-Mount Rings,,,,,,,,,,,,,,,,,,
er16483e6w4jjj,Diamond Semi-Mount Rings,East To West Semi Mount<br>Center Stone Carat Weight: 1.50<br>S1925011 #132,Gabriel & Co,Apparel & Accessories > Jewelry > Rings > Engagement Rings,,"Category 140, Contemporary, Emerald, For Her, For Mom, Helios Migrated, Radiant, Semi Mount, Solitaire, Wedding",true,Material,Unknown,,Stone Type,Natural Diamond,,Metal Color,Unknown,,ER16483E6W4JJJ,0.0,shopify,0,deny,manual,1625.00,,true,true,,,,,,https://raw.githubusercontent.com/rishs-afk/JoharProductReview/main/shopify_upload/matched_images/ER16483E6W4JJJ-5.jpg,1,Diamond Semi-Mount Rings,false,Diamond Semi-Mount Rings,,626,Gabriel & Co.,,,,,,,,,,g,,390.00,active
er16483e6w4jjj,,,,,,,,,,,,,,,,,,,,,,,,,,,,,,,,https://raw.githubusercontent.com/rishs-afk/JoharProductReview/main/shopify_upload/matched_images/ER16483E6W4JJJ-2.jpg,2,Diamond Semi-Mount Rings,,,,,,,,,,,,,,,,,,
er16483e6w4jjj,,,,,,,,,,,,,,,,,,,,,,,,,,,,,,,,https://raw.githubusercontent.com/rishs-afk/JoharProductReview/main/shopify_upload/matched_images/ER16483E6W4JJJ-1.jpg,3,Diamond Semi-Mount Rings,,,,,,,,,,,,,,,,,,
er16483e6w4jjj,,,,,,,,,,,,,,,,,,,,,,,,,,,,,,,,https://raw.githubusercontent.com/rishs-afk/JoharProductReview/main/shopify_upload/matched_images/ER16483E6W4JJJ-3.jpg,4,Diamond Semi-Mount Rings,,,,,,,,,,,,,,,,,,
er16483e6w4jjj,,,,,,,,,,,,,,,,,,,,,,,,,,,,,,,,https://raw.githubusercontent.com/rishs-afk/JoharProductReview/main/shopify_upload/matched_images/ER16483E6W4JJJ-4.jpg,5,Diamond Semi-Mount Rings,,,,,,,,,,,,,,,,,,
er16483e6w4jjj,,,,,,,,,,,,,,,,,,,,,,,,,,,,,,,,https://raw.githubusercontent.com/rishs-afk/JoharProductReview/main/shopify_upload/matched_images/ER16483E6W4JJJ-6.jpg,6,Diamond Semi-Mount Rings,,,,,,,,,,,,,,,,,,
er16569o10w4jjj,Diamond Semi-Mount Rings,14 Karat White Gold Semi Mount<br>Band Thickness 1.7mm<br>Center Stone Carat Weight: 2.5CT<br>S1924988 #131,Gabriel & Co,Apparel & Accessories > Jewelry > Rings > Engagement Rings,,"Category 140, Contemporary, For Her, For Mom, Helios Migrated, Oval, Semi Mount, Solitaire, Wedding",true,Material,14 Karat Gold,,Stone Type,Natural Diamond,,Metal Color,White Gold,,ER16569O10W4JJJ,0.0,shopify,0,deny,manual,1675.00,,true,true,,,,,,https://raw.githubusercontent.com/rishs-afk/JoharProductReview/main/shopify_upload/matched_images/ER16569O10W4JJJ-4.jpg,1,Diamond Semi-Mount Rings,false,Diamond Semi-Mount Rings,,626,Gabriel & Co.,,,,,,,,,,g,,420.00,active
er16569o10w4jjj,,,,,,,,,,,,,,,,,,,,,,,,,,,,,,,,https://raw.githubusercontent.com/rishs-afk/JoharProductReview/main/shopify_upload/matched_images/ER16569O10W4JJJ-2.jpg,2,Diamond Semi-Mount Rings,,,,,,,,,,,,,,,,,,
er16569o10w4jjj,,,,,,,,,,,,,,,,,,,,,,,,,,,,,,,,https://raw.githubusercontent.com/rishs-afk/JoharProductReview/main/shopify_upload/matched_images/ER16569O10W4JJJ-3.jpg,3,Diamond Semi-Mount Rings,,,,,,,,,,,,,,,,,,
er16569o10w4jjj,,,,,,,,,,,,,,,,,,,,,,,,,,,,,,,,https://raw.githubusercontent.com/rishs-afk/JoharProductReview/main/shopify_upload/matched_images/ER16569O10W4JJJ-1.jpg,4,Diamond Semi-Mount Rings,,,,,,,,,,,,,,,,,,
er16570o10w44jj,Diamond Semi-Mount Rings,Diamond French Pave Semi Mount<br>14 Karat White Gold<br>Diamond Total Carat Weight: 0.20<br>Center Stone Carat Weight: 2.00<br>S1924992 #124,Gabriel & Co,Apparel & Accessories > Jewelry > Rings > Engagement Rings,,"Category 140, Contemporary, For Her, For Mom, Halo, Helios Migrated, Oval, Semi Mount, Side Stone, Side Stones, Wedding",true,Material,14 Karat Gold,,Stone Type,Natural Diamond,,Metal Color,White Gold,,ER16570O10W44JJ,0.0,shopify,0,deny,manual,2075.00,,true,true,,,,,,https://raw.githubusercontent.com/rishs-afk/JoharProductReview/main/shopify_upload/matched_images/ER16570O10W44JJ-4.jpg,1,Diamond Semi-Mount Rings,false,Diamond Semi-Mount Rings,,626,Gabriel & Co.,,,,,,,,,,g,,600.00,active
er16570o10w44jj,,,,,,,,,,,,,,,,,,,,,,,,,,,,,,,,https://raw.githubusercontent.com/rishs-afk/JoharProductReview/main/shopify_upload/matched_images/ER16570O10W44JJ-2.jpg,2,Diamond Semi-Mount Rings,,,,,,,,,,,,,,,,,,
er16570o10w44jj,,,,,,,,,,,,,,,,,,,,,,,,,,,,,,,,https://raw.githubusercontent.com/rishs-afk/JoharProductReview/main/shopify_upload/matched_images/ER16570O10W44JJ-3.jpg,3,Diamond Semi-Mount Rings,,,,,,,,,,,,,,,,,,
er16570o10w44jj,,,,,,,,,,,,,,,,,,,,,,,,,,,,,,,,https://raw.githubusercontent.com/rishs-afk/JoharProductReview/main/shopify_upload/matched_images/ER16570O10W44JJ-1.jpg,4,Diamond Semi-Mount Rings,,,,,,,,,,,,,,,,,,
er14719o6y44jj,Diamond Semi-Mount Rings,<p>14KYG 0.30CT SM S1925015 #122</p>,Gabriel & Co,Apparel & Accessories > Jewelry > Rings > Engagement Rings,,"Category 140, Contemporary, For Her, For Mom, Halo, Helios Migrated, Oval, Semi Mount, Side Stone, Side Stones, Wedding",true,Material,14 Karat Gold,,Stone Type,Natural Diamond,,Metal Color,Yellow Gold,,ER14719O6Y44JJ,0.0,shopify,0,deny,manual,2600.00,,true,true,,,,,,https://raw.githubusercontent.com/rishs-afk/JoharProductReview/main/shopify_upload/matched_images/ER14719O6Y44JJ-5.jpg,1,Diamond Semi-Mount Rings,false,Diamond Semi-Mount Rings,,626,Gabriel & Co.,,,,,,,,,,g,,791.00,active
er14719o6y44jj,,,,,,,,,,,,,,,,,,,,,,,,,,,,,,,,https://raw.githubusercontent.com/rishs-afk/JoharProductReview/main/shopify_upload/matched_images/ER14719O6Y44JJ-1.jpg,2,Diamond Semi-Mount Rings,,,,,,,,,,,,,,,,,,
er14719o6y44jj,,,,,,,,,,,,,,,,,,,,,,,,,,,,,,,,https://raw.githubusercontent.com/rishs-afk/JoharProductReview/main/shopify_upload/matched_images/ER14719O6Y44JJ-3.jpg,3,Diamond Semi-Mount Rings,,,,,,,,,,,,,,,,,,
er14719o6y44jj,,,,,,,,,,,,,,,,,,,,,,,,,,,,,,,,https://raw.githubusercontent.com/rishs-afk/JoharProductReview/main/shopify_upload/matched_images/ER14719O6Y44JJ-4.jpg,4,Diamond Semi-Mount Rings,,,,,,,,,,,,,,,,,,
er14719o6y44jj,,,,,,,,,,,,,,,,,,,,,,,,,,,,,,,,https://raw.githubusercontent.com/rishs-afk/JoharProductReview/main/shopify_upload/matched_images/ER14719O6Y44JJ-2.jpg,5,Diamond Semi-Mount Rings,,,,,,,,,,,,,,,,,,
er14719o6y44jj,,,,,,,,,,,,,,,,,,,,,,,,,,,,,,,,https://raw.githubusercontent.com/rishs-afk/JoharProductReview/main/shopify_upload/matched_images/ER14719O6Y44JJ-6.jpg,6,Diamond Semi-Mount Rings,,,,,,,,,,,,,,,,,,
er16566o10w44jj,Diamond Semi-Mount Rings,14 Karat White Gold French Pave Semi Mount<br>Diamond Carat Weight: 0.30CT<br>Center Stone Carat Weight: 2.5CT<br>S1924995 #112,Gabriel & Co,Apparel & Accessories > Jewelry > Rings > Engagement Rings,,"Category 140, Contemporary, For Her, For Mom, Halo, Helios Migrated, Oval, Semi Mount, Side Stone, Side Stones, Wedding",true,Material,14 Karat Gold,,Stone Type,Natural Diamond,,Metal Color,White Gold,,ER16566O10W44JJ,0.0,shopify,0,deny,manual,2700.00,,true,true,,,,,,https://raw.githubusercontent.com/rishs-afk/JoharProductReview/main/shopify_upload/matched_images/ER16566O10W44JJ-4.jpg,1,Diamond Semi-Mount Rings,false,Diamond Semi-Mount Rings,,626,Gabriel & Co.,,,,,,,,,,g,,830.00,active
er16566o10w44jj,,,,,,,,,,,,,,,,,,,,,,,,,,,,,,,,https://raw.githubusercontent.com/rishs-afk/JoharProductReview/main/shopify_upload/matched_images/ER16566O10W44JJ-2.jpg,2,Diamond Semi-Mount Rings,,,,,,,,,,,,,,,,,,
er16566o10w44jj,,,,,,,,,,,,,,,,,,,,,,,,,,,,,,,,https://raw.githubusercontent.com/rishs-afk/JoharProductReview/main/shopify_upload/matched_images/ER16566O10W44JJ-3.jpg,3,Diamond Semi-Mount Rings,,,,,,,,,,,,,,,,,,
er16566o10w44jj,,,,,,,,,,,,,,,,,,,,,,,,,,,,,,,,https://raw.githubusercontent.com/rishs-afk/JoharProductReview/main/shopify_upload/matched_images/ER16566O10W44JJ-1.jpg,4,Diamond Semi-Mount Rings,,,,,,,,,,,,,,,,,,
er16498r6w44jj,Diamond Semi-Mount Rings,14 Karat White Gold Marquise Semi Mount<br>Diamond Carat Weight: 0.50CT<br>Center Stone Carat Weight: 1.5CT<br>S1924964 #104,Gabriel & Co,Apparel & Accessories > Jewelry > Rings > Engagement Rings,,"Category 140, For Her, For Mom, Helios Migrated, Round, Semi Mount, Side Stone, Side Stones, Vintage, Wedding",true,Material,14 Karat Gold,,Stone Type,Natural Diamond,,Metal Color,White Gold,,ER16498R6W44JJ,0.0,shopify,0,deny,manual,3550.00,,true,true,,,,,,https://raw.githubusercontent.com/rishs-afk/JoharProductReview/main/shopify_upload/matched_images/ER16498R6W44JJ-5.jpg,1,Diamond Semi-Mount Rings,false,Diamond Semi-Mount Rings,,626,Gabriel & Co.,,,,,,,,,,g,,1194.00,active
er16498r6w44jj,,,,,,,,,,,,,,,,,,,,,,,,,,,,,,,,https://raw.githubusercontent.com/rishs-afk/JoharProductReview/main/shopify_upload/matched_images/ER16498R6W44JJ-1.jpg,2,Diamond Semi-Mount Rings,,,,,,,,,,,,,,,,,,
er16498r6w44jj,,,,,,,,,,,,,,,,,,,,,,,,,,,,,,,,https://raw.githubusercontent.com/rishs-afk/JoharProductReview/main/shopify_upload/matched_images/ER16498R6W44JJ-3.jpg,3,Diamond Semi-Mount Rings,,,,,,,,,,,,,,,,,,
er16498r6w44jj,,,,,,,,,,,,,,,,,,,,,,,,,,,,,,,,https://raw.githubusercontent.com/rishs-afk/JoharProductReview/main/shopify_upload/matched_images/ER16498R6W44JJ-2.jpg,4,Diamond Semi-Mount Rings,,,,,,,,,,,,,,,,,,
er16498r6w44jj,,,,,,,,,,,,,,,,,,,,,,,,,,,,,,,,https://raw.githubusercontent.com/rishs-afk/JoharProductReview/main/shopify_upload/matched_images/ER16498R6W44JJ-4.jpg,5,Diamond Semi-Mount Rings,,,,,,,,,,,,,,,,,,
er16498r6w44jj,,,,,,,,,,,,,,,,,,,,,,,,,,,,,,,,https://raw.githubusercontent.com/rishs-afk/JoharProductReview/main/shopify_upload/matched_images/ER16498R6W44JJ-6.jpg,6,Diamond Semi-Mount Rings,,,,,,,,,,,,,,,,,,
er14982m6y4jjj,Diamond Semi-Mount Rings,Marquise Semi Mount<br>14 Karat Yellow Gold<br>Center Stone Carat Weight: 1.50<br>S1925021 #103,Gabriel & Co,Apparel & Accessories > Jewelry > Rings > Engagement Rings,,"Category 140, Contemporary, For Her, For Mom, Helios Migrated, Marquise, Semi Mount, Solitaire, Wedding",true,Material,14 Karat Gold,,Metal Color,Yellow Gold,,,,,ER14982M6Y4JJJ,0.0,shopify,0,deny,manual,1325.00,,true,true,,,,,,https://raw.githubusercontent.com/rishs-afk/JoharProductReview/main/shopify_upload/matched_images/ER14982M6Y4JJJ-5.jpg,1,Diamond Semi-Mount Rings,false,Diamond Semi-Mount Rings,,626,Gabriel & Co.,,,,,,,,,,g,,323.00,active
er14982m6y4jjj,,,,,,,,,,,,,,,,,,,,,,,,,,,,,,,,https://raw.githubusercontent.com/rishs-afk/JoharProductReview/main/shopify_upload/matched_images/ER14982M6Y4JJJ-1.jpg,2,Diamond Semi-Mount Rings,,,,,,,,,,,,,,,,,,
er14982m6y4jjj,,,,,,,,,,,,,,,,,,,,,,,,,,,,,,,,https://raw.githubusercontent.com/rishs-afk/JoharProductReview/main/shopify_upload/matched_images/ER14982M6Y4JJJ-2.jpg,3,Diamond Semi-Mount Rings,,,,,,,,,,,,,,,,,,
er14982m6y4jjj,,,,,,,,,,,,,,,,,,,,,,,,,,,,,,,,https://raw.githubusercontent.com/rishs-afk/JoharProductReview/main/shopify_upload/matched_images/ER14982M6Y4JJJ-3.jpg,4,Diamond Semi-Mount Rings,,,,,,,,,,,,,,,,,,
er14982m6y4jjj,,,,,,,,,,,,,,,,,,,,,,,,,,,,,,,,https://raw.githubusercontent.com/rishs-afk/JoharProductReview/main/shopify_upload/matched_images/ER14982M6Y4JJJ-4.jpg,5,Diamond Semi-Mount Rings,,,,,,,,,,,,,,,,,,
er6872p8y44jj,Diamond Semi-Mount Rings,14 Karat Yellow Gold French Pave Halo Semi Mount<br>Diamond Carat Weight: 0.71CT<br>Center Stone Carat Weight: 2CT<br>S1925023 #102,Gabriel & Co,Apparel & Accessories > Jewelry > Rings > Engagement Rings,,"Category 140, Contemporary, For Her, For Mom, Halo, Helios Migrated, Pear, Semi Mount, Side Stone, Side Stones, Wedding",true,Material,14 Karat Gold,,Stone Type,Natural Diamond,,Metal Color,Yellow Gold,,ER6872P8Y44JJ,0.0,shopify,0,deny,manual,4250.00,,true,true,,,,,,https://raw.githubusercontent.com/rishs-afk/JoharProductReview/main/shopify_upload/matched_images/ER6872P8Y44JJ-5.jpg,1,Diamond Semi-Mount Rings,false,Diamond Semi-Mount Rings,,626,Gabriel & Co.,,,,,,,,,,g,,1369.00,active
er6872p8y44jj,,,,,,,,,,,,,,,,,,,,,,,,,,,,,,,,https://raw.githubusercontent.com/rishs-afk/JoharProductReview/main/shopify_upload/matched_images/ER6872P8Y44JJ-1.jpg,2,Diamond Semi-Mount Rings,,,,,,,,,,,,,,,,,,
er6872p8y44jj,,,,,,,,,,,,,,,,,,,,,,,,,,,,,,,,https://raw.githubusercontent.com/rishs-afk/JoharProductReview/main/shopify_upload/matched_images/ER6872P8Y44JJ-3.jpg,3,Diamond Semi-Mount Rings,,,,,,,,,,,,,,,,,,
er6872p8y44jj,,,,,,,,,,,,,,,,,,,,,,,,,,,,,,,,https://raw.githubusercontent.com/rishs-afk/JoharProductReview/main/shopify_upload/matched_images/ER6872P8Y44JJ-4.jpg,4,Diamond Semi-Mount Rings,,,,,,,,,,,,,,,,,,
er6872p8y44jj,,,,,,,,,,,,,,,,,,,,,,,,,,,,,,,,https://raw.githubusercontent.com/rishs-afk/JoharProductReview/main/shopify_upload/matched_images/ER6872P8Y44JJ-2.jpg,5,Diamond Semi-Mount Rings,,,,,,,,,,,,,,,,,,
er6872p8y44jj,,,,,,,,,,,,,,,,,,,,,,,,,,,,,,,,https://raw.githubusercontent.com/rishs-afk/JoharProductReview/main/shopify_upload/matched_images/ER6872P8Y44JJ-6.jpg,6,Diamond Semi-Mount Rings,,,,,,,,,,,,,,,,,,
er16572r12y44jj,Diamond Semi-Mount Rings,14 Karat Yellow Gold French Pave Semi Mount<br>Diamond Carat Weight: 0.34ct<br>Center Stone Carat Weight: 3.00ct<br>S1920781 #100,Gabriel & Co,Apparel & Accessories > Jewelry > Rings > Engagement Rings,,"Category 140, Contemporary, For Her, For Mom, Halo, Helios Migrated, Round, Semi Mount, Side Stone, Side Stones, Wedding",true,Material,14 Karat Gold,,Stone Type,Natural Diamond,,Metal Color,Yellow Gold,,ER16572R12Y44JJ,0.0,shopify,0,deny,manual,2850.00,,true,true,,,,,,https://raw.githubusercontent.com/rishs-afk/JoharProductReview/main/shopify_upload/matched_images/ER16572R12Y44JJ-4.jpg,1,Diamond Semi-Mount Rings,false,Diamond Semi-Mount Rings,,628,Gabriel & Co.,,,,,,,,,,g,,815.00,active
er16572r12y44jj,,,,,,,,,,,,,,,,,,,,,,,,,,,,,,,,https://raw.githubusercontent.com/rishs-afk/JoharProductReview/main/shopify_upload/matched_images/ER16572R12Y44JJ-1.jpg,2,Diamond Semi-Mount Rings,,,,,,,,,,,,,,,,,,
er16572r12y44jj,,,,,,,,,,,,,,,,,,,,,,,,,,,,,,,,https://raw.githubusercontent.com/rishs-afk/JoharProductReview/main/shopify_upload/matched_images/ER16572R12Y44JJ-2.jpg,3,Diamond Semi-Mount Rings,,,,,,,,,,,,,,,,,,
er16572r12y44jj,,,,,,,,,,,,,,,,,,,,,,,,,,,,,,,,https://raw.githubusercontent.com/rishs-afk/JoharProductReview/main/shopify_upload/matched_images/ER16572R12Y44JJ-3.jpg,4,Diamond Semi-Mount Rings,,,,,,,,,,,,,,,,,,
er16572r12y44jj,,,,,,,,,,,,,,,,,,,,,,,,,,,,,,,,https://raw.githubusercontent.com/rishs-afk/JoharProductReview/main/shopify_upload/matched_images/ER16572R12Y44JJ-5.jpg,5,Diamond Semi-Mount Rings,,,,,,,,,,,,,,,,,,
er16570r8y44jj,Diamond Semi-Mount Rings,<p>14KYG 0.19CT SM 2CTC RD S1920778 #99</p>,Gabriel & Co,Apparel & Accessories > Jewelry > Rings > Engagement Rings,,"Category 140, Contemporary, For Her, For Mom, Halo, Helios Migrated, Round, Semi Mount, Side Stone, Side Stones, Wedding",true,Material,14 Karat Gold,,Stone Type,Natural Diamond,,Metal Color,Yellow Gold,,ER16570R8Y44JJ,0.0,shopify,0,deny,manual,2050.00,,true,true,,,,,,https://raw.githubusercontent.com/rishs-afk/JoharProductReview/main/shopify_upload/matched_images/ER16570R8Y44JJ-4.jpg,1,Diamond Semi-Mount Rings,false,Diamond Semi-Mount Rings,,628,Gabriel & Co.,,,,,,,,,,g,,590.00,active
er16570r8y44jj,,,,,,,,,,,,,,,,,,,,,,,,,,,,,,,,https://raw.githubusercontent.com/rishs-afk/JoharProductReview/main/shopify_upload/matched_images/ER16570R8Y44JJ-1.jpg,2,Diamond Semi-Mount Rings,,,,,,,,,,,,,,,,,,
er16570r8y44jj,,,,,,,,,,,,,,,,,,,,,,,,,,,,,,,,https://raw.githubusercontent.com/rishs-afk/JoharProductReview/main/shopify_upload/matched_images/ER16570R8Y44JJ-3.jpg,3,Diamond Semi-Mount Rings,,,,,,,,,,,,,,,,,,
er16570r8y44jj,,,,,,,,,,,,,,,,,,,,,,,,,,,,,,,,https://raw.githubusercontent.com/rishs-afk/JoharProductReview/main/shopify_upload/matched_images/ER16570R8Y44JJ-2.jpg,4,Diamond Semi-Mount Rings,,,,,,,,,,,,,,,,,,
er16570r8y44jj,,,,,,,,,,,,,,,,,,,,,,,,,,,,,,,,https://raw.githubusercontent.com/rishs-afk/JoharProductReview/main/shopify_upload/matched_images/ER16570R8Y44JJ-5.jpg,5,Diamond Semi-Mount Rings,,,,,,,,,,,,,,,,,,
er16571e12w4jjj,Diamond Semi-Mount Rings,<p>14KWG SM EM 3CTC S1913894 #58</p>,Gabriel & Co,Apparel & Accessories > Jewelry > Rings > Engagement Rings,,"Category 140, Contemporary, Emerald, For Her, For Mom, Helios Migrated, Radiant, Semi Mount, Solitaire, Wedding",true,Material,14 Karat Gold,,Metal Color,White Gold,,,,,ER16571E12W4JJJ,0.0,shopify,0,deny,manual,2075.00,,true,true,,,,,,https://raw.githubusercontent.com/rishs-afk/JoharProductReview/main/shopify_upload/matched_images/ER16571E12W4JJJ-5.jpg,1,Diamond Semi-Mount Rings,false,Diamond Semi-Mount Rings,,629,Gabriel & Co.,,,,,,,,,,g,,470.00,active
er16571e12w4jjj,,,,,,,,,,,,,,,,,,,,,,,,,,,,,,,,https://raw.githubusercontent.com/rishs-afk/JoharProductReview/main/shopify_upload/matched_images/ER16571E12W4JJJ-2.jpg,2,Diamond Semi-Mount Rings,,,,,,,,,,,,,,,,,,
er16571e12w4jjj,,,,,,,,,,,,,,,,,,,,,,,,,,,,,,,,https://raw.githubusercontent.com/rishs-afk/JoharProductReview/main/shopify_upload/matched_images/ER16571E12W4JJJ-3.jpg,3,Diamond Semi-Mount Rings,,,,,,,,,,,,,,,,,,
er16571e12w4jjj,,,,,,,,,,,,,,,,,,,,,,,,,,,,,,,,https://raw.githubusercontent.com/rishs-afk/JoharProductReview/main/shopify_upload/matched_images/ER16571E12W4JJJ-1.jpg,4,Diamond Semi-Mount Rings,,,,,,,,,,,,,,,,,,
er16571e12w4jjj,,,,,,,,,,,,,,,,,,,,,,,,,,,,,,,,https://raw.githubusercontent.com/rishs-afk/JoharProductReview/main/shopify_upload/matched_images/ER16571E12W4JJJ-4.jpg,5,Diamond Semi-Mount Rings,,,,,,,,,,,,,,,,,,
er16571e12w4jjj,,,,,,,,,,,,,,,,,,,,,,,,,,,,,,,,https://raw.githubusercontent.com/rishs-afk/JoharProductReview/main/shopify_upload/matched_images/ER16571E12W4JJJ-6.jpg,6,Diamond Semi-Mount Rings,,,,,,,,,,,,,,,,,,
er16565r8w44jj,Diamond Semi-Mount Rings,Diamond Hidden Halo<br>14 Karat White Gold<br>Diamond Total Carat Weight: 0.08<br>Center Stone Carat Weight: 2.00<br>1.7 Mm<br>S1913867 #51,Gabriel & Co,Apparel & Accessories > Jewelry > Rings > Engagement Rings,,"Category 140, Contemporary, For Her, For Mom, Halo, Helios Migrated, Round, Semi Mount, Solitaire, Soltaire, Wedding",true,Material,14 Karat Gold,,Stone Type,Natural Diamond,,Metal Color,White Gold,,ER16565R8W44JJ,0.0,shopify,0,deny,manual,1925.00,,true,true,,,,,,https://raw.githubusercontent.com/rishs-afk/JoharProductReview/main/shopify_upload/matched_images/ER16565R8W44JJ-4.jpg,1,Diamond Semi-Mount Rings,false,Diamond Semi-Mount Rings,,629,Gabriel & Co.,,,,,,,,,,g,,520.00,active
er16565r8w44jj,,,,,,,,,,,,,,,,,,,,,,,,,,,,,,,,https://raw.githubusercontent.com/rishs-afk/JoharProductReview/main/shopify_upload/matched_images/ER16565R8W44JJ-2.jpg,2,Diamond Semi-Mount Rings,,,,,,,,,,,,,,,,,,
er16565r8w44jj,,,,,,,,,,,,,,,,,,,,,,,,,,,,,,,,https://raw.githubusercontent.com/rishs-afk/JoharProductReview/main/shopify_upload/matched_images/ER16565R8W44JJ-3.jpg,3,Diamond Semi-Mount Rings,,,,,,,,,,,,,,,,,,
er16565r8w44jj,,,,,,,,,,,,,,,,,,,,,,,,,,,,,,,,https://raw.githubusercontent.com/rishs-afk/JoharProductReview/main/shopify_upload/matched_images/ER16565R8W44JJ-1.jpg,4,Diamond Semi-Mount Rings,,,,,,,,,,,,,,,,,,
er16569o8w4jjj,Diamond Semi-Mount Rings,<p>14KWG 1.7MM 2CTC OV S1920772 #49</p>,Gabriel & Co,Apparel & Accessories > Jewelry > Rings > Engagement Rings,,"Category 140, Contemporary, For Her, For Mom, Helios Migrated, Oval, Semi Mount, Solitaire, Wedding",true,Material,14 Karat Gold,,Metal Color,White Gold,,,,,ER16569O8W4JJJ,0.0,shopify,0,deny,manual,1600.00,,true,true,,,,,,https://raw.githubusercontent.com/rishs-afk/JoharProductReview/main/shopify_upload/matched_images/ER16569O8W4JJJ-4.jpg,1,Diamond Semi-Mount Rings,false,Diamond Semi-Mount Rings,,629,Gabriel & Co.,,,,,,,,,,g,,395.00,active
er16569o8w4jjj,,,,,,,,,,,,,,,,,,,,,,,,,,,,,,,,https://raw.githubusercontent.com/rishs-afk/JoharProductReview/main/shopify_upload/matched_images/ER16569O8W4JJJ-3.jpg,2,Diamond Semi-Mount Rings,,,,,,,,,,,,,,,,,,
er16569o8w4jjj,,,,,,,,,,,,,,,,,,,,,,,,,,,,,,,,https://raw.githubusercontent.com/rishs-afk/JoharProductReview/main/shopify_upload/matched_images/ER16569O8W4JJJ-2.jpg,3,Diamond Semi-Mount Rings,,,,,,,,,,,,,,,,,,
er16569o8w4jjj,,,,,,,,,,,,,,,,,,,,,,,,,,,,,,,,https://raw.githubusercontent.com/rishs-afk/JoharProductReview/main/shopify_upload/matched_images/ER16569O8W4JJJ-1.jpg,4,Diamond Semi-Mount Rings,,,,,,,,,,,,,,,,,,
er16569o8w4jjj,,,,,,,,,,,,,,,,,,,,,,,,,,,,,,,,https://raw.githubusercontent.com/rishs-afk/JoharProductReview/main/shopify_upload/matched_images/ER16569O8W4JJJ-5.jpg,5,Diamond Semi-Mount Rings,,,,,,,,,,,,,,,,,,
er16568r12w44jj,Diamond Semi-Mount Rings,<p>14KWG 0.45CT SM 3CTC RD S1913879 #48</p>,Gabriel & Co,Apparel & Accessories > Jewelry > Rings > Engagement Rings,,"Category 140, Contemporary, For Her, For Mom, Halo, Helios Migrated, Round, Semi Mount, Side Stone, Side Stones, Wedding",true,Material,14 Karat Gold,,Stone Type,Natural Diamond,,Metal Color,White Gold,,ER16568R12W44JJ,0.0,shopify,0,deny,manual,3450.00,,true,true,,,,,,https://raw.githubusercontent.com/rishs-afk/JoharProductReview/main/shopify_upload/matched_images/ER16568R12W44JJ-5.jpg,1,Diamond Semi-Mount Rings,false,Diamond Semi-Mount Rings,,629,Gabriel & Co.,,,,,,,,,,g,,1078.00,active
er16568r12w44jj,,,,,,,,,,,,,,,,,,,,,,,,,,,,,,,,https://raw.githubusercontent.com/rishs-afk/JoharProductReview/main/shopify_upload/matched_images/ER16568R12W44JJ-2.jpg,2,Diamond Semi-Mount Rings,,,,,,,,,,,,,,,,,,
er16568r12w44jj,,,,,,,,,,,,,,,,,,,,,,,,,,,,,,,,https://raw.githubusercontent.com/rishs-afk/JoharProductReview/main/shopify_upload/matched_images/ER16568R12W44JJ-3.jpg,3,Diamond Semi-Mount Rings,,,,,,,,,,,,,,,,,,
er16568r12w44jj,,,,,,,,,,,,,,,,,,,,,,,,,,,,,,,,https://raw.githubusercontent.com/rishs-afk/JoharProductReview/main/shopify_upload/matched_images/ER16568R12W44JJ-1.jpg,4,Diamond Semi-Mount Rings,,,,,,,,,,,,,,,,,,
er16568r12w44jj,,,,,,,,,,,,,,,,,,,,,,,,,,,,,,,,https://raw.githubusercontent.com/rishs-afk/JoharProductReview/main/shopify_upload/matched_images/ER16568R12W44JJ-4.jpg,5,Diamond Semi-Mount Rings,,,,,,,,,,,,,,,,,,
sc55006954,Diamond Fashion Rings - Women's,Kate Collection<br>Diamond Bezel Band<br>14 Karat Rose Gold<br>Diamond Total Carat Weight: 0.13,Shy Creation,Apparel & Accessories > Jewelry > Rings,Rings,"Anniversary, Anniversary Bands, Birthday, Category 130, Emerald, Everyday, For Her, For Mom, Gift, Helios Migrated, Stackable, Wedding Bands",true,Material,14 Karat Gold,,Stone Type,Natural Diamond,,Metal Color,Rose Gold,,SC55006954,0.0,shopify,0,deny,manual,1880.00,,true,true,,,,,,https://raw.githubusercontent.com/rishs-afk/JoharProductReview/main/shopify_upload/matched_images/SC55006954.JPG,1,Diamond Fashion Rings - Women's,false,Diamond Fashion Rings - Women's,,1420,Shy Creation,,,,,,,,,,g,,378.40,active
sc55027206rd-2,Diamond Fashion Rings - Women's,14 Karat Solid Yellow Gold Ring<br>Style: Signet With Diamond Pave Cross<br>Diamond Carat Weight: 0.02CT<br>Kate Colln Shy Creation,DIAMOND RING CO,Apparel & Accessories > Jewelry > Rings,Rings,"Anniversary, Birthday, Category 130, Everyday, For Her, For Mom, Gift, Helios Migrated, Round",true,Material,14 Karat Gold,,Stone Type,Natural Diamond,,Metal Color,Yellow Gold,,SC55027206RD-2,0.0,shopify,0,deny,manual,875.00,,true,true,,,,,,https://raw.githubusercontent.com/rishs-afk/JoharProductReview/main/shopify_upload/matched_images/SC55027206RD.JPG,1,Diamond Fashion Rings - Women's,false,Diamond Fashion Rings - Women's,,6,Shy Creation,,,,,,,,,,g,,290.00,active
sc55027206rd-2,,,,,,,,,,,,,,,,,,,,,,,,,,,,,,,,https://raw.githubusercontent.com/rishs-afk/JoharProductReview/main/shopify_upload/matched_images/WEB_ALT_SC55027206RD_SC55027145RD.JPG,2,Diamond Fashion Rings - Women's,,,,,,,,,,,,,,,,,,
sc55027528rd,Diamond Fashion Rings - Women's,14 Karat Solid Yellow Gold Bypass Pearl Ring<br>Diamond Carat Weight: 0.06CT<br>Jackie Colln Shy Creation,DIAMOND RING CO,Apparel & Accessories > Jewelry > Rings,Rings,"Anniversary, Birthday, Category 130, For Her, For Mom, Gift, Helios Migrated, Round, Statement",true,Material,14 Karat Gold,,Stone Type,"Natural Diamond, Pearls",,Metal Color,Yellow Gold,,SC55027528RD,0.0,shopify,0,deny,manual,995.00,,true,true,,,,,,https://raw.githubusercontent.com/rishs-afk/JoharProductReview/main/shopify_upload/matched_images/SC55027528RD.JPG,1,Diamond Fashion Rings - Women's,false,Diamond Fashion Rings - Women's,,10,Shy Creation,,,,,,,,,,g,,298.85,active
sc55027528rd,,,,,,,,,,,,,,,,,,,,,,,,,,,,,,,,https://raw.githubusercontent.com/rishs-afk/JoharProductReview/main/shopify_upload/matched_images/WEB_ALT_SC55027457_SC55027528RD.jpg,2,Diamond Fashion Rings - Women's,,,,,,,,,,,,,,,,,,
sc22007318,Diamond Fashion Rings - Women's,14 Karat Rose Gold Bezel Marquise Ring<br>Diamond Carat Weight: 0.22CT<br>Twisted Rope Band,DIAMOND RING CO,Apparel & Accessories > Jewelry > Rings,,"Anniversary, Birthday, Category 130, Contemporary, For Her, Gift, Helios Migrated, Pear, Proposal Ready Ring, Solitaire, Statement",true,Material,14 Karat Gold,,Stone Type,Natural Diamond,,Metal Color,Rose Gold,,SC22007318,0.0,shopify,0,deny,manual,1495.00,,true,true,,,,,,https://raw.githubusercontent.com/rishs-afk/JoharProductReview/main/shopify_upload/matched_images/WEB%20ALT%20SC22007318%20SC55021128%20SC22007325.JPG,1,Diamond Fashion Rings - Women's,false,Diamond Fashion Rings - Women's,,12,Shy Creation,,,,,,,,,,g,,473.00,active
sc55022665,Diamond Fashion Rings - Women's,Diamond Hamsa Ring<br>14 Karat Yellow Gold<br>Diamond Total Carat Weight: 0.04,DIAMOND RING CO,Apparel & Accessories > Jewelry > Rings,Rings,"Anniversary, Birthday, Category 130, Everyday, For Her, For Mom, Gift, Helios Migrated, Round",true,Material,14 Karat Gold,,Stone Type,Natural Diamond,,Metal Color,Yellow Gold,,SC55022665,0.0,shopify,0,deny,manual,730.00,,true,true,,,,,,https://raw.githubusercontent.com/rishs-afk/JoharProductReview/main/shopify_upload/matched_images/SC55022665.JPG,1,Diamond Fashion Rings - Women's,false,Diamond Fashion Rings - Women's,,12,Shy Creation,,,,,,,,,,g,,159.10,active
lr53068y45jj,Diamond Fashion Rings - Women's,Diamond Stackable Band<br>14 Karat Yellow Gold<br>Diamond Total Carat Weight: 0.06<br>S2292930 #56,Gabriel & Co,Apparel & Accessories > Jewelry > Rings,Rings,"Anniversary, Birthday, Category 130, Everyday, For Her, For Mom, Gift, Helios Migrated, Round, Stackable, Wedding Bands",true,Material,14 Karat Gold,,Stone Type,Natural Diamond,,Metal Color,Yellow Gold,,LR53068Y45JJ,0.0,shopify,0,deny,manual,800.00,,true,true,,,,,,https://raw.githubusercontent.com/rishs-afk/JoharProductReview/main/shopify_upload/matched_images/LR53068Y45JJ-4.jpg,1,Diamond Fashion Rings - Women's,false,Diamond Fashion Rings - Women's,,26,Gabriel & Co.,,,,,,,,,,g,,272.00,active
lr53068y45jj,,,,,,,,,,,,,,,,,,,,,,,,,,,,,,,,https://raw.githubusercontent.com/rishs-afk/JoharProductReview/main/shopify_upload/matched_images/LR53068Y45JJ-1.jpg,2,Diamond Fashion Rings - Women's,,,,,,,,,,,,,,,,,,
lr53068y45jj,,,,,,,,,,,,,,,,,,,,,,,,,,,,,,,,https://raw.githubusercontent.com/rishs-afk/JoharProductReview/main/shopify_upload/matched_images/LR53068Y45JJ-3.jpg,3,Diamond Fashion Rings - Women's,,,,,,,,,,,,,,,,,,
lr53068y45jj,,,,,,,,,,,,,,,,,,,,,,,,,,,,,,,,https://raw.githubusercontent.com/rishs-afk/JoharProductReview/main/shopify_upload/matched_images/LR53068Y45JJ-2.jpg,4,Diamond Fashion Rings - Women's,,,,,,,,,,,,,,,,,,
lr53068y45jj,,,,,,,,,,,,,,,,,,,,,,,,,,,,,,,,https://raw.githubusercontent.com/rishs-afk/JoharProductReview/main/shopify_upload/matched_images/LR53068Y45JJ-5.jpg,5,Diamond Fashion Rings - Women's,,,,,,,,,,,,,,,,,,
lr53067y45jj,Diamond Fashion Rings - Women's,Diamond Stackable Band<br>14 Karat Yellow Gold<br>Diamond Total Carat Weight: 0.06<br>S2292931 #55,Gabriel & Co,Apparel & Accessories > Jewelry > Rings,Rings,"Anniversary, Birthday, Category 130, Everyday, For Her, For Mom, Gift, Helios Migrated, Round, Stackable, Wedding Bands",true,Material,14 Karat Gold,,Stone Type,Natural Diamond,,Metal Color,Yellow Gold,,LR53067Y45JJ,0.0,shopify,0,deny,manual,1000.00,,true,true,,,,,,https://raw.githubusercontent.com/rishs-afk/JoharProductReview/main/shopify_upload/matched_images/LR53067Y45JJ-4.jpg,1,Diamond Fashion Rings - Women's,false,Diamond Fashion Rings - Women's,,26,Gabriel & Co.,,,,,,,,,,g,,328.00,active
lr53067y45jj,,,,,,,,,,,,,,,,,,,,,,,,,,,,,,,,https://raw.githubusercontent.com/rishs-afk/JoharProductReview/main/shopify_upload/matched_images/LR53067Y45JJ-1.jpg,2,Diamond Fashion Rings - Women's,,,,,,,,,,,,,,,,,,
lr53067y45jj,,,,,,,,,,,,,,,,,,,,,,,,,,,,,,,,https://raw.githubusercontent.com/rishs-afk/JoharProductReview/main/shopify_upload/matched_images/LR53067Y45JJ-2.jpg,3,Diamond Fashion Rings - Women's,,,,,,,,,,,,,,,,,,
lr53067y45jj,,,,,,,,,,,,,,,,,,,,,,,,,,,,,,,,https://raw.githubusercontent.com/rishs-afk/JoharProductReview/main/shopify_upload/matched_images/LR53067Y45JJ-3.jpg,4,Diamond Fashion Rings - Women's,,,,,,,,,,,,,,,,,,
lr53067y45jj,,,,,,,,,,,,,,,,,,,,,,,,,,,,,,,,https://raw.githubusercontent.com/rishs-afk/JoharProductReview/main/shopify_upload/matched_images/LR53067Y45JJ-5.jpg,5,Diamond Fashion Rings - Women's,,,,,,,,,,,,,,,,,,
sc55026222,Diamond Fashion Rings - Women's,14 Karat Solid Yellow Gold<br>Diamond East To West Set Cross Ring<br>Diamond Total Carat Weight: 0.25,DIAMOND RING CO,Apparel & Accessories > Jewelry > Rings,Rings,"Anniversary, Birthday, Category 130, Everyday, For Her, For Mom, Gift, Helios Migrated, Round",true,Material,14 Karat Gold,,Stone Type,Natural Diamond,,Metal Color,Yellow Gold,,SC55026222,0.0,shopify,0,deny,manual,1200.00,,true,true,,,,,,https://raw.githubusercontent.com/rishs-afk/JoharProductReview/main/shopify_upload/matched_images/SC55026222.JPG,1,Diamond Fashion Rings - Women's,false,Diamond Fashion Rings - Women's,,147,Shy Creation,,,,,,,,,,g,,427.85,active
sc55026222,,,,,,,,,,,,,,,,,,,,,,,,,,,,,,,,https://raw.githubusercontent.com/rishs-afk/JoharProductReview/main/shopify_upload/matched_images/WEB_ALT_SC55026222_SC55026213RD.JPG,2,Diamond Fashion Rings - Women's,,,,,,,,,,,,,,,,,,
lr52974y45jj,Diamond Fashion Rings - Women's,14 Karat Solid Yellow Gold<br>Diamond Snake Ring<br>Diamond Total Carat Weight: 0.15<br>S2219592 #44,Gabriel & Co,Apparel & Accessories > Jewelry > Rings,Rings,"Anniversary, Birthday, Category 130, For Her, For Mom, Gift, Helios Migrated, Round, Statement",true,Material,14 Karat Gold,,Stone Type,Natural Diamond,,Metal Color,Yellow Gold,,LR52974Y45JJ,0.0,shopify,0,deny,manual,2650.00,,true,true,,,,,,https://raw.githubusercontent.com/rishs-afk/JoharProductReview/main/shopify_upload/matched_images/LR52974Y45JJ-4.jpg,1,Diamond Fashion Rings - Women's,false,Diamond Fashion Rings - Women's,,147,Gabriel & Co.,,,,,,,,,,g,,860.00,active
lr52974y45jj,,,,,,,,,,,,,,,,,,,,,,,,,,,,,,,,https://raw.githubusercontent.com/rishs-afk/JoharProductReview/main/shopify_upload/matched_images/LR52974Y45JJ-1.jpg,2,Diamond Fashion Rings - Women's,,,,,,,,,,,,,,,,,,
lr52974y45jj,,,,,,,,,,,,,,,,,,,,,,,,,,,,,,,,https://raw.githubusercontent.com/rishs-afk/JoharProductReview/main/shopify_upload/matched_images/LR52974Y45JJ-3.jpg,3,Diamond Fashion Rings - Women's,,,,,,,,,,,,,,,,,,
lr52974y45jj,,,,,,,,,,,,,,,,,,,,,,,,,,,,,,,,https://raw.githubusercontent.com/rishs-afk/JoharProductReview/main/shopify_upload/matched_images/LR52974Y45JJ-2.jpg,4,Diamond Fashion Rings - Women's,,,,,,,,,,,,,,,,,,
lr52974y45jj,,,,,,,,,,,,,,,,,,,,,,,,,,,,,,,,https://raw.githubusercontent.com/rishs-afk/JoharProductReview/main/shopify_upload/matched_images/LR52974Y45JJ-5.jpg,5,Diamond Fashion Rings - Women's,,,,,,,,,,,,,,,,,,
lr52927m45jj,Diamond Fashion Rings - Women's,14 Karat Solid Yellow Gold<br>Diamond Chevron Ring<br>Diamond Total Carat Weight: 0.15<br>S2219598 #42,Gabriel & Co,Apparel & Accessories > Jewelry > Rings,Rings,"Anniversary, Birthday, Category 130, For Her, For Mom, Gift, Helios Migrated, Round, Statement",true,Material,14 Karat Gold,,Stone Type,Natural Diamond,,Metal Color,Yellow Gold,,LR52927M45JJ,0.0,shopify,0,deny,manual,1800.00,,true,true,,,,,,https://raw.githubusercontent.com/rishs-afk/JoharProductReview/main/shopify_upload/matched_images/LR52927M45JJ-4.jpg,1,Diamond Fashion Rings - Women's,false,Diamond Fashion Rings - Women's,,147,Gabriel & Co.,,,,,,,,,,g,,584.00,active
lr52927m45jj,,,,,,,,,,,,,,,,,,,,,,,,,,,,,,,,https://raw.githubusercontent.com/rishs-afk/JoharProductReview/main/shopify_upload/matched_images/LR52927M45JJ-2.jpg,2,Diamond Fashion Rings - Women's,,,,,,,,,,,,,,,,,,
lr52927m45jj,,,,,,,,,,,,,,,,,,,,,,,,,,,,,,,,https://raw.githubusercontent.com/rishs-afk/JoharProductReview/main/shopify_upload/matched_images/LR52927M45JJ-1.jpg,3,Diamond Fashion Rings - Women's,,,,,,,,,,,,,,,,,,
lr52927m45jj,,,,,,,,,,,,,,,,,,,,,,,,,,,,,,,,https://raw.githubusercontent.com/rishs-afk/JoharProductReview/main/shopify_upload/matched_images/LR52927M45JJ-3.jpg,4,Diamond Fashion Rings - Women's,,,,,,,,,,,,,,,,,,
lr52927m45jj,,,,,,,,,,,,,,,,,,,,,,,,,,,,,,,,https://raw.githubusercontent.com/rishs-afk/JoharProductReview/main/shopify_upload/matched_images/LR52927M45JJ-5.jpg,5,Diamond Fashion Rings - Women's,,,,,,,,,,,,,,,,,,
lr52667y45jj,Diamond Fashion Rings - Women's,14 Karat Solid Yellow Gold<br>Diamond Station Stackable Ring<br>Diamond Total Carat Weight: 0.27<br>S2219287 #41,Gabriel & Co,Apparel & Accessories > Jewelry > Rings,Rings,"Anniversary, Birthday, Category 130, Everyday, For Her, For Mom, Gift, Helios Migrated, Round, Stackable, Wedding Bands",true,Material,14 Karat Gold,,Stone Type,Natural Diamond,,Metal Color,Yellow Gold,,LR52667Y45JJ,0.0,shopify,0,deny,manual,1550.00,,true,true,,,,,,https://raw.githubusercontent.com/rishs-afk/JoharProductReview/main/shopify_upload/matched_images/LR52667Y45JJ-4.jpg,1,Diamond Fashion Rings - Women's,false,Diamond Fashion Rings - Women's,,147,Gabriel & Co.,,,,,,,,,,g,,570.00,active
lr52667y45jj,,,,,,,,,,,,,,,,,,,,,,,,,,,,,,,,https://raw.githubusercontent.com/rishs-afk/JoharProductReview/main/shopify_upload/matched_images/LR52667Y45JJ-1.jpg,2,Diamond Fashion Rings - Women's,,,,,,,,,,,,,,,,,,
lr52667y45jj,,,,,,,,,,,,,,,,,,,,,,,,,,,,,,,,https://raw.githubusercontent.com/rishs-afk/JoharProductReview/main/shopify_upload/matched_images/LR52667Y45JJ-2.jpg,3,Diamond Fashion Rings - Women's,,,,,,,,,,,,,,,,,,
lr52667y45jj,,,,,,,,,,,,,,,,,,,,,,,,,,,,,,,,https://raw.githubusercontent.com/rishs-afk/JoharProductReview/main/shopify_upload/matched_images/LR52667Y45JJ-3.jpg,4,Diamond Fashion Rings - Women's,,,,,,,,,,,,,,,,,,
lr52667y45jj,,,,,,,,,,,,,,,,,,,,,,,,,,,,,,,,https://raw.githubusercontent.com/rishs-afk/JoharProductReview/main/shopify_upload/matched_images/LR52667Y45JJ-6.jpg,5,Diamond Fashion Rings - Women's,,,,,,,,,,,,,,,,,,
lr52667y45jj,,,,,,,,,,,,,,,,,,,,,,,,,,,,,,,,https://raw.githubusercontent.com/rishs-afk/JoharProductReview/main/shopify_upload/matched_images/LR52667Y45JJ-5.jpg,6,Diamond Fashion Rings - Women's,,,,,,,,,,,,,,,,,,
lr52657ecy45jj,Diamond Fashion Rings - Women's,14 Karat Solid Yellow Gold<br>Diamond &amp; Blue Enamel Stackable Band<br>Diamond Total Carat Weight: 0.07<br>S2219605 #40,Gabriel & Co,Apparel & Accessories > Jewelry > Rings,Rings,"Anniversary, Birthday, Category 130, Everyday, For Her, For Mom, Gift, Helios Migrated, Round, Stackable, Wedding Bands",true,Material,14 Karat Gold,,Stone Type,Natural Diamond,,Metal Color,Yellow Gold,,LR52657ECY45JJ,0.0,shopify,0,deny,manual,1300.00,,true,true,,,,,,https://raw.githubusercontent.com/rishs-afk/JoharProductReview/main/shopify_upload/matched_images/LR52657ECY45JJ-4.jpg,1,Diamond Fashion Rings - Women's,false,Diamond Fashion Rings - Women's,,147,Gabriel & Co.,,,,,,,,,,g,,425.00,active
lr52657ecy45jj,,,,,,,,,,,,,,,,,,,,,,,,,,,,,,,,https://raw.githubusercontent.com/rishs-afk/JoharProductReview/main/shopify_upload/matched_images/LR52657ECY45JJ-1.jpg,2,Diamond Fashion Rings - Women's,,,,,,,,,,,,,,,,,,
lr52657ecy45jj,,,,,,,,,,,,,,,,,,,,,,,,,,,,,,,,https://raw.githubusercontent.com/rishs-afk/JoharProductReview/main/shopify_upload/matched_images/LR52657ECY45JJ-2.jpg,3,Diamond Fashion Rings - Women's,,,,,,,,,,,,,,,,,,
lr52657ecy45jj,,,,,,,,,,,,,,,,,,,,,,,,,,,,,,,,https://raw.githubusercontent.com/rishs-afk/JoharProductReview/main/shopify_upload/matched_images/LR52657ECY45JJ-3.jpg,4,Diamond Fashion Rings - Women's,,,,,,,,,,,,,,,,,,
lr52657ecy45jj,,,,,,,,,,,,,,,,,,,,,,,,,,,,,,,,https://raw.githubusercontent.com/rishs-afk/JoharProductReview/main/shopify_upload/matched_images/LR52657ECY45JJ-5.jpg,5,Diamond Fashion Rings - Women's,,,,,,,,,,,,,,,,,,
lr52657e8y45jj,Diamond Fashion Rings - Women's,14 Karat Solid Yellow Gold<br>Diamond &amp; Black Enamel Stackable Band<br>Diamond Total Carat Weight: 0.08<br>S2219607 #37,Gabriel & Co,Apparel & Accessories > Jewelry > Rings,Rings,"Anniversary, Birthday, Category 130, Everyday, For Her, For Mom, Gift, Helios Migrated, Round, Stackable",true,Material,14 Karat Gold,,Stone Type,Natural Diamond,,Metal Color,Yellow Gold,,LR52657E8Y45JJ,0.0,shopify,0,deny,manual,1300.00,,true,true,,,,,,https://raw.githubusercontent.com/rishs-afk/JoharProductReview/main/shopify_upload/matched_images/LR52657E8Y45JJ-4.jpg,1,Diamond Fashion Rings - Women's,false,Diamond Fashion Rings - Women's,,147,Gabriel & Co.,,,,,,,,,,g,,425.00,active
lr52657e8y45jj,,,,,,,,,,,,,,,,,,,,,,,,,,,,,,,,https://raw.githubusercontent.com/rishs-afk/JoharProductReview/main/shopify_upload/matched_images/LR52657E8Y45JJ-1.jpg,2,Diamond Fashion Rings - Women's,,,,,,,,,,,,,,,,,,
lr52657e8y45jj,,,,,,,,,,,,,,,,,,,,,,,,,,,,,,,,https://raw.githubusercontent.com/rishs-afk/JoharProductReview/main/shopify_upload/matched_images/LR52657E8Y45JJ-2.jpg,3,Diamond Fashion Rings - Women's,,,,,,,,,,,,,,,,,,
lr52657e8y45jj,,,,,,,,,,,,,,,,,,,,,,,,,,,,,,,,https://raw.githubusercontent.com/rishs-afk/JoharProductReview/main/shopify_upload/matched_images/LR52657E8Y45JJ-3.jpg,4,Diamond Fashion Rings - Women's,,,,,,,,,,,,,,,,,,
lr52657e8y45jj,,,,,,,,,,,,,,,,,,,,,,,,,,,,,,,,https://raw.githubusercontent.com/rishs-afk/JoharProductReview/main/shopify_upload/matched_images/LR52657E8Y45JJ-5.jpg,5,Diamond Fashion Rings - Women's,,,,,,,,,,,,,,,,,,
lr52657e8y45jj,,,,,,,,,,,,,,,,,,,,,,,,,,,,,,,,https://raw.githubusercontent.com/rishs-afk/JoharProductReview/main/shopify_upload/matched_images/LR52657E8Y45JJ-6.jpg,6,Diamond Fashion Rings - Women's,,,,,,,,,,,,,,,,,,
lr52655ehy45jj,Diamond Fashion Rings - Women's,14 Karat Solid Yellow Gold<br>Diamond &amp; Mint Green Enamel Ring<br>Diamond Total Carat Weight: 0.05CT<br>S2219604 #35,Gabriel & Co,Apparel & Accessories > Jewelry > Rings,Rings,"Anniversary, Birthday, Category 130, Everyday, For Her, For Mom, Gift, Helios Migrated, Round, Stackable",true,Material,14 Karat Gold,,Stone Type,Natural Diamond,,Metal Color,Yellow Gold,,LR52655EHY45JJ,0.0,shopify,0,deny,manual,1150.00,,true,true,,,,,,https://raw.githubusercontent.com/rishs-afk/JoharProductReview/main/shopify_upload/matched_images/LR52655EHY45JJ-4.jpg,1,Diamond Fashion Rings - Women's,false,Diamond Fashion Rings - Women's,,147,Gabriel & Co.,,,,,,,,,,g,,374.00,active
lr52655ehy45jj,,,,,,,,,,,,,,,,,,,,,,,,,,,,,,,,https://raw.githubusercontent.com/rishs-afk/JoharProductReview/main/shopify_upload/matched_images/LR52655EHY45JJ-2.jpg,2,Diamond Fashion Rings - Women's,,,,,,,,,,,,,,,,,,
lr52655ehy45jj,,,,,,,,,,,,,,,,,,,,,,,,,,,,,,,,https://raw.githubusercontent.com/rishs-afk/JoharProductReview/main/shopify_upload/matched_images/LR52655EHY45JJ-3.jpg,3,Diamond Fashion Rings - Women's,,,,,,,,,,,,,,,,,,
lr52655ehy45jj,,,,,,,,,,,,,,,,,,,,,,,,,,,,,,,,https://raw.githubusercontent.com/rishs-afk/JoharProductReview/main/shopify_upload/matched_images/LR52655EHY45JJ-1.jpg,4,Diamond Fashion Rings - Women's,,,,,,,,,,,,,,,,,,
lr52655ehy45jj,,,,,,,,,,,,,,,,,,,,,,,,,,,,,,,,https://raw.githubusercontent.com/rishs-afk/JoharProductReview/main/shopify_upload/matched_images/LR52655EHY45JJ-5.jpg,5,Diamond Fashion Rings - Women's,,,,,,,,,,,,,,,,,,
lr52655e9y45jj,Diamond Fashion Rings - Women's,14 Karat Solid Yellow Gold<br>Diamond &amp; White Enamel Ring<br>Diamond Total Carat Weight: 0.05Ct<br>S2219606 #34,Gabriel & Co,Apparel & Accessories > Jewelry > Rings,Rings,"Anniversary, Birthday, Category 130, Everyday, For Her, For Mom, Gift, Helios Migrated, Round, Stackable",true,Material,14 Karat Gold,,Stone Type,Natural Diamond,,Metal Color,"Two-Tone, Yellow Gold",,LR52655E9Y45JJ,0.0,shopify,0,deny,manual,1150.00,,true,true,,,,,,https://raw.githubusercontent.com/rishs-afk/JoharProductReview/main/shopify_upload/matched_images/LR52655E9Y45JJ-4.jpg,1,Diamond Fashion Rings - Women's,false,Diamond Fashion Rings - Women's,,147,Gabriel & Co.,,,,,,,,,,g,,374.00,active
lr52655e9y45jj,,,,,,,,,,,,,,,,,,,,,,,,,,,,,,,,https://raw.githubusercontent.com/rishs-afk/JoharProductReview/main/shopify_upload/matched_images/LR52655E9Y45JJ-2.jpg,2,Diamond Fashion Rings - Women's,,,,,,,,,,,,,,,,,,
lr52655e9y45jj,,,,,,,,,,,,,,,,,,,,,,,,,,,,,,,,https://raw.githubusercontent.com/rishs-afk/JoharProductReview/main/shopify_upload/matched_images/LR52655E9Y45JJ-1.jpg,3,Diamond Fashion Rings - Women's,,,,,,,,,,,,,,,,,,
lr52655e9y45jj,,,,,,,,,,,,,,,,,,,,,,,,,,,,,,,,https://raw.githubusercontent.com/rishs-afk/JoharProductReview/main/shopify_upload/matched_images/LR52655E9Y45JJ-3.jpg,4,Diamond Fashion Rings - Women's,,,,,,,,,,,,,,,,,,
lr52655e9y45jj,,,,,,,,,,,,,,,,,,,,,,,,,,,,,,,,https://raw.githubusercontent.com/rishs-afk/JoharProductReview/main/shopify_upload/matched_images/LR52655E9Y45JJ-5.jpg,5,Diamond Fashion Rings - Women's,,,,,,,,,,,,,,,,,,
sc55029041rd,Diamond Fashion Rings - Women's,14 Karat Solid Yellow Gold Ring<br>Diamond Pave Wave Ring<br>Diamond Total Carat Weight: 0.15,Shy Creation,Apparel & Accessories > Jewelry > Rings,Rings,"Anniversary, Birthday, Category 130, Everyday, For Her, For Mom, Gift, Helios Migrated, Round, Wedding Bands",true,Material,14 Karat Gold,,Stone Type,Natural Diamond,,Metal Color,Yellow Gold,,SC55029041RD,0.0,shopify,0,deny,manual,1100.00,,true,true,,,,,,https://raw.githubusercontent.com/rishs-afk/JoharProductReview/main/shopify_upload/matched_images/SC55029041RD_C.JPG,1,Diamond Fashion Rings - Women's,false,Diamond Fashion Rings - Women's,,161,Shy Creation,,,,,,,,,,g,,425.70,active
sc55029041rd,,,,,,,,,,,,,,,,,,,,,,,,,,,,,,,,https://raw.githubusercontent.com/rishs-afk/JoharProductReview/main/shopify_upload/matched_images/SC55029041RD_D.JPG,2,Diamond Fashion Rings - Women's,,,,,,,,,,,,,,,,,,
sc55029041rd,,,,,,,,,,,,,,,,,,,,,,,,,,,,,,,,https://raw.githubusercontent.com/rishs-afk/JoharProductReview/main/shopify_upload/matched_images/SC55029041RD_B.JPG,3,Diamond Fashion Rings - Women's,,,,,,,,,,,,,,,,,,
sc55029041rd,,,,,,,,,,,,,,,,,,,,,,,,,,,,,,,,https://raw.githubusercontent.com/rishs-afk/JoharProductReview/main/shopify_upload/matched_images/SC55029041RD.JPG,4,Diamond Fashion Rings - Women's,,,,,,,,,,,,,,,,,,
sc55029041rd,,,,,,,,,,,,,,,,,,,,,,,,,,,,,,,,https://raw.githubusercontent.com/rishs-afk/JoharProductReview/main/shopify_upload/matched_images/WEB_ALT_SC55029041RD_SC55029005RD.JPG,5,Diamond Fashion Rings - Women's,,,,,,,,,,,,,,,,,,
sc55029041rd,,,,,,,,,,,,,,,,,,,,,,,,,,,,,,,,https://raw.githubusercontent.com/rishs-afk/JoharProductReview/main/shopify_upload/matched_images/WEB_ALT_SC55029041RD_SC55029005RD_2.JPG,6,Diamond Fashion Rings - Women's,,,,,,,,,,,,,,,,,,
sc22008815,Diamond Fashion Rings - Women's,14 Karat Yellow Gold Diamond Bridge Ring<br>Diamond Carat Weight: 0.24CT<br>Kate Colln Shy Creation,DIAMOND RING CO,Apparel & Accessories > Jewelry > Rings,Rings,"Anniversary, Birthday, Category 130, Everyday, For Her, For Mom, Gift, Helios Migrated, Round",true,Material,14 Karat Gold,,Stone Type,Natural Diamond,,Metal Color,Yellow Gold,,SC22008815,0.0,shopify,0,deny,manual,1375.00,,true,true,,,,,,https://raw.githubusercontent.com/rishs-afk/JoharProductReview/main/shopify_upload/matched_images/SC22008815.JPG,1,Diamond Fashion Rings - Women's,false,Diamond Fashion Rings - Women's,,326,Shy Creation,,,,,,,,,,g,,339.70,active
sc55024829rd-2,Diamond Fashion Rings - Women's,Kate Collection<br>Diamond Ribbed Fashion Band<br>14 Karat Yellow Gold<br>Diamond Total Carat Weight: 0.26,DIAMOND RING CO,Apparel & Accessories > Jewelry > Rings,Rings,"Anniversary, Birthday, Category 130, For Her, For Mom, Gift, Helios Migrated, Round, Statement",true,Material,14 Karat Gold,,Stone Type,Natural Diamond,,Metal Color,Yellow Gold,,SC55024829RD-2,0.0,shopify,0,deny,manual,1650.00,,true,true,,,,,,https://raw.githubusercontent.com/rishs-afk/JoharProductReview/main/shopify_upload/matched_images/SC55024829RD.JPG,1,Diamond Fashion Rings - Women's,false,Diamond Fashion Rings - Women's,,326,Shy Creation,,,,,,,,,,g,,425.70,active
sc55024829rd-2,,,,,,,,,,,,,,,,,,,,,,,,,,,,,,,,https://raw.githubusercontent.com/rishs-afk/JoharProductReview/main/shopify_upload/matched_images/WEB_ALT_SC55024829RD.JPG,2,Diamond Fashion Rings - Women's,,,,,,,,,,,,,,,,,,
sc55005506,Diamond Fashion Rings - Women's,14kt Solid White Gold Ladies Fashion Band<br>5 Natural Round Diamonds Center<br>Round Diamonds Total Carat Weight: 2.00<br>90 Natural Round Diamonds Halo<br>Round Diamonds Total Carat Weight: 0.28,DIAMOND RING CO,Apparel & Accessories > Jewelry > Rings,Rings,"Anniversary, Anniversary Bands, Birthday, Category 130, For Her, For Mom, Gift, Helios Migrated, Round, Statement",true,Material,14 Karat Gold,,Stone Type,Natural Diamond,,Metal Color,White Gold,,SC55005506,0.0,shopify,0,deny,manual,9800.00,,true,true,,,,,,https://raw.githubusercontent.com/rishs-afk/JoharProductReview/main/shopify_upload/matched_images/SC55005506V2b_1000x1000.webp,1,Diamond Fashion Rings - Women's,false,Diamond Fashion Rings - Women's,,435,Shy Creation,,,,,,,,,,g,,4214.00,active
sc55005506,,,,,,,,,,,,,,,,,,,,,,,,,,,,,,,,https://raw.githubusercontent.com/rishs-afk/JoharProductReview/main/shopify_upload/matched_images/SC55005506V2_1000x1000.webp,2,Diamond Fashion Rings - Women's,,,,,,,,,,,,,,,,,,
sc55027206rd,Diamond Fashion Rings - Women's,14 Karat Solid Yellow Old Ring<br>Style: Signet With Diamond Pave Cross<br>Diamond Carat Weight: 0.02CT<br>Kate Colln Shy Creation,Shy Creation,Apparel & Accessories > Jewelry > Rings,Rings,"Anniversary, Birthday, Category 130, Everyday, For Her, For Mom, Gift, Helios Migrated, Round",true,Material,14 Karat Gold,,Stone Type,Natural Diamond,,Metal Color,Yellow Gold,,SC55027206RD,0.0,shopify,0,deny,manual,875.00,,true,true,,,,,,https://raw.githubusercontent.com/rishs-afk/JoharProductReview/main/shopify_upload/matched_images/SC55027206RD.JPG,1,Diamond Fashion Rings - Women's,false,Diamond Fashion Rings - Women's,,499,Shy Creation,,,,,,,,,,g,,184.90,active
sc55027206rd,,,,,,,,,,,,,,,,,,,,,,,,,,,,,,,,https://raw.githubusercontent.com/rishs-afk/JoharProductReview/main/shopify_upload/matched_images/WEB_ALT_SC55027206RD_SC55027145RD.JPG,2,Diamond Fashion Rings - Women's,,,,,,,,,,,,,,,,,,
sc55026643,Diamond Fashion Rings - Women's,14 Karat Yellow Gold Bridge Ring<br>Diamond Carat Weight: 0.15CT<br>Kate Colln Shy Creation,Shy Creation,Apparel & Accessories > Jewelry > Rings,Rings,"Anniversary, Birthday, Category 130, Everyday, For Her, For Mom, Gift, Helios Migrated, Round, Statement",true,Material,14 Karat Gold,,Stone Type,Natural Diamond,,Metal Color,Yellow Gold,,SC55026643,0.0,shopify,0,deny,manual,1940.00,,true,true,,,,,,https://raw.githubusercontent.com/rishs-afk/JoharProductReview/main/shopify_upload/matched_images/SC55026643.JPG,1,Diamond Fashion Rings - Women's,false,Diamond Fashion Rings - Women's,,509,Shy Creation,,,,,,,,,,g,,427.85,active
sc55026643,,,,,,,,,,,,,,,,,,,,,,,,,,,,,,,,https://raw.githubusercontent.com/rishs-afk/JoharProductReview/main/shopify_upload/matched_images/WEB_ALT_SC55026637RD_SC55026643.JPG,2,Diamond Fashion Rings - Women's,,,,,,,,,,,,,,,,,,
sc22009624rd,Diamond Fashion Rings - Women's,Diamond Pear Swirl Ring<br>14 Karat Yellow Gold<br>Diamond Total Carat Weight: 0.18,Shy Creation,Apparel & Accessories > Jewelry > Rings,Rings,"Anniversary, Birthday, Category 130, Everyday, For Her, For Mom, Gift, Helios Migrated, Round, Statement",true,Material,14 Karat Gold,,Stone Type,Natural Diamond,,Metal Color,Yellow Gold,,SC22009624RD,0.0,shopify,0,deny,manual,1890.00,,true,true,,,,,,https://raw.githubusercontent.com/rishs-afk/JoharProductReview/main/shopify_upload/matched_images/SC22009624RD.JPG,1,Diamond Fashion Rings - Women's,false,Diamond Fashion Rings - Women's,,509,Shy Creation,,,,,,,,,,g,,425.70,active
sc22009624rd,,,,,,,,,,,,,,,,,,,,,,,,,,,,,,,,https://raw.githubusercontent.com/rishs-afk/JoharProductReview/main/shopify_upload/matched_images/WEB_ALT_SC22009624RD_SC55026685RD.JPG,2,Diamond Fashion Rings - Women's,,,,,,,,,,,,,,,,,,
lr52709m45jj,Diamond Fashion Rings - Women's,<p>14KG .75CT LAYERED BAND S1926910 #226</p>,Gabriel & Co,Apparel & Accessories > Jewelry > Rings,Rings,"Anniversary, Birthday, Category 130, For Her, For Mom, Gift, Helios Migrated, Round, Statement",true,Material,14 Karat Gold,,Stone Type,Natural Diamond,,Metal Color,Yellow Gold,,LR52709M45JJ,0.0,shopify,0,deny,manual,7201.00,,true,true,,,,,,https://raw.githubusercontent.com/rishs-afk/JoharProductReview/main/shopify_upload/matched_images/LR52709M45JJ-2.jpg,1,Diamond Fashion Rings - Women's,false,Diamond Fashion Rings - Women's,,621,Gabriel & Co.,,,,,,,,,,g,,2197.00,active
lr52709m45jj,,,,,,,,,,,,,,,,,,,,,,,,,,,,,,,,https://raw.githubusercontent.com/rishs-afk/JoharProductReview/main/shopify_upload/matched_images/LR52709M45JJ-4.jpg,2,Diamond Fashion Rings - Women's,,,,,,,,,,,,,,,,,,
lr52709m45jj,,,,,,,,,,,,,,,,,,,,,,,,,,,,,,,,https://raw.githubusercontent.com/rishs-afk/JoharProductReview/main/shopify_upload/matched_images/LR52709M45JJ-1.jpg,3,Diamond Fashion Rings - Women's,,,,,,,,,,,,,,,,,,
lr52709m45jj,,,,,,,,,,,,,,,,,,,,,,,,,,,,,,,,https://raw.githubusercontent.com/rishs-afk/JoharProductReview/main/shopify_upload/matched_images/LR52709M45JJ-3.jpg,4,Diamond Fashion Rings - Women's,,,,,,,,,,,,,,,,,,
lr52709m45jj,,,,,,,,,,,,,,,,,,,,,,,,,,,,,,,,https://raw.githubusercontent.com/rishs-afk/JoharProductReview/main/shopify_upload/matched_images/LR52709M45JJ-5.jpg,5,Diamond Fashion Rings - Women's,,,,,,,,,,,,,,,,,,
lr52709m45jj,,,,,,,,,,,,,,,,,,,,,,,,,,,,,,,,https://raw.githubusercontent.com/rishs-afk/JoharProductReview/main/shopify_upload/matched_images/LR52709M45JJ-6.jpg,6,Diamond Fashion Rings - Women's,,,,,,,,,,,,,,,,,,
lr51169y45jj,Diamond Fashion Rings - Women's,14 Karat Yellow Gold Criss Cross Band<br>Diamond Carat Weight: 0.30CT<br>S1898410 #219,Gabriel & Co,Apparel & Accessories > Jewelry > Rings,Rings,"Anniversary, Birthday, Category 130, Everyday, For Her, For Mom, Gift, Helios Migrated, Round",true,Material,14 Karat Gold,,Stone Type,Natural Diamond,,Metal Color,Yellow Gold,,LR51169Y45JJ,0.0,shopify,0,deny,manual,1700.00,,true,true,,,,,,https://raw.githubusercontent.com/rishs-afk/JoharProductReview/main/shopify_upload/matched_images/LR51169Y45JJ-4.jpg,1,Diamond Fashion Rings - Women's,false,Diamond Fashion Rings - Women's,,621,Gabriel & Co.,,,,,,,,,,g,,546.00,active
lr51169y45jj,,,,,,,,,,,,,,,,,,,,,,,,,,,,,,,,https://raw.githubusercontent.com/rishs-afk/JoharProductReview/main/shopify_upload/matched_images/LR51169Y45JJ-1.jpg,2,Diamond Fashion Rings - Women's,,,,,,,,,,,,,,,,,,
lr51169y45jj,,,,,,,,,,,,,,,,,,,,,,,,,,,,,,,,https://raw.githubusercontent.com/rishs-afk/JoharProductReview/main/shopify_upload/matched_images/LR51169Y45JJ-2.jpg,3,Diamond Fashion Rings - Women's,,,,,,,,,,,,,,,,,,
lr51169y45jj,,,,,,,,,,,,,,,,,,,,,,,,,,,,,,,,https://raw.githubusercontent.com/rishs-afk/JoharProductReview/main/shopify_upload/matched_images/LR51169Y45JJ-3.jpg,4,Diamond Fashion Rings - Women's,,,,,,,,,,,,,,,,,,
lr51169y45jj,,,,,,,,,,,,,,,,,,,,,,,,,,,,,,,,https://raw.githubusercontent.com/rishs-afk/JoharProductReview/main/shopify_upload/matched_images/LR51169Y45JJ-5.jpg,5,Diamond Fashion Rings - Women's,,,,,,,,,,,,,,,,,,
lr52572y45jj,Diamond Fashion Rings - Women's,"14 Karat Solid Yellow Diamond Cigar Band<br>Horizontal Brushed Finish, Star Motif With Diamonds<br>Diamond Carat Weight: 0.06<br>S1924999 #196",Gabriel & Co,Apparel & Accessories > Jewelry > Rings,Rings,"Anniversary, Anniversary Bands, Birthday, Category 130, For Her, For Mom, Gift, Helios Migrated, Round, Statement",true,Material,14 Karat Gold,,Stone Type,Natural Diamond,,Metal Color,Yellow Gold,,LR52572Y45JJ,0.0,shopify,0,deny,manual,2950.00,,true,true,,,,,,https://raw.githubusercontent.com/rishs-afk/JoharProductReview/main/shopify_upload/matched_images/LR52572Y45JJ-2.jpg,1,Diamond Fashion Rings - Women's,false,Diamond Fashion Rings - Women's,,622,Gabriel & Co.,,,,,,,,,,g,,766.00,active
lr52572y45jj,,,,,,,,,,,,,,,,,,,,,,,,,,,,,,,,https://raw.githubusercontent.com/rishs-afk/JoharProductReview/main/shopify_upload/matched_images/LR52572Y45JJ-4.jpg,2,Diamond Fashion Rings - Women's,,,,,,,,,,,,,,,,,,
lr52572y45jj,,,,,,,,,,,,,,,,,,,,,,,,,,,,,,,,https://raw.githubusercontent.com/rishs-afk/JoharProductReview/main/shopify_upload/matched_images/LR52572Y45JJ-1.jpg,3,Diamond Fashion Rings - Women's,,,,,,,,,,,,,,,,,,
lr52572y45jj,,,,,,,,,,,,,,,,,,,,,,,,,,,,,,,,https://raw.githubusercontent.com/rishs-afk/JoharProductReview/main/shopify_upload/matched_images/LR52572Y45JJ-3.jpg,4,Diamond Fashion Rings - Women's,,,,,,,,,,,,,,,,,,
lr52572y45jj,,,,,,,,,,,,,,,,,,,,,,,,,,,,,,,,https://raw.githubusercontent.com/rishs-afk/JoharProductReview/main/shopify_upload/matched_images/LR52572Y45JJ-5.jpg,5,Diamond Fashion Rings - Women's,,,,,,,,,,,,,,,,,,
lr51480w45jj,Diamond Fashion Rings - Women's,14 Karat White Gold Twist Band<br>Diamond Carat Weight: 0.30CT<br>S1925033 #184,Gabriel & Co,Apparel & Accessories > Jewelry > Rings,Rings,"Anniversary, Birthday, Category 130, Everyday, For Her, For Mom, Gift, Helios Migrated, Round, Stackable",true,Material,14 Karat Gold,,Stone Type,Natural Diamond,,Metal Color,White Gold,,LR51480W45JJ,0.0,shopify,0,deny,manual,1775.00,,true,true,,,,,,https://raw.githubusercontent.com/rishs-afk/JoharProductReview/main/shopify_upload/matched_images/LR51480W45JJ-4.jpg,1,Diamond Fashion Rings - Women's,false,Diamond Fashion Rings - Women's,,622,Gabriel & Co.,,,,,,,,,,g,,625.00,active
lr51480w45jj,,,,,,,,,,,,,,,,,,,,,,,,,,,,,,,,https://raw.githubusercontent.com/rishs-afk/JoharProductReview/main/shopify_upload/matched_images/LR51480W45JJ-1.jpg,2,Diamond Fashion Rings - Women's,,,,,,,,,,,,,,,,,,
lr51480w45jj,,,,,,,,,,,,,,,,,,,,,,,,,,,,,,,,https://raw.githubusercontent.com/rishs-afk/JoharProductReview/main/shopify_upload/matched_images/LR51480W45JJ-2.jpg,3,Diamond Fashion Rings - Women's,,,,,,,,,,,,,,,,,,
lr51480w45jj,,,,,,,,,,,,,,,,,,,,,,,,,,,,,,,,https://raw.githubusercontent.com/rishs-afk/JoharProductReview/main/shopify_upload/matched_images/LR51480W45JJ-3.jpg,4,Diamond Fashion Rings - Women's,,,,,,,,,,,,,,,,,,
lr51480w45jj,,,,,,,,,,,,,,,,,,,,,,,,,,,,,,,,https://raw.githubusercontent.com/rishs-afk/JoharProductReview/main/shopify_upload/matched_images/LR51480W45JJ-5.jpg,5,Diamond Fashion Rings - Women's,,,,,,,,,,,,,,,,,,
lr52659efy45jj,Diamond Fashion Rings - Women's,14 Karat Solid Yellow Gold Diamond Station Band<br>Pink Enamel<br>Diamond Carat Weight: 0.13CT<br>S1924974 #130,Gabriel & Co,Apparel & Accessories > Jewelry > Rings,Rings,"Anniversary, Birthday, Category 130, Everyday, For Her, For Mom, Gift, Helios Migrated, Round, Stackable",true,Material,14 Karat Gold,,Stone Type,Natural Diamond,,Metal Color,Yellow Gold,,LR52659EFY45JJ,0.0,shopify,0,deny,manual,900.00,,true,true,,,,,,https://raw.githubusercontent.com/rishs-afk/JoharProductReview/main/shopify_upload/matched_images/LR52659EFY45JJ-4.jpg,1,Diamond Fashion Rings - Women's,false,Diamond Fashion Rings - Women's,,626,Gabriel & Co.,,,,,,,,,,g,,290.00,active
lr52659efy45jj,,,,,,,,,,,,,,,,,,,,,,,,,,,,,,,,https://raw.githubusercontent.com/rishs-afk/JoharProductReview/main/shopify_upload/matched_images/LR52659EFY45JJ-1.jpg,2,Diamond Fashion Rings - Women's,,,,,,,,,,,,,,,,,,
lr52659efy45jj,,,,,,,,,,,,,,,,,,,,,,,,,,,,,,,,https://raw.githubusercontent.com/rishs-afk/JoharProductReview/main/shopify_upload/matched_images/LR52659EFY45JJ-2.jpg,3,Diamond Fashion Rings - Women's,,,,,,,,,,,,,,,,,,
lr52659efy45jj,,,,,,,,,,,,,,,,,,,,,,,,,,,,,,,,https://raw.githubusercontent.com/rishs-afk/JoharProductReview/main/shopify_upload/matched_images/LR52659EFY45JJ-3.jpg,4,Diamond Fashion Rings - Women's,,,,,,,,,,,,,,,,,,
lr52659efy45jj,,,,,,,,,,,,,,,,,,,,,,,,,,,,,,,,https://raw.githubusercontent.com/rishs-afk/JoharProductReview/main/shopify_upload/matched_images/LR52659EFY45JJ-5.jpg,5,Diamond Fashion Rings - Women's,,,,,,,,,,,,,,,,,,
lr52728y45jj,Diamond Fashion Rings - Women's,14 Karat Solid Yellow Gold Diamond Bujukan Band<br>Diamond Carat Weight: 0.18<br>S1925005 #118,Gabriel & Co,Apparel & Accessories > Jewelry > Rings,Rings,"Anniversary, Anniversary Bands, Birthday, Category 130, For Her, For Mom, Gift, Helios Migrated, Round, Statement",true,Material,14 Karat Gold,,Stone Type,Natural Diamond,,Metal Color,Yellow Gold,,LR52728Y45JJ,0.0,shopify,0,deny,manual,3450.00,,true,true,,,,,,https://raw.githubusercontent.com/rishs-afk/JoharProductReview/main/shopify_upload/matched_images/LR52728Y45JJ-2.jpg,1,Diamond Fashion Rings - Women's,false,Diamond Fashion Rings - Women's,,626,Gabriel & Co.,,,,,,,,,,g,,885.00,active
lr52728y45jj,,,,,,,,,,,,,,,,,,,,,,,,,,,,,,,,https://raw.githubusercontent.com/rishs-afk/JoharProductReview/main/shopify_upload/matched_images/LR52728Y45JJ-4.jpg,2,Diamond Fashion Rings - Women's,,,,,,,,,,,,,,,,,,
lr52728y45jj,,,,,,,,,,,,,,,,,,,,,,,,,,,,,,,,https://raw.githubusercontent.com/rishs-afk/JoharProductReview/main/shopify_upload/matched_images/LR52728Y45JJ-1.jpg,3,Diamond Fashion Rings - Women's,,,,,,,,,,,,,,,,,,
lr52728y45jj,,,,,,,,,,,,,,,,,,,,,,,,,,,,,,,,https://raw.githubusercontent.com/rishs-afk/JoharProductReview/main/shopify_upload/matched_images/LR52728Y45JJ-3.jpg,4,Diamond Fashion Rings - Women's,,,,,,,,,,,,,,,,,,
lr52728y45jj,,,,,,,,,,,,,,,,,,,,,,,,,,,,,,,,https://raw.githubusercontent.com/rishs-afk/JoharProductReview/main/shopify_upload/matched_images/LR52728Y45JJ-5.jpg,5,Diamond Fashion Rings - Women's,,,,,,,,,,,,,,,,,,
lr52728y45jj,,,,,,,,,,,,,,,,,,,,,,,,,,,,,,,,https://raw.githubusercontent.com/rishs-afk/JoharProductReview/main/shopify_upload/matched_images/LR52728Y45JJ-6.jpg,6,Diamond Fashion Rings - Women's,,,,,,,,,,,,,,,,,,
lr51464w45sa,Diamond Fashion Rings - Women's,14 Karat White Gold Sapphire Ring<br>Diamond Carat Weight: 0.01CT<br>Natural Blue Sapphires Princess Cut<br>S1924972 #117,Gabriel & Co,Apparel & Accessories > Jewelry > Rings,Rings,"Anniversary, Birthday, Category 130, Everyday, For Her, For Mom, Gift, Helios Migrated, Princess, Round",true,Material,14 Karat Gold,,Stone Type,"Natural Diamond, Birthstone",,Metal Color,White Gold,,LR51464W45SA,0.0,shopify,0,deny,manual,1300.00,,true,true,,,,,,https://raw.githubusercontent.com/rishs-afk/JoharProductReview/main/shopify_upload/matched_images/LR51464W45SA-4.jpg,1,Diamond Fashion Rings - Women's,false,Diamond Fashion Rings - Women's,,626,Gabriel & Co.,,,,,,,,,,g,,411.00,active
lr51464w45sa,,,,,,,,,,,,,,,,,,,,,,,,,,,,,,,,https://raw.githubusercontent.com/rishs-afk/JoharProductReview/main/shopify_upload/matched_images/LR51464W45SA-2.jpg,2,Diamond Fashion Rings - Women's,,,,,,,,,,,,,,,,,,
lr51464w45sa,,,,,,,,,,,,,,,,,,,,,,,,,,,,,,,,https://raw.githubusercontent.com/rishs-afk/JoharProductReview/main/shopify_upload/matched_images/LR51464W45SA-3.jpg,3,Diamond Fashion Rings - Women's,,,,,,,,,,,,,,,,,,
lr51464w45sa,,,,,,,,,,,,,,,,,,,,,,,,,,,,,,,,https://raw.githubusercontent.com/rishs-afk/JoharProductReview/main/shopify_upload/matched_images/LR51464W45SA-1.jpg,4,Diamond Fashion Rings - Women's,,,,,,,,,,,,,,,,,,
lr51464w45sa,,,,,,,,,,,,,,,,,,,,,,,,,,,,,,,,https://raw.githubusercontent.com/rishs-afk/JoharProductReview/main/shopify_upload/matched_images/LR51464W45SA-5.jpg,5,Diamond Fashion Rings - Women's,,,,,,,,,,,,,,,,,,
lr51464w45sa,,,,,,,,,,,,,,,,,,,,,,,,,,,,,,,,https://raw.githubusercontent.com/rishs-afk/JoharProductReview/main/shopify_upload/matched_images/LR51464W45SA-6.jpg,6,Diamond Fashion Rings - Women's,,,,,,,,,,,,,,,,,,
lr51825y45jj,Diamond Fashion Rings - Women's,14 Karat Yellow Gold Bujukan Pave Ring<br>Diamond Carat Weight: 0.07<br>S1910202 #78,Gabriel & Co,Apparel & Accessories > Jewelry > Rings,Rings,"Anniversary, Birthday, Category 130, Everyday, For Her, For Mom, Gift, Helios Migrated, Round",true,Material,14 Karat Gold,,Stone Type,Natural Diamond,,Metal Color,Yellow Gold,,LR51825Y45JJ,0.0,shopify,0,deny,manual,825.00,,true,true,,,,,,https://raw.githubusercontent.com/rishs-afk/JoharProductReview/main/shopify_upload/matched_images/LR51825Y45JJ-4.jpg,1,Diamond Fashion Rings - Women's,false,Diamond Fashion Rings - Women's,,628,Gabriel & Co.,,,,,,,,,,g,,245.00,active
lr51825y45jj,,,,,,,,,,,,,,,,,,,,,,,,,,,,,,,,https://raw.githubusercontent.com/rishs-afk/JoharProductReview/main/shopify_upload/matched_images/LR51825Y45JJ-3.jpg,2,Diamond Fashion Rings - Women's,,,,,,,,,,,,,,,,,,
lr51825y45jj,,,,,,,,,,,,,,,,,,,,,,,,,,,,,,,,https://raw.githubusercontent.com/rishs-afk/JoharProductReview/main/shopify_upload/matched_images/LR51825Y45JJ-2.jpg,3,Diamond Fashion Rings - Women's,,,,,,,,,,,,,,,,,,
lr51825y45jj,,,,,,,,,,,,,,,,,,,,,,,,,,,,,,,,https://raw.githubusercontent.com/rishs-afk/JoharProductReview/main/shopify_upload/matched_images/LR51825Y45JJ-1.jpg,4,Diamond Fashion Rings - Women's,,,,,,,,,,,,,,,,,,
lr51825y45jj,,,,,,,,,,,,,,,,,,,,,,,,,,,,,,,,https://raw.githubusercontent.com/rishs-afk/JoharProductReview/main/shopify_upload/matched_images/LR51825Y45JJ-5.jpg,5,Diamond Fashion Rings - Women's,,,,,,,,,,,,,,,,,,
lr51825y45jj,,,,,,,,,,,,,,,,,,,,,,,,,,,,,,,,https://raw.githubusercontent.com/rishs-afk/JoharProductReview/main/shopify_upload/matched_images/LR51825Y45JJ-6.jpg,6,Diamond Fashion Rings - Women's,,,,,,,,,,,,,,,,,,
lr52666y45jj,Diamond Fashion Rings - Women's,14 Karat White &amp; Yellow Gold Wave Band<br>Diamond Carat Weight: 0.21CT<br>S1919624 #59,Gabriel & Co,Apparel & Accessories > Jewelry > Rings,Rings,"Anniversary, Birthday, Category 130, For Her, For Mom, Gift, Helios Migrated, Round, Stackable",true,Material,14 Karat Gold,,Stone Type,Natural Diamond,,Metal Color,"Two-Tone, Yellow Gold",,LR52666Y45JJ,0.0,shopify,0,deny,manual,1550.00,,true,true,,,,,,https://raw.githubusercontent.com/rishs-afk/JoharProductReview/main/shopify_upload/matched_images/LR52666Y45JJ-4.jpg,1,Diamond Fashion Rings - Women's,false,Diamond Fashion Rings - Women's,,629,Gabriel & Co.,,,,,,,,,,g,,487.00,active
lr52666y45jj,,,,,,,,,,,,,,,,,,,,,,,,,,,,,,,,https://raw.githubusercontent.com/rishs-afk/JoharProductReview/main/shopify_upload/matched_images/LR52666Y45JJ-2.jpg,2,Diamond Fashion Rings - Women's,,,,,,,,,,,,,,,,,,
lr52666y45jj,,,,,,,,,,,,,,,,,,,,,,,,,,,,,,,,https://raw.githubusercontent.com/rishs-afk/JoharProductReview/main/shopify_upload/matched_images/LR52666Y45JJ-1.jpg,3,Diamond Fashion Rings - Women's,,,,,,,,,,,,,,,,,,
lr52666y45jj,,,,,,,,,,,,,,,,,,,,,,,,,,,,,,,,https://raw.githubusercontent.com/rishs-afk/JoharProductReview/main/shopify_upload/matched_images/LR52666Y45JJ-3.jpg,4,Diamond Fashion Rings - Women's,,,,,,,,,,,,,,,,,,
lr52666y45jj,,,,,,,,,,,,,,,,,,,,,,,,,,,,,,,,https://raw.githubusercontent.com/rishs-afk/JoharProductReview/main/shopify_upload/matched_images/LR52666Y45JJ-5.jpg,5,Diamond Fashion Rings - Women's,,,,,,,,,,,,,,,,,,
lr52666y45jj,,,,,,,,,,,,,,,,,,,,,,,,,,,,,,,,https://raw.githubusercontent.com/rishs-afk/JoharProductReview/main/shopify_upload/matched_images/LR52666Y45JJ-6.jpg,6,Diamond Fashion Rings - Women's,,,,,,,,,,,,,,,,,,
lr52422w45jj,Diamond Fashion Rings - Women's,14 Karat Solid White Gold Diamond Bypass Ring<br>Diamond Carat Weight: 0.50CT<br>S1938087 #46,Gabriel & Co,Apparel & Accessories > Jewelry > Rings,Rings,"Anniversary, Birthday, Category 130, For Her, For Mom, Gift, Helios Migrated, Round, Statement",true,Material,14 Karat Gold,,Stone Type,Natural Diamond,,Metal Color,White Gold,,LR52422W45JJ,0.0,shopify,0,deny,manual,2450.00,,true,true,,,,,,https://raw.githubusercontent.com/rishs-afk/JoharProductReview/main/shopify_upload/matched_images/LR52422W45JJ-4.jpg,1,Diamond Fashion Rings - Women's,false,Diamond Fashion Rings - Women's,,629,Gabriel & Co.,,,,,,,,,,g,,875.00,active
lr52422w45jj,,,,,,,,,,,,,,,,,,,,,,,,,,,,,,,,https://raw.githubusercontent.com/rishs-afk/JoharProductReview/main/shopify_upload/matched_images/LR52422W45JJ-1.jpg,2,Diamond Fashion Rings - Women's,,,,,,,,,,,,,,,,,,
lr52422w45jj,,,,,,,,,,,,,,,,,,,,,,,,,,,,,,,,https://raw.githubusercontent.com/rishs-afk/JoharProductReview/main/shopify_upload/matched_images/LR52422W45JJ-2.jpg,3,Diamond Fashion Rings - Women's,,,,,,,,,,,,,,,,,,
lr52422w45jj,,,,,,,,,,,,,,,,,,,,,,,,,,,,,,,,https://raw.githubusercontent.com/rishs-afk/JoharProductReview/main/shopify_upload/matched_images/LR52422W45JJ-3.jpg,4,Diamond Fashion Rings - Women's,,,,,,,,,,,,,,,,,,
lr52422w45jj,,,,,,,,,,,,,,,,,,,,,,,,,,,,,,,,https://raw.githubusercontent.com/rishs-afk/JoharProductReview/main/shopify_upload/matched_images/LR52422W45JJ-5.jpg,5,Diamond Fashion Rings - Women's,,,,,,,,,,,,,,,,,,
lr52077w43jj,Diamond Fashion Rings - Women's,Diamond Bezel Fashion Ring<br>14 Karat White Gold<br>Diamond Total Carat Weight: 0.03<br>S1908581 #31,Gabriel & Co,Apparel & Accessories > Jewelry > Rings,Rings,"Anniversary, Birthday, Category 130, Emerald, Everyday, For Her, For Mom, Gift, Helios Migrated, Stackable",true,Material,14 Karat Gold,,Stone Type,Natural Diamond,,Metal Color,White Gold,,LR52077W43JJ,0.0,shopify,0,deny,manual,775.00,,true,true,,,,,,https://raw.githubusercontent.com/rishs-afk/JoharProductReview/main/shopify_upload/matched_images/LR52077W43JJ-4.jpg,1,Diamond Fashion Rings - Women's,false,Diamond Fashion Rings - Women's,,629,Gabriel & Co.,,,,,,,,,,g,,222.00,active
lr52077w43jj,,,,,,,,,,,,,,,,,,,,,,,,,,,,,,,,https://raw.githubusercontent.com/rishs-afk/JoharProductReview/main/shopify_upload/matched_images/LR52077W43JJ-3.jpg,2,Diamond Fashion Rings - Women's,,,,,,,,,,,,,,,,,,
lr52077w43jj,,,,,,,,,,,,,,,,,,,,,,,,,,,,,,,,https://raw.githubusercontent.com/rishs-afk/JoharProductReview/main/shopify_upload/matched_images/LR52077W43JJ-1.jpg,3,Diamond Fashion Rings - Women's,,,,,,,,,,,,,,,,,,
lr52077w43jj,,,,,,,,,,,,,,,,,,,,,,,,,,,,,,,,https://raw.githubusercontent.com/rishs-afk/JoharProductReview/main/shopify_upload/matched_images/LR52077W43JJ-2.jpg,4,Diamond Fashion Rings - Women's,,,,,,,,,,,,,,,,,,
lr52077w43jj,,,,,,,,,,,,,,,,,,,,,,,,,,,,,,,,https://raw.githubusercontent.com/rishs-afk/JoharProductReview/main/shopify_upload/matched_images/LR52077W43JJ-5.jpg,5,Diamond Fashion Rings - Women's,,,,,,,,,,,,,,,,,,
lr52583m45jj,Diamond Fashion Rings - Women's,14 Karat White &amp; Yellow Solid Gold Bridge Band<br>Diamond Carat Weight: 0.25<br>S1877937 #11,Gabriel & Co,Apparel & Accessories > Jewelry > Rings,Rings,"Anniversary, Birthday, Category 130, For Her, For Mom, Gift, Helios Migrated, Round, Statement",true,Material,14 Karat Gold,,Stone Type,Natural Diamond,,Metal Color,Two-Tone,,LR52583M45JJ,0.0,shopify,0,deny,manual,2600.00,,true,true,,,,,,https://raw.githubusercontent.com/rishs-afk/JoharProductReview/main/shopify_upload/matched_images/LR52583M45JJ-4.jpg,1,Diamond Fashion Rings - Women's,false,Diamond Fashion Rings - Women's,,629,Gabriel & Co.,,,,,,,,,,g,,725.00,active
lr52583m45jj,,,,,,,,,,,,,,,,,,,,,,,,,,,,,,,,https://raw.githubusercontent.com/rishs-afk/JoharProductReview/main/shopify_upload/matched_images/LR52583M45JJ-2.jpg,2,Diamond Fashion Rings - Women's,,,,,,,,,,,,,,,,,,
lr52583m45jj,,,,,,,,,,,,,,,,,,,,,,,,,,,,,,,,https://raw.githubusercontent.com/rishs-afk/JoharProductReview/main/shopify_upload/matched_images/LR52583M45JJ-1.jpg,3,Diamond Fashion Rings - Women's,,,,,,,,,,,,,,,,,,
lr52583m45jj,,,,,,,,,,,,,,,,,,,,,,,,,,,,,,,,https://raw.githubusercontent.com/rishs-afk/JoharProductReview/main/shopify_upload/matched_images/LR52583M45JJ-3.jpg,4,Diamond Fashion Rings - Women's,,,,,,,,,,,,,,,,,,
lr52583m45jj,,,,,,,,,,,,,,,,,,,,,,,,,,,,,,,,https://raw.githubusercontent.com/rishs-afk/JoharProductReview/main/shopify_upload/matched_images/LR52583M45JJ-5.jpg,5,Diamond Fashion Rings - Women's,,,,,,,,,,,,,,,,,,
lr52581m45jj,Diamond Fashion Rings - Women's,14 Karat White &amp; Yellow French Pave Bypass Band<br>Diamond Carat Weight: 0.55<br>S1672553 #2,Gabriel & Co,Apparel & Accessories > Jewelry > Rings,Rings,"Anniversary, Birthday, Category 130, For Her, For Mom, Gift, Helios Migrated, Round, Statement",true,Material,14 Karat Gold,,Stone Type,Natural Diamond,,Metal Color,Yellow Gold,,LR52581M45JJ,0.0,shopify,0,deny,manual,3300.00,,true,true,,,,,,https://raw.githubusercontent.com/rishs-afk/JoharProductReview/main/shopify_upload/matched_images/LR52581M45JJ-2.jpg,1,Diamond Fashion Rings - Women's,false,Diamond Fashion Rings - Women's,,629,Gabriel & Co.,,,,,,,,,,g,,1061.00,active
lr52581m45jj,,,,,,,,,,,,,,,,,,,,,,,,,,,,,,,,https://raw.githubusercontent.com/rishs-afk/JoharProductReview/main/shopify_upload/matched_images/LR52581M45JJ-4.jpg,2,Diamond Fashion Rings - Women's,,,,,,,,,,,,,,,,,,
lr52581m45jj,,,,,,,,,,,,,,,,,,,,,,,,,,,,,,,,https://raw.githubusercontent.com/rishs-afk/JoharProductReview/main/shopify_upload/matched_images/LR52581M45JJ-3.jpg,3,Diamond Fashion Rings - Women's,,,,,,,,,,,,,,,,,,
lr52581m45jj,,,,,,,,,,,,,,,,,,,,,,,,,,,,,,,,https://raw.githubusercontent.com/rishs-afk/JoharProductReview/main/shopify_upload/matched_images/LR52581M45JJ-1.jpg,4,Diamond Fashion Rings - Women's,,,,,,,,,,,,,,,,,,
lr52581m45jj,,,,,,,,,,,,,,,,,,,,,,,,,,,,,,,,https://raw.githubusercontent.com/rishs-afk/JoharProductReview/main/shopify_upload/matched_images/LR52581M45JJ-5.jpg,5,Diamond Fashion Rings - Women's,,,,,,,,,,,,,,,,,,
sc22009225,Diamond Fashion Rings - Women's,14 Karat  Yellow Gold<br>Diamond Oval  Ring<br>Diamond Total Carat Weight: 0.28,Shy Creation,Apparel & Accessories > Jewelry > Rings,Rings,"Anniversary, Birthday, Category 130, For Her, For Mom, Gift, Helios Migrated, Round, Statement",true,Material,14 Karat Gold,,Stone Type,Natural Diamond,,Metal Color,Yellow Gold,,SC22009225,0.0,shopify,0,deny,manual,2150.00,,true,true,,,,,,https://raw.githubusercontent.com/rishs-afk/JoharProductReview/main/shopify_upload/matched_images/SC22009225.JPG,1,Diamond Fashion Rings - Women's,false,Diamond Fashion Rings - Women's,,943,Shy Creation,,,,,,,,,,g,,554.70,active
sc22009225,,,,,,,,,,,,,,,,,,,,,,,,,,,,,,,,https://raw.githubusercontent.com/rishs-afk/JoharProductReview/main/shopify_upload/matched_images/WEB_ALT_SC22009225.JPG,2,Diamond Fashion Rings - Women's,,,,,,,,,,,,,,,,,,
sc55024826,Diamond Fashion Rings - Women's,Shy Creation<br>14 Karat Yellow Gold<br>Diamond Bezel Fashion Ring<br>Diamond Total Carat Weight: 0.07,Shy Creation,Apparel & Accessories > Jewelry > Rings,Rings,"Anniversary, Birthday, Category 130, Everyday, For Her, For Mom, Gift, Helios Migrated, Round, Stackable",true,Material,14 Karat Gold,,Stone Type,Natural Diamond,,Metal Color,Yellow Gold,,SC55024826,0.0,shopify,0,deny,manual,1100.00,,true,true,,,,,,https://raw.githubusercontent.com/rishs-afk/JoharProductReview/main/shopify_upload/matched_images/SC55024826_C.JPG,1,Diamond Fashion Rings - Women's,false,Diamond Fashion Rings - Women's,,943,Shy Creation,,,,,,,,,,g,,296.70,active
sc55024826,,,,,,,,,,,,,,,,,,,,,,,,,,,,,,,,https://raw.githubusercontent.com/rishs-afk/JoharProductReview/main/shopify_upload/matched_images/SC55024826_D.JPG,2,Diamond Fashion Rings - Women's,,,,,,,,,,,,,,,,,,
sc55024826,,,,,,,,,,,,,,,,,,,,,,,,,,,,,,,,https://raw.githubusercontent.com/rishs-afk/JoharProductReview/main/shopify_upload/matched_images/SC55024826_B.JPG,3,Diamond Fashion Rings - Women's,,,,,,,,,,,,,,,,,,
sc55024826,,,,,,,,,,,,,,,,,,,,,,,,,,,,,,,,https://raw.githubusercontent.com/rishs-afk/JoharProductReview/main/shopify_upload/matched_images/SC55024826.JPG,4,Diamond Fashion Rings - Women's,,,,,,,,,,,,,,,,,,
sc55024826,,,,,,,,,,,,,,,,,,,,,,,,,,,,,,,,https://raw.githubusercontent.com/rishs-afk/JoharProductReview/main/shopify_upload/matched_images/WEB_ALT_SC22008527_SC22008533_SC55024805_SC55024826.JPG,5,Diamond Fashion Rings - Women's,,,,,,,,,,,,,,,,,,
sc55024829rd,Diamond Fashion Rings - Women's,Kate Collection<br>Diamond Ribbed Fashion Band<br>14 Karat Yellow Gold<br>Diamond Total Carat Weight: 0.26,Shy Creation,Apparel & Accessories > Jewelry > Rings,Rings,"Anniversary, Birthday, Category 130, For Her, For Mom, Gift, Helios Migrated, Round, Stackable",true,Material,14 Karat Gold,,Stone Type,Natural Diamond,,Metal Color,Yellow Gold,,SC55024829RD,0.0,shopify,0,deny,manual,1650.00,,true,true,,,,,,https://raw.githubusercontent.com/rishs-afk/JoharProductReview/main/shopify_upload/matched_images/SC55024829RD.JPG,1,Diamond Fashion Rings - Women's,false,Diamond Fashion Rings - Women's,,943,Shy Creation,,,,,,,,,,g,,425.70,active
sc55024829rd,,,,,,,,,,,,,,,,,,,,,,,,,,,,,,,,https://raw.githubusercontent.com/rishs-afk/JoharProductReview/main/shopify_upload/matched_images/WEB_ALT_SC55024829RD.JPG,2,Diamond Fashion Rings - Women's,,,,,,,,,,,,,,,,,,
sc55024215,Diamond Fashion Rings - Women's,Diamond Baguette Signet Bezel Ring<br>14 Karat Yellow Gold<br>Diamond Total Carat Weight: 0.05,Shy Creation,Apparel & Accessories > Jewelry > Rings,Rings,"Anniversary, Birthday, Category 130, Emerald, Everyday, For Her, For Mom, Gift, Helios Migrated",true,Material,14 Karat Gold,,Stone Type,Natural Diamond,,Metal Color,Yellow Gold,,SC55024215,0.0,shopify,0,deny,manual,1240.00,,true,true,,,,,,https://raw.githubusercontent.com/rishs-afk/JoharProductReview/main/shopify_upload/matched_images/SC55024215.JPG,1,Diamond Fashion Rings - Women's,false,Diamond Fashion Rings - Women's,,1056,Shy Creation,,,,,,,,,,g,,270.90,active
sc55024215,,,,,,,,,,,,,,,,,,,,,,,,,,,,,,,,https://raw.githubusercontent.com/rishs-afk/JoharProductReview/main/shopify_upload/matched_images/WEB_ALT_SC55024269_SC55024427_SC55024351_SC55024215.JPG,2,Diamond Fashion Rings - Women's,,,,,,,,,,,,,,,,,,
sc22008872,Diamond Fashion Rings - Women's,14 Karat Yellow Gold Bezel Set Diamond Dome Ring<br>Oval Diamond Carat Weight: 0.25CT<br>East To West Setting<br>Bailey Colln Shy Creation,Shy Creation,Apparel & Accessories > Jewelry > Rings,Rings,"Anniversary, Birthday, Category 130, For Her, For Mom, Gift, Helios Migrated, Oval, Statement",true,Material,14 Karat Gold,,Stone Type,Natural Diamond,,Metal Color,Yellow Gold,,SC22008872,0.0,shopify,0,deny,manual,2790.00,,true,true,,,,,,https://raw.githubusercontent.com/rishs-afk/JoharProductReview/main/shopify_upload/matched_images/SC22008872.JPG,1,Diamond Fashion Rings - Women's,false,Diamond Fashion Rings - Women's,,1056,Shy Creation,,,,,,,,,,g,,726.70,active
sc22008872,,,,,,,,,,,,,,,,,,,,,,,,,,,,,,,,https://raw.githubusercontent.com/rishs-afk/JoharProductReview/main/shopify_upload/matched_images/WEB_ALT_SC22008872_SC22008914.JPG,2,Diamond Fashion Rings - Women's,,,,,,,,,,,,,,,,,,
sc55025117,Diamond Fashion Rings - Women's,Diamond Fashion Ring<br>14 Karat Yellow Gold<br>Diamond Total Carat Weight: 0.23,Shy Creation,Apparel & Accessories > Jewelry > Rings,Rings,"Anniversary, Birthday, Category 130, Everday, Everyday, For Her, For Mom, Gift, Helios Migrated, Round, Stackable, Wedding Bands",true,Material,14 Karat Gold,,Stone Type,Natural Diamond,,Metal Color,Yellow Gold,,SC55025117,0.0,shopify,0,deny,manual,1740.00,,true,true,,,,,,https://raw.githubusercontent.com/rishs-afk/JoharProductReview/main/shopify_upload/matched_images/SC55025117.JPG,1,Diamond Fashion Rings - Women's,false,Diamond Fashion Rings - Women's,,1056,Shy Creation,,,,,,,,,,g,,427.85,active
sc22008914,Diamond Fashion Rings - Women's,14 Karat Yellow Gold Diamond Dome Ring<br>Diamond Carat Weight: 0.15CT<br>Kate Colln Shy Creation,Shy Creation,Apparel & Accessories > Jewelry > Rings,Rings,"Anniversary, Birthday, Category 130, For Her, For Mom, Gift, Helios Migrated, Round, Statement",true,Material,14 Karat Gold,,Stone Type,Natural Diamond,,Metal Color,Yellow Gold,,SC22008914,0.0,shopify,0,deny,manual,1400.00,,true,true,,,,,,https://raw.githubusercontent.com/rishs-afk/JoharProductReview/main/shopify_upload/matched_images/SC22008914.JPG,1,Diamond Fashion Rings - Women's,false,Diamond Fashion Rings - Women's,,1056,Shy Creation,,,,,,,,,,g,,425.70,active
sc22008914,,,,,,,,,,,,,,,,,,,,,,,,,,,,,,,,https://raw.githubusercontent.com/rishs-afk/JoharProductReview/main/shopify_upload/matched_images/WEB_ALT_SC22008872_SC22008914.JPG,2,Diamond Fashion Rings - Women's,,,,,,,,,,,,,,,,,,
sc22007326,Diamond Fashion Rings - Women's,Diamond Past Present Future Ring<br>Emerald Center<br>14 Karat Yellow Gold<br>Diamond Total Carat Weight: 0.53,Shy Creation,Apparel & Accessories > Jewelry > Rings,Rings,"Anniversary, Birthday, Category 130, Contemporary, Emerald, For Her, For Mom, Gift, Helios Migrated, Pear, Proposal Ready Ring, Statement, Three Stone",true,Material,14 Karat Gold,,Stone Type,Natural Diamond,,Metal Color,Yellow Gold,,SC22007326,0.0,shopify,0,deny,manual,3430.00,,true,true,,,,,,https://raw.githubusercontent.com/rishs-afk/JoharProductReview/main/shopify_upload/matched_images/SC22007326.JPG,1,Diamond Fashion Rings - Women's,false,Diamond Fashion Rings - Women's,,1056,Shy Creation,,,,,,,,,,g,,1182.50,active
sc55002336,Diamond Fashion Rings - Women's,Diamond French Pave Bypass Ring<br>14 Karat White Gold<br>Diamond Total Carat Weight: 0.43,Shy Creation,Apparel & Accessories > Jewelry > Rings,Rings,"Anniversary, Birthday, Category 130, For Her, For Mom, Gift, Helios Migrated, Round, Statement",true,Material,14 Karat Gold,,Stone Type,Natural Diamond,,Metal Color,White Gold,,SC55002336,0.0,shopify,0,deny,manual,1920.00,,true,true,,,,,,https://raw.githubusercontent.com/rishs-afk/JoharProductReview/main/shopify_upload/matched_images/SC55002336.JPG,1,Diamond Fashion Rings - Women's,false,Diamond Fashion Rings - Women's,,1056,Shy Creation,,,,,,,,,,g,,543.95,active
sc55009290,Diamond Fashion Rings - Women's,14 Karat Yellow Gold Three Stone Band<br>East To West Baguette Diamonds<br>Diamond Carat Weight: 0.19CT,Shy Creation,Apparel & Accessories > Jewelry > Rings,Rings,"Anniversary, Anniversary Bands, Birthday, Category 130, Emerald, Everyday, For Her, For Mom, Gift, Helios Migrated, Round, Stackable",true,Material,14 Karat Gold,,Stone Type,Natural Diamond,,Metal Color,Yellow Gold,,SC55009290,0.0,shopify,0,deny,manual,750.00,,true,true,,,,,,https://raw.githubusercontent.com/rishs-afk/JoharProductReview/main/shopify_upload/matched_images/SC55009290.JPG,1,Diamond Fashion Rings - Women's,false,Diamond Fashion Rings - Women's,,1056,Shy Creation,,,,,,,,,,g,,223.60,active
sc55009290,,,,,,,,,,,,,,,,,,,,,,,,,,,,,,,,https://raw.githubusercontent.com/rishs-afk/JoharProductReview/main/shopify_upload/matched_images/WEB%20ALT%20SC55020301%20SC55009284%20SC55009290.JPG,2,Diamond Fashion Rings - Women's,,,,,,,,,,,,,,,,,,
sc55021134,Diamond Fashion Rings - Women's,14 Karat Yellow Gold Clover Band<br>Diamond Carat Weight: 0.21CT<br>Kate Colln Shy Creation,Shy Creation,Apparel & Accessories > Jewelry > Rings,Rings,"Anniversary, Birthday, Category 130, For Her, For Mom, Gift, Helios Migrated, Round, Stackable, Statement",true,Material,14 Karat Gold,,Stone Type,Natural Diamond,,Metal Color,Yellow Gold,,SC55021134,0.0,shopify,0,deny,manual,1220.00,,true,true,,,,,,https://raw.githubusercontent.com/rishs-afk/JoharProductReview/main/shopify_upload/matched_images/SC55021134.JPG,1,Diamond Fashion Rings - Women's,false,Diamond Fashion Rings - Women's,,1134,Shy Creation,,,,,,,,,,g,,402.05,active
sc22009076,Diamond Fashion Rings - Women's,14 Karat Yellow Gold Diamond Dome Ring<br>Diamond Carat Weight: 0.43CT<br>Bailey Colln Shy Creation,Shy Creation,Apparel & Accessories > Jewelry > Rings,Rings,"Anniversary, Birthday, Category 130, For Her, For Mom, Gift, Helios Migrated, Round, Statement",true,Material,14 Karat Gold,,Stone Type,Natural Diamond,,Metal Color,Yellow Gold,,SC22009076,0.0,shopify,0,deny,manual,2200.00,,true,true,,,,,,https://raw.githubusercontent.com/rishs-afk/JoharProductReview/main/shopify_upload/matched_images/SC22009076_D.JPG,1,Diamond Fashion Rings - Women's,false,Diamond Fashion Rings - Women's,,1134,Shy Creation,,,,,,,,,,g,,642.85,active
sc22009076,,,,,,,,,,,,,,,,,,,,,,,,,,,,,,,,https://raw.githubusercontent.com/rishs-afk/JoharProductReview/main/shopify_upload/matched_images/SC22009076_C.JPG,2,Diamond Fashion Rings - Women's,,,,,,,,,,,,,,,,,,
sc22009076,,,,,,,,,,,,,,,,,,,,,,,,,,,,,,,,https://raw.githubusercontent.com/rishs-afk/JoharProductReview/main/shopify_upload/matched_images/SC22009076.JPG,3,Diamond Fashion Rings - Women's,,,,,,,,,,,,,,,,,,
sc22009076,,,,,,,,,,,,,,,,,,,,,,,,,,,,,,,,https://raw.githubusercontent.com/rishs-afk/JoharProductReview/main/shopify_upload/matched_images/SC22009076_B.JPG,4,Diamond Fashion Rings - Women's,,,,,,,,,,,,,,,,,,
sc22009076,,,,,,,,,,,,,,,,,,,,,,,,,,,,,,,,https://raw.githubusercontent.com/rishs-afk/JoharProductReview/main/shopify_upload/matched_images/WEB_ALT_SC22009076.JPG,5,Diamond Fashion Rings - Women's,,,,,,,,,,,,,,,,,,
sc36213792,Diamond Fashion Rings - Women's,14 Karat Solid Yellow Gold<br>Diamond Carat Weight: 0.11<br>Diamond Baguette Fashion Ring,Shy Creation,Apparel & Accessories > Jewelry > Rings,Rings,"Anniversary, Birthday, Category 130, Emerald, Everyday, For Her, For Mom, Gift, Helios Migrated, Round",true,Material,14 Karat Gold,,Stone Type,Natural Diamond,,Metal Color,Yellow Gold,,SC36213792,0.0,shopify,0,deny,manual,700.00,,true,true,,,,,,https://raw.githubusercontent.com/rishs-afk/JoharProductReview/main/shopify_upload/matched_images/SC36213792B.JPG,1,Diamond Fashion Rings - Women's,false,Diamond Fashion Rings - Women's,,1134,Shy Creation,,,,,,,,,,g,,184.90,active
sc36213792,,,,,,,,,,,,,,,,,,,,,,,,,,,,,,,,https://raw.githubusercontent.com/rishs-afk/JoharProductReview/main/shopify_upload/matched_images/SC36213792.JPG,2,Diamond Fashion Rings - Women's,,,,,,,,,,,,,,,,,,
sc22007320,Diamond Fashion Rings - Women's,Solitaire Emerald Bezel Ring<br>14 Karat Yellow Gold<br>Diamond Total Carat Weight:  0.21,Shy Creation,Apparel & Accessories > Jewelry > Rings,Rings,"Anniversary, Birthday, Category 130, Contemporary, Emerald, For Her, For Mom, Gift, Helios Migrated, Proposal Ready Ring, Solitaire, Statement",true,Material,14 Karat Gold,,Stone Type,Natural Diamond,,Metal Color,Yellow Gold,,SC22007320,0.0,shopify,0,deny,manual,1295.00,,true,true,,,,,,https://raw.githubusercontent.com/rishs-afk/JoharProductReview/main/shopify_upload/matched_images/SC22007320.JPG,1,Diamond Fashion Rings - Women's,false,Diamond Fashion Rings - Women's,,1134,Shy Creation,,,,,,,,,,g,,556.85,active
sc55023682,Diamond Fashion Rings - Women's,14 Karat Yellow Gold Diamond Bezel Ring<br>Diamond Carat Weight: 0.10CT<br>Bailey Colln Shy Creation,Shy Creation,Apparel & Accessories > Jewelry > Rings,Rings,"Anniversary, Anniversary Bands, Birthday, Category 130, Everyday, For Her, For Mom, Gift, Helios Migrated, Round, Stackable",true,Material,14 Karat Gold,,Stone Type,Natural Diamond,,Metal Color,Yellow Gold,,SC55023682,0.0,shopify,0,deny,manual,1100.00,,true,true,,,,,,https://raw.githubusercontent.com/rishs-afk/JoharProductReview/main/shopify_upload/matched_images/SC55023682.JPG,1,Diamond Fashion Rings - Women's,false,Diamond Fashion Rings - Women's,,1134,Shy Creation,,,,,,,,,,g,,298.85,active
sc55023682,,,,,,,,,,,,,,,,,,,,,,,,,,,,,,,,https://raw.githubusercontent.com/rishs-afk/JoharProductReview/main/shopify_upload/matched_images/WEB_ALT_SC55023682.JPG,2,Diamond Fashion Rings - Women's,,,,,,,,,,,,,,,,,,
sc22005862,Diamond Fashion Rings - Women's,14 Karat Rose Gold Bezel Solitaire Ring<br>Diamond Carat Weight: 0.41CT<br>Bezel Set<br>Bailey Colln Shy Creation,Shy Creation,Apparel & Accessories > Jewelry > Rings,Rings,"Anniversary, Birthday, Category 130, Contemporary, For Her, For Mom, Gift, Helios Migrated, Pear, Proposal Ready Ring, Solitaire, Statement",true,Material,14 Karat Gold,,Stone Type,Natural Diamond,,Metal Color,Rose Gold,,SC22005862,0.0,shopify,0,deny,manual,2465.00,,true,true,,,,,,https://raw.githubusercontent.com/rishs-afk/JoharProductReview/main/shopify_upload/matched_images/SC22005862.JPG,1,Diamond Fashion Rings - Women's,false,Diamond Fashion Rings - Women's,,1248,Shy Creation,,,,,,,,,,g,,1059.95,active
sc22005862,,,,,,,,,,,,,,,,,,,,,,,,,,,,,,,,https://raw.githubusercontent.com/rishs-afk/JoharProductReview/main/shopify_upload/matched_images/WEB%20ALT%20SC22005858%20SC22005864%20SC22005862%20SC22005854.JPG,2,Diamond Fashion Rings - Women's,,,,,,,,,,,,,,,,,,
sc55006144v2,Diamond Fashion Rings - Women's,Kate Collection<br>Diamond Signet Band<br>14 Karat Rose Gold<br>Diamond Total Carat Weight: 0.07,Shy Creation,Apparel & Accessories > Jewelry > Rings,Rings,"Anniversary, Birthday, Category 130, Everyday, For Her, For Mom, Gift, Helios Migrated, Round, Stackable, Wedding Bands",true,Material,14 Karat Gold,,Stone Type,Natural Diamond,,Metal Color,Rose Gold,,SC55006144V2,0.0,shopify,0,deny,manual,995.00,,true,true,,,,,,https://raw.githubusercontent.com/rishs-afk/JoharProductReview/main/shopify_upload/matched_images/SC55006144V2.JPG,1,Diamond Fashion Rings - Women's,false,Diamond Fashion Rings - Women's,,1419,Shy Creation,,,,,,,,,,g,,262.30,active
sc22008333,Diamond Fashion Rings - Women's,Stella Collection<br>Diamond Anniversary Band<br>14 Karat White Gold<br>Diamond Total Carat Weight: 0.81,Shy Creation,Apparel & Accessories > Jewelry > Rings,Rings,"Anniversary, Anniversary Bands, Category 130, For Her, For Mom, Helios Migrated, Round, Statement",true,Material,14 Karat Gold,,Stone Type,Natural Diamond,,Metal Color,White Gold,,SC22008333,0.0,shopify,0,deny,manual,3600.00,,true,true,,,,,,https://raw.githubusercontent.com/rishs-afk/JoharProductReview/main/shopify_upload/matched_images/SC22008333.JPG,1,Diamond Fashion Rings - Women's,false,Diamond Fashion Rings - Women's,,1432,Shy Creation,,,,,,,,,,g,,1072.85,active
sc22008333,,,,,,,,,,,,,,,,,,,,,,,,,,,,,,,,https://raw.githubusercontent.com/rishs-afk/JoharProductReview/main/shopify_upload/matched_images/WEBALT_SC22008336_SC22008333.JPG,2,Diamond Fashion Rings - Women's,,,,,,,,,,,,,,,,,,
sc55019555,Diamond Fashion Rings - Women's,Bailey Collection<br>Diamond Band<br>14 Karat Yellow Gold<br>Diamond Total Carat Weight: 0.13,Shy Creation,Apparel & Accessories > Jewelry > Rings,Rings,"Anniversary, Birthday, Category 130, Everyday, For Her, For Mom, Gift, Helios Migrated, Marquise, Stackable, Wedding Bands",true,Material,14 Karat Gold,,Stone Type,Natural Diamond,,Metal Color,Yellow Gold,,SC55019555,0.0,shopify,0,deny,manual,990.00,,true,true,,,,,,https://raw.githubusercontent.com/rishs-afk/JoharProductReview/main/shopify_upload/matched_images/SC55019555.JPG,1,Diamond Fashion Rings - Women's,false,Diamond Fashion Rings - Women's,,1464,Shy Creation,,,,,,,,,,g,,266.60,active
sc22005622,Diamond Fashion Rings - Women's,14 Karat Solid White Gold<br>Kate Collection<br>Diamond Fashion Ring<br>Diamond Total Carat Weight: 0.10,Shy Creation,Apparel & Accessories > Jewelry > Rings,Rings,"Anniversary, Birthday, Category 130, Everyday, For Her, For Mom, Gift, Helios Migrated, Round, Stackable, Wedding Bands",true,Material,14 Karat Gold,,Stone Type,Natural Diamond,,Metal Color,White Gold,,SC22005622,0.0,shopify,0,deny,manual,900.00,,true,true,,,,,,https://raw.githubusercontent.com/rishs-afk/JoharProductReview/main/shopify_upload/matched_images/SC22005622.JPG,1,Diamond Fashion Rings - Women's,false,Diamond Fashion Rings - Women's,,1467,Shy Creation,,,,,,,,,,g,,191.78,active
an14957m44jj,Diamond Anniversary Rings,Diamond Anniversary Band<br>14 Karat Yellow Gold<br>Diamond Tota Carat Weight: 1.05<br>S1925029 #127,Gabriel & Co,Apparel & Accessories > Jewelry > Rings,Rings,"Anniversary, Anniversary Bands, Category 120, For Her, For Mom, Helios Migrated, Round, Stackable, Statement, Wedding Bands",true,Material,14 Karat Gold,,Stone Type,Natural Diamond,,Metal Color,Yellow Gold,,AN14957M44JJ,0.0,shopify,0,deny,manual,6401.00,,true,true,,,,,,https://raw.githubusercontent.com/rishs-afk/JoharProductReview/main/shopify_upload/matched_images/AN14957M44JJ-4.jpg,1,Diamond Anniversary Rings,false,Diamond Anniversary Rings,,626,Gabriel & Co.,,,,,,,,,,g,,2493.00,active
an14957m44jj,,,,,,,,,,,,,,,,,,,,,,,,,,,,,,,,https://raw.githubusercontent.com/rishs-afk/JoharProductReview/main/shopify_upload/matched_images/AN14957M44JJ-1.jpg,2,Diamond Anniversary Rings,,,,,,,,,,,,,,,,,,
an14957m44jj,,,,,,,,,,,,,,,,,,,,,,,,,,,,,,,,https://raw.githubusercontent.com/rishs-afk/JoharProductReview/main/shopify_upload/matched_images/AN14957M44JJ-3.jpg,3,Diamond Anniversary Rings,,,,,,,,,,,,,,,,,,
an14957m44jj,,,,,,,,,,,,,,,,,,,,,,,,,,,,,,,,https://raw.githubusercontent.com/rishs-afk/JoharProductReview/main/shopify_upload/matched_images/AN14957M44JJ-2.jpg,4,Diamond Anniversary Rings,,,,,,,,,,,,,,,,,,
an14957m44jj,,,,,,,,,,,,,,,,,,,,,,,,,,,,,,,,https://raw.githubusercontent.com/rishs-afk/JoharProductReview/main/shopify_upload/matched_images/AN14957M44JJ-5.jpg,5,Diamond Anniversary Rings,,,,,,,,,,,,,,,,,,
an15719w44jj,Diamond Anniversary Rings,<p>14KWG 0.93CT S1926886 #125</p>,Gabriel & Co,Apparel & Accessories > Jewelry > Rings,Rings,"Anniversary, Anniversary Bands, Category 120, For Her, For Mom, Helios Migrated, Oval, Stackable, Statement, Wedding Bands",true,Material,14 Karat Gold,,Stone Type,Natural Diamond,,Metal Color,White Gold,,AN15719W44JJ,0.0,shopify,0,deny,manual,6500.00,,true,true,,,,,,https://raw.githubusercontent.com/rishs-afk/JoharProductReview/main/shopify_upload/matched_images/AN15719W44JJ-4.jpg,1,Diamond Anniversary Rings,false,Diamond Anniversary Rings,,626,Gabriel & Co.,,,,,,,,,,g,,2615.00,active
an15719w44jj,,,,,,,,,,,,,,,,,,,,,,,,,,,,,,,,https://raw.githubusercontent.com/rishs-afk/JoharProductReview/main/shopify_upload/matched_images/AN15719W44JJ-2.jpg,2,Diamond Anniversary Rings,,,,,,,,,,,,,,,,,,
an15719w44jj,,,,,,,,,,,,,,,,,,,,,,,,,,,,,,,,https://raw.githubusercontent.com/rishs-afk/JoharProductReview/main/shopify_upload/matched_images/AN15719W44JJ-1.jpg,3,Diamond Anniversary Rings,,,,,,,,,,,,,,,,,,
an15719w44jj,,,,,,,,,,,,,,,,,,,,,,,,,,,,,,,,https://raw.githubusercontent.com/rishs-afk/JoharProductReview/main/shopify_upload/matched_images/AN15719W44JJ-3.jpg,4,Diamond Anniversary Rings,,,,,,,,,,,,,,,,,,
an15719w44jj,,,,,,,,,,,,,,,,,,,,,,,,,,,,,,,,https://raw.githubusercontent.com/rishs-afk/JoharProductReview/main/shopify_upload/matched_images/AN15719W44JJ-5.jpg,5,Diamond Anniversary Rings,,,,,,,,,,,,,,,,,,
sc55008922,Diamond Wedding Bands  -  Women's,14 Karat Yellow Gold French Pave Band<br>Kate Collection<br>Diamond Carat Weight: 0.81CT,Shy Creation,Apparel & Accessories > Jewelry > Rings > Wedding Bands,Rings,"Category 110, Everyday, For Her, For Mom, Helios Migrated, Round, Stackable, Wedding, Wedding Bands",true,Material,14 Karat Gold,,Stone Type,Natural Diamond,,Metal Color,Yellow Gold,,SC55008922,0.0,shopify,0,deny,manual,2490.00,,true,true,,,,,,https://raw.githubusercontent.com/rishs-afk/JoharProductReview/main/shopify_upload/matched_images/SC55008922.JPG,1,Diamond Wedding Bands  -  Women's,false,Diamond Wedding Bands  -  Women's,,12,Shy Creation,,,,,,,,,,g,,675.10,active
sc22009169-2,Diamond Wedding Bands  -  Women's,14 Karat Solid Yellow Gold<br>Emerald Cut Diamond Band<br>Diamond Total Carat Weight: 0.89,Shy Creation,Apparel & Accessories > Jewelry > Rings > Wedding Bands,Rings,"Category 110, Emerald, Everyday, For Her, For Mom, Helios Migrated, Stackable, Wedding, Wedding Bands",true,Material,14 Karat Gold,,Stone Type,Natural Diamond,,Metal Color,Yellow Gold,,SC22009169-2,0.0,shopify,0,deny,manual,2495.00,,true,true,,,,,,https://raw.githubusercontent.com/rishs-afk/JoharProductReview/main/shopify_upload/matched_images/SC22009169.JPG,1,Diamond Wedding Bands  -  Women's,false,Diamond Wedding Bands  -  Women's,,12,Shy Creation,,,,,,,,,,g,,1122.75,active
sc22009169-2,,,,,,,,,,,,,,,,,,,,,,,,,,,,,,,,https://raw.githubusercontent.com/rishs-afk/JoharProductReview/main/shopify_upload/matched_images/WEB_ALT_SC22009169.JPG,2,Diamond Wedding Bands  -  Women's,,,,,,,,,,,,,,,,,,
lr4572y45jj,Diamond Wedding Bands  -  Women's,Diamond Baguette And Round Band<br>14 Karat Yellow Gold<br>Diamond Total Carat Weight: 0.55Ct<br>S2248256 #165,Gabriel & Co,Apparel & Accessories > Jewelry > Rings > Wedding Bands,Rings,"Category 110, Emerald, Everyday, For Her, Helios Migrated, Round, Stackable, Wedding, Wedding Bands",true,Material,14 Karat Gold,,Stone Type,Natural Diamond,,Metal Color,Yellow Gold,,LR4572Y45JJ,0.0,shopify,0,deny,manual,2500.00,,true,true,,,,,,https://raw.githubusercontent.com/rishs-afk/JoharProductReview/main/shopify_upload/matched_images/LR4572Y45JJ-4.jpg,1,Diamond Wedding Bands  -  Women's,false,Diamond Wedding Bands  -  Women's,,65,Gabriel & Co.,,,,,,,,,,g,,967.50,active
lr4572y45jj,,,,,,,,,,,,,,,,,,,,,,,,,,,,,,,,https://raw.githubusercontent.com/rishs-afk/JoharProductReview/main/shopify_upload/matched_images/LR4572Y45JJ-3.jpg,2,Diamond Wedding Bands  -  Women's,,,,,,,,,,,,,,,,,,
lr4572y45jj,,,,,,,,,,,,,,,,,,,,,,,,,,,,,,,,https://raw.githubusercontent.com/rishs-afk/JoharProductReview/main/shopify_upload/matched_images/LR4572Y45JJ-1.jpg,3,Diamond Wedding Bands  -  Women's,,,,,,,,,,,,,,,,,,
lr4572y45jj,,,,,,,,,,,,,,,,,,,,,,,,,,,,,,,,https://raw.githubusercontent.com/rishs-afk/JoharProductReview/main/shopify_upload/matched_images/LR4572Y45JJ-2.jpg,4,Diamond Wedding Bands  -  Women's,,,,,,,,,,,,,,,,,,
lr4572y45jj,,,,,,,,,,,,,,,,,,,,,,,,,,,,,,,,https://raw.githubusercontent.com/rishs-afk/JoharProductReview/main/shopify_upload/matched_images/LR4572Y45JJ-5.jpg,5,Diamond Wedding Bands  -  Women's,,,,,,,,,,,,,,,,,,
sc22009169,Diamond Wedding Bands  -  Women's,14 Karat Solid Yellow Gold<br>Emerald Cut Diamond Band<br>Diamond Total Carat Weight: 0.89,DIAMOND RING CO,Apparel & Accessories > Jewelry > Rings > Wedding Bands,Rings,"Category 110, Emerald, Everyday, For Her, For Mom, Helios Migrated, Stackable, Wedding, Wedding Bands",true,Material,14 Karat Gold,,Stone Type,Natural Diamond,,Metal Color,Yellow Gold,,SC22009169,0.0,shopify,0,deny,manual,2495.00,,true,true,,,,,,https://raw.githubusercontent.com/rishs-afk/JoharProductReview/main/shopify_upload/matched_images/SC22009169.JPG,1,Diamond Wedding Bands  -  Women's,false,Diamond Wedding Bands  -  Women's,,147,Shy Creation,,,,,,,,,,g,,1072.85,active
sc22009169,,,,,,,,,,,,,,,,,,,,,,,,,,,,,,,,https://raw.githubusercontent.com/rishs-afk/JoharProductReview/main/shopify_upload/matched_images/WEB_ALT_SC22009169.JPG,2,Diamond Wedding Bands  -  Women's,,,,,,,,,,,,,,,,,,
sc55021065,Diamond Wedding Bands  -  Women's,14 Karat Solid Yellow Gold<br>Diamond Bezel Band<br>Diamond Total Carat Weight: 0.39,DIAMOND RING CO,Apparel & Accessories > Jewelry > Rings > Wedding Bands,Rings,"Category 110, Everyday, For Her, For Mom, Helios Migrated, Round, Stackable, Wedding, Wedding Bands",true,Material,14 Karat Gold,,Stone Type,Natural Diamond,,Metal Color,Yellow Gold,,SC55021065,0.0,shopify,0,deny,manual,990.00,,true,true,,,,,,https://raw.githubusercontent.com/rishs-afk/JoharProductReview/main/shopify_upload/matched_images/SC55021065.JPG,1,Diamond Wedding Bands  -  Women's,false,Diamond Wedding Bands  -  Women's,,147,Shy Creation,,,,,,,,,,g,,425.70,active
sc55021065,,,,,,,,,,,,,,,,,,,,,,,,,,,,,,,,https://raw.githubusercontent.com/rishs-afk/JoharProductReview/main/shopify_upload/matched_images/WEB%20ALT%20SC55021065%20SC55020924%20SC55020280%20SC55020295.JPG,2,Diamond Wedding Bands  -  Women's,,,,,,,,,,,,,,,,,,
lr51177y45jj,Diamond Wedding Bands  -  Women's,14 Karat Solid Yellow Gold<br>Diamond Tipped Stackable Band<br>Diamond Total Carat Weight: 0.06<br>S2233195 #28,Gabriel & Co,Apparel & Accessories > Jewelry > Rings > Wedding Bands,,"Category 110, For Her, Helios Migrated, Round, Stackable, Wedding, Wedding Bands",true,Material,14 Karat Gold,,Stone Type,Natural Diamond,,Metal Color,Yellow Gold,,LR51177Y45JJ,0.0,shopify,0,deny,manual,1000.00,,true,true,,,,,,https://raw.githubusercontent.com/rishs-afk/JoharProductReview/main/shopify_upload/matched_images/LR51177Y45JJ-4.jpg,1,Diamond Wedding Bands  -  Women's,false,Diamond Wedding Bands  -  Women's,,147,Gabriel & Co.,,,,,,,,,,g,,333.00,active
lr51177y45jj,,,,,,,,,,,,,,,,,,,,,,,,,,,,,,,,https://raw.githubusercontent.com/rishs-afk/JoharProductReview/main/shopify_upload/matched_images/LR51177Y45JJ-1.jpg,2,Diamond Wedding Bands  -  Women's,,,,,,,,,,,,,,,,,,
lr51177y45jj,,,,,,,,,,,,,,,,,,,,,,,,,,,,,,,,https://raw.githubusercontent.com/rishs-afk/JoharProductReview/main/shopify_upload/matched_images/LR51177Y45JJ-3.jpg,3,Diamond Wedding Bands  -  Women's,,,,,,,,,,,,,,,,,,
lr51177y45jj,,,,,,,,,,,,,,,,,,,,,,,,,,,,,,,,https://raw.githubusercontent.com/rishs-afk/JoharProductReview/main/shopify_upload/matched_images/LR51177Y45JJ-2.jpg,4,Diamond Wedding Bands  -  Women's,,,,,,,,,,,,,,,,,,
lr51177y45jj,,,,,,,,,,,,,,,,,,,,,,,,,,,,,,,,https://raw.githubusercontent.com/rishs-afk/JoharProductReview/main/shopify_upload/matched_images/LR51177Y45JJ-5.jpg,5,Diamond Wedding Bands  -  Women's,,,,,,,,,,,,,,,,,,
sc55029149,Diamond Wedding Bands  -  Women's,14 Karat Solid Yellow Gold Band<br>Diamond Lady's Band<br>Diamond Total Carat Weight: 0.12,Shy Creation,Apparel & Accessories > Jewelry > Rings > Wedding Bands,Rings,"Category 110, Everyday, For Her, For Mom, Helios Migrated, Round, Stackable, Wedding, Wedding Bands",true,Material,14 Karat Gold,,Stone Type,Natural Diamond,,Metal Color,Yellow Gold,,SC55029149,0.0,shopify,0,deny,manual,995.00,,true,true,,,,,,https://raw.githubusercontent.com/rishs-afk/JoharProductReview/main/shopify_upload/matched_images/SC55029149.JPG,1,Diamond Wedding Bands  -  Women's,false,Diamond Wedding Bands  -  Women's,,161,Shy Creation,,,,,,,,,,g,,361.20,active
sc55029149,,,,,,,,,,,,,,,,,,,,,,,,,,,,,,,,https://raw.githubusercontent.com/rishs-afk/JoharProductReview/main/shopify_upload/matched_images/WEB_ALT_SC41002353_SC55029149_SC22010323.JPG,2,Diamond Wedding Bands  -  Women's,,,,,,,,,,,,,,,,,,
sc55028596,Diamond Wedding Bands  -  Women's,14 Karat Solid Yellow Gold Band<br>Diamond Baguette Bezel Band<br>Diamond Total Carat Weight: 0.16,Shy Creation,Apparel & Accessories > Jewelry > Rings > Wedding Bands,Rings,"Category 110, Emerald, Everyday, For Her, For Mom, Helios Migrated, Stackable, Wedding, Wedding Bands",true,Material,14 Karat Gold,,Stone Type,Natural Diamond,,Metal Color,Yellow Gold,,SC55028596,0.0,shopify,0,deny,manual,1100.00,,true,true,,,,,,https://raw.githubusercontent.com/rishs-afk/JoharProductReview/main/shopify_upload/matched_images/SC55028596.JPG,1,Diamond Wedding Bands  -  Women's,false,Diamond Wedding Bands  -  Women's,,161,Shy Creation,,,,,,,,,,g,,384.85,active
sc55028596,,,,,,,,,,,,,,,,,,,,,,,,,,,,,,,,https://raw.githubusercontent.com/rishs-afk/JoharProductReview/main/shopify_upload/matched_images/WEB_ALT_SC55028679_SC55028596.JPG,2,Diamond Wedding Bands  -  Women's,,,,,,,,,,,,,,,,,,
sc22004432,Diamond Wedding Bands  -  Women's,14 Karat Yellow Gold Pave Diamond Band<br>Diamond Carat Weight: 0.55CT<br>Band Thickness 3mm,Shy Creation,Apparel & Accessories > Jewelry > Rings > Wedding Bands,Rings,"Category 110, Everyday, For Her, For Mom, Helios Migrated, Round, Stackable, Wedding, Wedding Bands",true,Material,14 Karat Gold,,Stone Type,Natural Diamond,,Metal Color,Yellow Gold,,SC22004432,0.0,shopify,0,deny,manual,2200.00,,true,true,,,,,,https://raw.githubusercontent.com/rishs-afk/JoharProductReview/main/shopify_upload/matched_images/SC22004432C.JPG,1,Diamond Wedding Bands  -  Women's,false,Diamond Wedding Bands  -  Women's,,499,Shy Creation,,,,,,,,,,g,,599.85,active
sc22004432,,,,,,,,,,,,,,,,,,,,,,,,,,,,,,,,https://raw.githubusercontent.com/rishs-afk/JoharProductReview/main/shopify_upload/matched_images/SC22004432B.JPG,2,Diamond Wedding Bands  -  Women's,,,,,,,,,,,,,,,,,,
sc22004432,,,,,,,,,,,,,,,,,,,,,,,,,,,,,,,,https://raw.githubusercontent.com/rishs-afk/JoharProductReview/main/shopify_upload/matched_images/SC22004432.JPG,3,Diamond Wedding Bands  -  Women's,,,,,,,,,,,,,,,,,,
sc22004432,,,,,,,,,,,,,,,,,,,,,,,,,,,,,,,,https://raw.githubusercontent.com/rishs-afk/JoharProductReview/main/shopify_upload/matched_images/SC22004432D.JPG,4,Diamond Wedding Bands  -  Women's,,,,,,,,,,,,,,,,,,
wb16568r8y44jj,Diamond Wedding Bands  -  Women's,14 Karat Yellow Gold Diamond Pave Band<br>Diamond Carat Weight: 0.35CT<br>Band Thickness 2.2mm<br>S1926892 #106,Gabriel & Co,Apparel & Accessories > Jewelry > Rings > Wedding Bands,Rings,"Category 110, Everyday, For Her, Helios Migrated, Round, Stackable, Wedding, Wedding Bands",true,Material,14 Karat Gold,,Stone Type,Natural Diamond,,Metal Color,Yellow Gold,,WB16568R8Y44JJ,0.0,shopify,0,deny,manual,2125.00,,true,true,,,,,,https://raw.githubusercontent.com/rishs-afk/JoharProductReview/main/shopify_upload/matched_images/WB16568R8Y44JJ-4.jpg,1,Diamond Wedding Bands  -  Women's,false,Diamond Wedding Bands  -  Women's,,626,Gabriel & Co.,,,,,,,,,,g,,631.00,active
wb16568r8y44jj,,,,,,,,,,,,,,,,,,,,,,,,,,,,,,,,https://raw.githubusercontent.com/rishs-afk/JoharProductReview/main/shopify_upload/matched_images/WB16568R8Y44JJ-1.jpg,2,Diamond Wedding Bands  -  Women's,,,,,,,,,,,,,,,,,,
wb16568r8y44jj,,,,,,,,,,,,,,,,,,,,,,,,,,,,,,,,https://raw.githubusercontent.com/rishs-afk/JoharProductReview/main/shopify_upload/matched_images/WB16568R8Y44JJ-2.jpg,3,Diamond Wedding Bands  -  Women's,,,,,,,,,,,,,,,,,,
wb16568r8y44jj,,,,,,,,,,,,,,,,,,,,,,,,,,,,,,,,https://raw.githubusercontent.com/rishs-afk/JoharProductReview/main/shopify_upload/matched_images/WB16568R8Y44JJ-3.jpg,4,Diamond Wedding Bands  -  Women's,,,,,,,,,,,,,,,,,,
lr51696w45jj,Diamond Wedding Bands  -  Women's,<p>14KWG 0.40CT S1910142 #57</p>,Gabriel & Co,Apparel & Accessories > Jewelry > Rings > Wedding Bands,Rings,"Category 110, Everyday, For Her, Helios Migrated, Round, Stackable, Wedding, Wedding Bands",true,Material,14 Karat Gold,,Stone Type,Natural Diamond,,Metal Color,White Gold,,LR51696W45JJ,0.0,shopify,0,deny,manual,1700.00,,true,true,,,,,,https://raw.githubusercontent.com/rishs-afk/JoharProductReview/main/shopify_upload/matched_images/LR51696W45JJ-4.jpg,1,Diamond Wedding Bands  -  Women's,false,Diamond Wedding Bands  -  Women's,,629,Gabriel & Co.,,,,,,,,,,g,,589.00,active
lr51696w45jj,,,,,,,,,,,,,,,,,,,,,,,,,,,,,,,,https://raw.githubusercontent.com/rishs-afk/JoharProductReview/main/shopify_upload/matched_images/LR51696W45JJ-1.jpg,2,Diamond Wedding Bands  -  Women's,,,,,,,,,,,,,,,,,,
lr51696w45jj,,,,,,,,,,,,,,,,,,,,,,,,,,,,,,,,https://raw.githubusercontent.com/rishs-afk/JoharProductReview/main/shopify_upload/matched_images/LR51696W45JJ-3.jpg,3,Diamond Wedding Bands  -  Women's,,,,,,,,,,,,,,,,,,
lr51696w45jj,,,,,,,,,,,,,,,,,,,,,,,,,,,,,,,,https://raw.githubusercontent.com/rishs-afk/JoharProductReview/main/shopify_upload/matched_images/LR51696W45JJ-2.jpg,4,Diamond Wedding Bands  -  Women's,,,,,,,,,,,,,,,,,,
lr51696w45jj,,,,,,,,,,,,,,,,,,,,,,,,,,,,,,,,https://raw.githubusercontent.com/rishs-afk/JoharProductReview/main/shopify_upload/matched_images/LR51696W45JJ-5.jpg,5,Diamond Wedding Bands  -  Women's,,,,,,,,,,,,,,,,,,
lr50886y45jj,Diamond Wedding Bands  -  Women's,Twisted Diamond Band<br>Sandblast Finish<br>14 Karat Yellow Gold<br>Diamond Total Carat Weight: 0.20<br>S1838692 #6,Gabriel & Co,Apparel & Accessories > Jewelry > Rings > Wedding Bands,Rings,"Category 110, Everyday, For Her, Helios Migrated, Round, Stackable, Wedding, Wedding Bands",true,Material,14 Karat Gold,,Stone Type,Natural Diamond,,Metal Color,Yellow Gold,,LR50886Y45JJ,0.0,shopify,0,deny,manual,1575.00,,true,true,,,,,,https://raw.githubusercontent.com/rishs-afk/JoharProductReview/main/shopify_upload/matched_images/LR50886Y45JJ-4.jpg,1,Diamond Wedding Bands  -  Women's,false,Diamond Wedding Bands  -  Women's,,629,Gabriel & Co.,,,,,,,,,,g,,489.00,active
lr50886y45jj,,,,,,,,,,,,,,,,,,,,,,,,,,,,,,,,https://raw.githubusercontent.com/rishs-afk/JoharProductReview/main/shopify_upload/matched_images/LR50886Y45JJ-1.jpg,2,Diamond Wedding Bands  -  Women's,,,,,,,,,,,,,,,,,,
lr50886y45jj,,,,,,,,,,,,,,,,,,,,,,,,,,,,,,,,https://raw.githubusercontent.com/rishs-afk/JoharProductReview/main/shopify_upload/matched_images/LR50886Y45JJ-3.jpg,3,Diamond Wedding Bands  -  Women's,,,,,,,,,,,,,,,,,,
lr50886y45jj,,,,,,,,,,,,,,,,,,,,,,,,,,,,,,,,https://raw.githubusercontent.com/rishs-afk/JoharProductReview/main/shopify_upload/matched_images/LR50886Y45JJ-2.jpg,4,Diamond Wedding Bands  -  Women's,,,,,,,,,,,,,,,,,,
lr50886y45jj,,,,,,,,,,,,,,,,,,,,,,,,,,,,,,,,https://raw.githubusercontent.com/rishs-afk/JoharProductReview/main/shopify_upload/matched_images/LR50886Y45JJ-5.jpg,5,Diamond Wedding Bands  -  Women's,,,,,,,,,,,,,,,,,,
sc22005397,Diamond Wedding Bands  -  Women's,14 Karat Yellow Gold Pave Diamond Band<br>Diamond Carat Weight: 0.90CT<br>Band Thickness 3.5mm,Shy Creation,Apparel & Accessories > Jewelry > Rings > Wedding Bands,Rings,"Category 110, Everyday, For Her, For Mom, Helios Migrated, Round, Stackable, Statement, Wedding, Wedding Bands",true,Material,14 Karat Gold,,Stone Type,Natural Diamond,,Metal Color,Yellow Gold,,SC22005397,0.0,shopify,0,deny,manual,3300.00,,true,true,,,,,,https://raw.githubusercontent.com/rishs-afk/JoharProductReview/main/shopify_upload/matched_images/SC22005397B.JPG,1,Diamond Wedding Bands  -  Women's,false,Diamond Wedding Bands  -  Women's,,943,Shy Creation,,,,,,,,,,g,,1118.00,active
sc22005397,,,,,,,,,,,,,,,,,,,,,,,,,,,,,,,,https://raw.githubusercontent.com/rishs-afk/JoharProductReview/main/shopify_upload/matched_images/SC22005397.JPG,2,Diamond Wedding Bands  -  Women's,,,,,,,,,,,,,,,,,,
sc22005397,,,,,,,,,,,,,,,,,,,,,,,,,,,,,,,,https://raw.githubusercontent.com/rishs-afk/JoharProductReview/main/shopify_upload/matched_images/SC22005397C.JPG,3,Diamond Wedding Bands  -  Women's,,,,,,,,,,,,,,,,,,
sc22005624,Diamond Wedding Bands  -  Women's,14 Karat Solid Rose Gold<br>Kate Collection<br>Diamond Fashion Ring<br>Diamond Total Carat Weight: 0.10,Shy Creation,Apparel & Accessories > Jewelry > Rings > Wedding Bands,Rings,"Category 110, Everyday, For Her, For Mom, Helios Migrated, Round, Stackable, Wedding, Wedding Bands",true,Material,14 Karat Gold,,Stone Type,Natural Diamond,,Metal Color,Rose Gold,,SC22005624,0.0,shopify,0,deny,manual,900.00,,true,true,,,,,,https://raw.githubusercontent.com/rishs-afk/JoharProductReview/main/shopify_upload/matched_images/SC22005624.JPG,1,Diamond Wedding Bands  -  Women's,false,Diamond Wedding Bands  -  Women's,,1465,Shy Creation,,,,,,,,,,g,,191.78,active
lr53018mzjjj,Silver Rings Without Stones,Sterling Silver &amp; 14 Karat Yellow Gold Ring<br>Silver Bujukan Beads &amp; Yellow Gold Infinity<br>S2292935 #107,Gabriel & Co,,Rings,"Category 620, Everyday, Fashion Ring, For Her, For Mom, Helios Migrated, Statement",true,Material,14 Karat Gold,,Metal Color,Sterling Siver,,,,,LR53018MZJJJ,0.0,shopify,0,deny,manual,350.00,,true,true,,,,,,https://raw.githubusercontent.com/rishs-afk/JoharProductReview/main/shopify_upload/matched_images/LR53018MZJJJ-1.png,1,Silver Rings Without Stones,false,Silver Rings Without Stones,,,Gabriel & Co.,,,,,,,,,,g,,125.00,active
lr53018mzjjj,,,,,,,,,,,,,,,,,,,,,,,,,,,,,,,,https://raw.githubusercontent.com/rishs-afk/JoharProductReview/main/shopify_upload/matched_images/LR53018MZJJJ-3.png,2,Silver Rings Without Stones,,,,,,,,,,,,,,,,,,
lr53018mzjjj,,,,,,,,,,,,,,,,,,,,,,,,,,,,,,,,https://raw.githubusercontent.com/rishs-afk/JoharProductReview/main/shopify_upload/matched_images/LR53018MZJJJ-5.png,3,Silver Rings Without Stones,,,,,,,,,,,,,,,,,,
nk8144y4jjj,Precious Metal (No Stones) Necklaces,14 Karat Solid Yellow Gold Infinity Necklace<br>Diamond Cut Infinity<br>Necklace Length: 18 Inch Adjustable<br>S2292867 #98,Gabriel & Co,Apparel & Accessories > Jewelry > Necklaces,Necklaces,"Category 431, Everyday, For Her, For Mom, Helios Migrated, Necklace, Stackable",true,Material,14 Karat Gold,,Metal Color,Yellow Gold,,,,,NK8144Y4JJJ,0.0,shopify,0,deny,manual,1024.00,,true,true,,,,,,https://raw.githubusercontent.com/rishs-afk/JoharProductReview/main/shopify_upload/matched_images/NK8144Y4JJJ-2.png,1,Precious Metal (No Stones) Necklaces,false,Precious Metal (No Stones) Necklaces,,,Gabriel & Co.,,,,,,,,,,g,,378.00,active
nk8144y4jjj,,,,,,,,,,,,,,,,,,,,,,,,,,,,,,,,https://raw.githubusercontent.com/rishs-afk/JoharProductReview/main/shopify_upload/matched_images/NK8144Y4JJJ-1.png,2,Precious Metal (No Stones) Necklaces,,,,,,,,,,,,,,,,,,
nk8144y4jjj,,,,,,,,,,,,,,,,,,,,,,,,,,,,,,,,https://raw.githubusercontent.com/rishs-afk/JoharProductReview/main/shopify_upload/matched_images/NK8144Y4JJJ-3.png,3,Precious Metal (No Stones) Necklaces,,,,,,,,,,,,,,,,,,
nk8153mzjjj,Silver Chains,Sterling Silver With 14 Karat Solid Yellow Gold Necklace<br>Silver Infinity With Solid Gold Hearts<br>Necklace Length: 18 Inch<br>S2292937 #95,Gabriel & Co,Apparel & Accessories > Jewelry > Necklaces,"Necklaces, Anklets","Category 600, Everyday, For Her, For Mom, Helios Migrated, Necklace, Stackable",true,Material,14 Karat Gold,,Metal Color,Sterling Siver,,,,,NK8153MZJJJ,0.0,shopify,0,deny,manual,285.00,,true,true,,,,,,https://raw.githubusercontent.com/rishs-afk/JoharProductReview/main/shopify_upload/matched_images/NK8153MZJJJ-2.png,1,Silver Chains,false,Silver Chains,,,Gabriel & Co.,,,,,,,,,,g,,98.00,active
nk8153mzjjj,,,,,,,,,,,,,,,,,,,,,,,,,,,,,,,,https://raw.githubusercontent.com/rishs-afk/JoharProductReview/main/shopify_upload/matched_images/NK8153MZJJJ-1.png,2,Silver Chains,,,,,,,,,,,,,,,,,,
nk8153mzjjj,,,,,,,,,,,,,,,,,,,,,,,,,,,,,,,,https://raw.githubusercontent.com/rishs-afk/JoharProductReview/main/shopify_upload/matched_images/NK8153MZJJJ-3.png,3,Silver Chains,,,,,,,,,,,,,,,,,,
lr53009m84jj,Diamond Fashion Rings - Women's,18 Karat Solid Yellow &amp; White Gold Diamond Floral Band<br>Contemporary Floral Bujukan Band<br>Total Diamond Carat Weight: 0.37CT<br>S2292938 #93,Gabriel & Co,Apparel & Accessories > Jewelry > Rings,Rings,"Anniversary Bands, Category 130, Fashion Ring, For Her, For Mom, Helios Migrated, Round, Statement",true,Material,18 Karat Gold,,Stone Type,Natural Diamond,,Metal Color,Yellow Gold,,LR53009M84JJ,0.0,shopify,0,deny,manual,6598.00,,true,true,,,,,,https://raw.githubusercontent.com/rishs-afk/JoharProductReview/main/shopify_upload/matched_images/LR53009M84JJ-1.png,1,Diamond Fashion Rings - Women's,false,Diamond Fashion Rings - Women's,,,Gabriel & Co.,,,,,,,,,,g,,1755.00,active
lr53009m84jj,,,,,,,,,,,,,,,,,,,,,,,,,,,,,,,,https://raw.githubusercontent.com/rishs-afk/JoharProductReview/main/shopify_upload/matched_images/LR53009M84JJ-3.png,2,Diamond Fashion Rings - Women's,,,,,,,,,,,,,,,,,,
lr53009m84jj,,,,,,,,,,,,,,,,,,,,,,,,,,,,,,,,https://raw.githubusercontent.com/rishs-afk/JoharProductReview/main/shopify_upload/matched_images/LR53009M84JJ-5.png,3,Diamond Fashion Rings - Women's,,,,,,,,,,,,,,,,,,
an16879y44jj,Diamond Wedding Bands  -  Women's,14 Karat Solid Yellow Gold Diamond Band<br>Contemporary Marquise And Round<br>Diamond Carat Weight: 0.60CT<br>Diamond Shape: Marquise &amp; Round<br>S2292945 #71,Gabriel & Co,Apparel & Accessories > Jewelry > Rings > Wedding Bands,Rings,"Category 110, For Her, For Mom, Helios Migrated, Marquise, Round, Stackable, Statement, Wedding, Wedding Bands",true,Material,14 Karat Gold,,Stone Type,Natural Diamond,,Metal Color,Yellow Gold,,AN16879Y44JJ,0.0,shopify,0,deny,manual,3604.00,,true,true,,,,,,https://raw.githubusercontent.com/rishs-afk/JoharProductReview/main/shopify_upload/matched_images/AN16879Y44JJ-4.png,1,Diamond Wedding Bands  -  Women's,false,Diamond Wedding Bands  -  Women's,,,Gabriel & Co.,,,,,,,,,,g,,1485.00,active
an16879y44jj,,,,,,,,,,,,,,,,,,,,,,,,,,,,,,,,https://raw.githubusercontent.com/rishs-afk/JoharProductReview/main/shopify_upload/matched_images/AN16879Y44JJ-1.png,2,Diamond Wedding Bands  -  Women's,,,,,,,,,,,,,,,,,,
an16879y44jj,,,,,,,,,,,,,,,,,,,,,,,,,,,,,,,,https://raw.githubusercontent.com/rishs-afk/JoharProductReview/main/shopify_upload/matched_images/AN16879Y44JJ-2.png,3,Diamond Wedding Bands  -  Women's,,,,,,,,,,,,,,,,,,
an16879y44jj,,,,,,,,,,,,,,,,,,,,,,,,,,,,,,,,https://raw.githubusercontent.com/rishs-afk/JoharProductReview/main/shopify_upload/matched_images/AN16879Y44JJ-3.png,4,Diamond Wedding Bands  -  Women's,,,,,,,,,,,,,,,,,,
an16853y43jj,Diamond Wedding Bands  -  Women's,14 Karat Solid Yellow Gold Diamond Cigar Band<br>5 Stone Burnish Marquise Band 2.6mm<br>Diamond Carat Weight: 0.16CT<br>Diamond Shape: Marquise<br>S2292946 #69,Gabriel & Co,Apparel & Accessories > Jewelry > Rings > Wedding Bands,Rings,"Category 110, Everyday, For Her, For Mom, Helios Migrated, Marquise, Stackable, Wedding, Wedding Bands",true,Material,14 Karat Gold,,Stone Type,Natural Diamond,,Metal Color,Yellow Gold,,AN16853Y43JJ,0.0,shopify,0,deny,manual,1923.00,,true,true,,,,,,https://raw.githubusercontent.com/rishs-afk/JoharProductReview/main/shopify_upload/matched_images/AN16853Y43JJ-1.png,1,Diamond Wedding Bands  -  Women's,false,Diamond Wedding Bands  -  Women's,,,Gabriel & Co.,,,,,,,,,,g,,775.00,active
an16853y43jj,,,,,,,,,,,,,,,,,,,,,,,,,,,,,,,,https://raw.githubusercontent.com/rishs-afk/JoharProductReview/main/shopify_upload/matched_images/AN16853Y43JJ-3.png,2,Diamond Wedding Bands  -  Women's,,,,,,,,,,,,,,,,,,
lr53016y4jjj,Precious Metal (No Stones) Fashion Rings - Women's,14 Karat Solid Yellow Gold Ring<br>Heart Infinity Contemporary<br>S2292936 #96,Gabriel & Co,Apparel & Accessories > Jewelry > Rings,Rings,"Category 410, Everyday, Fashion Ring, For Her, For Mom, Helios Migrated, Statement",true,Material,14 Karat Gold,,Metal Color,Yellow Gold,,,,,LR53016Y4JJJ,0.0,shopify,0,deny,manual,1100.00,,true,true,,,,,,https://raw.githubusercontent.com/rishs-afk/JoharProductReview/main/shopify_upload/matched_images/LR53016Y4JJJ-1.png,1,Precious Metal (No Stones) Fashion Rings - Women's,false,Precious Metal (No Stones) Fashion Rings - Women's,,,Gabriel & Co.,,,,,,,,,,g,,395.00,active
lr53016y4jjj,,,,,,,,,,,,,,,,,,,,,,,,,,,,,,,,https://raw.githubusercontent.com/rishs-afk/JoharProductReview/main/shopify_upload/matched_images/LR53016Y4JJJ-3.png,2,Precious Metal (No Stones) Fashion Rings - Women's,,,,,,,,,,,,,,,,,,
lr53016y4jjj,,,,,,,,,,,,,,,,,,,,,,,,,,,,,,,,https://raw.githubusercontent.com/rishs-afk/JoharProductReview/main/shopify_upload/matched_images/LR53016Y4JJJ-5.png,3,Precious Metal (No Stones) Fashion Rings - Women's,,,,,,,,,,,,,,,,,,
